driverId,truckId,eventDate,eventType,longitude,latitude
14,25,2016-05-27-22,Normal,-94.58,37.03
18,16,2016-05-27-22,Normal,-89.66,39.78
27,105,2016-05-27-22,Normal,-90.21,38.65
11,74,2016-05-27-22,Normal,-90.2,38.65
22,87,2016-05-27-22,Normal,-90.04,35.19
22,87,2016-05-27-22,Normal,-90.37,35.21
23,68,2016-05-27-22,Normal,-89.91,40.86
11,74,2016-05-27-22,Normal,-89.74,39.1
20,41,2016-05-27-22,Normal,-93.36,41.69
32,42,2016-05-27-22,Normal,-90.37,35.21
27,105,2016-05-27-22,Normal,-90.41,38.75
17,15,2016-05-27-22,Normal,-90.55,38.81
14,25,2016-05-27-22,Normal,-94.31,37.31
28,39,2016-05-27-22,Normal,-89.96,39.74
15,51,2016-05-27-22,Normal,-90.68,35.12
16,12,2016-05-27-22,Normal,-90.29,40.96
31,18,2016-05-27-22,Normal,-94.31,37.31
25,96,2016-05-27-22,Normal,-90.24,38.0
14,25,2016-05-27-22,Normal,-94.3,37.66
22,87,2016-05-27-22,Normal,-90.94,35.03
32,42,2016-05-27-22,Normal,-90.94,35.03
24,97,2016-05-27-22,Normal,-89.17,40.38
25,96,2016-05-27-22,Normal,-90.0,37.72
29,66,2016-05-27-22,Normal,-97.37,36.91
22,87,2016-05-27-22,Normal,-91.14,34.96
18,16,2016-05-27-22,Normal,-90.24,39.72
19,26,2016-05-27-22,Normal,-97.37,36.91
26,57,2016-05-27-22,Normal,-90.86,38.46
16,12,2016-05-27-22,Normal,-90.7,41.62
21,109,2016-05-27-22,Normal,-94.35,38.33
13,89,2016-05-27-22,Normal,-92.19,41.74
19,26,2016-05-27-22,Normal,-97.37,36.79
27,105,2016-05-27-22,Normal,-90.93,38.82
25,96,2016-05-27-22,Normal,-89.56,37.2
23,68,2016-05-27-22,Normal,-91.32,41.71
22,87,2016-05-27-22,Normal,-91.74,34.89
10,85,2016-05-27-22,Normal,-91.18,38.22
28,39,2016-05-27-22,Normal,-90.37,39.71
26,57,2016-05-27-22,Normal,-91.18,38.22
25,96,2016-05-27-22,Normal,-89.54,36.84
23,68,2016-05-27-22,Normal,-91.47,41.74
13,89,2016-05-27-22,Normal,-91.59,41.7
27,105,2016-05-27-22,Normal,-91.19,38.83
28,39,2016-05-27-22,Normal,-90.52,39.71
25,96,2016-05-27-22,Normal,-89.65,36.37
24,97,2016-05-27-22,Normal,-87.67,41.87
30,58,2016-05-27-22,Normal,-91.59,41.7
11,74,2016-05-27-22,Normal,-87.67,41.87
23,68,2016-05-27-22,Normal,-91.63,41.72
13,89,2016-05-27-22,Normal,-91.24,41.67
16,12,2016-05-27-22,Normal,-91.63,41.72
15,51,2016-05-27-22,Normal,-92.09,34.8
12,104,2016-05-27-22,Normal,-90.07,35.68
17,15,2016-05-27-22,Normal,-91.56,38.93
27,105,2016-05-27-22,Normal,-91.56,38.93
13,89,2016-05-27-22,Normal,-90.82,41.66
16,12,2016-05-27-22,Normal,-91.78,42.23
23,68,2016-05-27-22,Normal,-91.78,42.23
11,74,2016-05-27-22,Normal,-88.42,41.11
22,87,2016-05-27-22,Normal,-92.31,34.78
21,109,2016-05-27-22,Normal,-94.38,38.99
13,89,2016-05-27-22,Normal,-90.64,41.56
16,12,2016-05-27-22,Normal,-91.78,42.23
17,15,2016-05-27-22,Normal,-92.03,38.97
23,68,2016-05-27-22,Normal,-91.63,41.72
32,42,2016-05-27-22,Normal,-92.09,34.8
13,89,2016-05-27-22,Normal,-90.2,41.59
24,97,2016-05-27-22,Normal,-88.77,40.76
16,12,2016-05-27-22,Normal,-91.63,41.72
29,66,2016-05-27-22,Normal,-96.21,36.19
11,74,2016-05-27-22,Normal,-89.17,40.38
19,26,2016-05-27-22,Normal,-96.21,36.19
32,42,2016-05-27-22,Normal,-91.93,34.81
30,58,2016-05-27-22,Normal,-89.88,41.77
29,66,2016-05-27-22,Normal,-95.99,36.17
26,57,2016-05-27-22,Normal,-92.08,37.81
28,39,2016-05-27-22,Normal,-91.59,39.68
19,26,2016-05-27-22,Normal,-95.99,36.17
21,109,2016-05-27-22,Normal,-94.37,38.0
29,66,2016-05-27-22,Normal,-95.76,36.08
30,58,2016-05-27-22,Normal,-89.6,41.76
15,51,2016-05-27-22,Normal,-91.74,34.89
32,42,2016-05-27-22,Normal,-91.38,34.83
19,26,2016-05-27-22,Normal,-95.76,36.08
14,25,2016-05-27-22,Normal,-94.3,37.66
26,57,2016-05-27-22,Normal,-92.48,37.8
16,12,2016-05-27-22,Normal,-91.05,41.72
15,51,2016-05-27-22,Normal,-91.38,34.83
10,85,2016-05-27-22,Normal,-92.61,37.7
31,18,2016-05-27-22,Normal,-94.31,37.31
29,66,2016-05-27-22,Normal,-95.42,35.87
15,51,2016-05-27-22,Normal,-91.14,34.96
12,104,2016-05-27-22,Normal,-89.65,36.37
20,41,2016-05-27-22,Normal,-88.96,42.25
31,18,2016-05-27-22,Normal,-94.46,37.16
27,105,2016-05-27-22,Normal,-92.85,38.93
14,25,2016-05-27-22,Normal,-94.46,37.16
26,57,2016-05-27-22,Normal,-92.74,37.6
18,16,2016-05-27-22,Normal,-92.42,39.76
31,18,2016-05-27-22,Normal,-94.58,37.03
19,26,2016-05-27-22,Normal,-95.3,35.64
21,109,2016-05-27-22,Normal,-94.58,37.03
26,57,2016-05-27-22,Normal,-92.89,37.51
23,68,2016-05-27-22,Normal,-89.91,40.86
12,104,2016-05-27-22,Normal,-89.56,37.2
11,74,2016-05-27-22,Normal,-89.63,39.84
28,39,2016-05-27-22,Normal,-92.57,39.77
32,42,2016-05-27-22,Normal,-90.37,35.21
25,96,2016-05-27-22,Normal,-89.56,37.2
22,87,2016-05-27-22,Normal,-90.04,35.19
21,109,2016-05-27-22,Normal,-94.46,37.16
28,39,2016-05-27-22,Normal,-92.74,39.76
32,42,2016-05-27-22,Normal,-90.04,35.19
16,12,2016-05-27-22,Normal,-89.52,40.7
15,51,2016-05-27-22,Normal,-90.04,35.19
11,74,2016-05-27-22,Normal,-88.77,40.76
10,85,2016-05-27-22,Normal,-93.34,37.21
32,42,2016-05-27-22,Normal,-90.04,35.19
13,89,2016-05-27-22,Normal,-87.66,41.89
20,41,2016-05-27-22,Normal,-87.66,41.89
23,68,2016-05-27-22,Normal,-89.91,40.86
30,58,2016-05-27-22,Normal,-87.66,41.89
31,18,2016-05-27-22,Normal,-94.3,37.66
32,42,2016-05-27-22,Normal,-90.37,35.21
13,89,2016-05-27-22,Normal,-87.66,41.89
23,68,2016-05-27-22,Normal,-90.29,40.96
26,57,2016-05-27-22,Normal,-93.69,37.16
16,12,2016-05-27-22,Normal,-89.91,40.86
32,42,2016-05-27-22,Normal,-90.68,35.12
17,15,2016-05-27-22,Normal,-94.0,39.03
20,41,2016-05-27-22,Normal,-88.41,42.11
23,68,2016-05-27-22,Normal,-90.44,41.54
15,51,2016-05-27-22,Normal,-90.68,35.12
29,66,2016-05-27-22,Normal,-93.61,35.51
21,109,2016-05-27-22,Normal,-94.35,38.33
28,39,2016-05-27-22,Normal,-93.6,39.77
13,89,2016-05-27-22,Normal,-88.41,42.11
23,68,2016-05-27-22,Normal,-90.7,41.62
19,26,2016-05-27-22,Normal,-93.36,35.4
18,16,2016-05-27-22,Normal,-93.93,39.76
11,74,2016-05-27-22,Normal,-87.67,41.87
25,96,2016-05-27-22,Normal,-90.15,38.62
20,41,2016-05-27-22,Normal,-88.96,42.25
26,57,2016-05-27-22,Normal,-94.54,37.02
16,12,2016-05-27-22,Normal,-90.7,41.62
18,16,2016-05-27-22,Normal,-94.15,39.77
10,85,2016-05-27-22,Normal,-94.83,36.84
24,97,2016-05-27-22,Normal,-88.07,41.48
13,89,2016-05-27-22,Normal,-88.96,42.25
23,68,2016-05-27-22,Normal,-91.32,41.71
21,109,2016-05-27-22,Normal,-94.59,39.1
20,41,2016-05-27-22,Normal,-89.29,41.85
28,39,2016-05-27-22,Normal,-94.25,39.73
30,58,2016-05-27-22,Normal,-88.96,42.25
13,89,2016-05-27-22,Normal,-89.03,41.92
29,66,2016-05-27-22,Normal,-92.53,35.15
18,16,2016-05-27-22,Normal,-94.24,39.63
28,39,2016-05-27-22,Normal,-94.24,39.63
30,58,2016-05-27-22,Normal,-89.03,41.92
11,74,2016-05-27-22,Normal,-88.77,40.76
23,68,2016-05-27-22,Normal,-91.63,41.72
15,51,2016-05-27-22,Normal,-91.93,34.81
16,12,2016-05-27-22,Normal,-91.47,41.74
17,15,2016-05-27-22,Normal,-94.16,39.04
10,85,2016-05-27-22,Normal,-95.35,36.47
23,68,2016-05-27-22,Normal,-91.78,42.23
13,89,2016-05-27-22,Normal,-89.6,41.76
12,104,2016-05-27-22,Normal,-89.56,37.2
19,26,2016-05-27-22,Normal,-92.25,34.75
10,85,2016-05-27-22,Overspeed,-95.5,36.37
11,74,2016-05-27-22,Unsafe tail distance,-89.63,39.84
23,68,2016-05-27-22,Normal,-91.78,42.23
21,109,2016-05-27-22,Normal,-94.35,38.33
26,57,2016-05-27-22,Normal,-95.5,36.37
17,15,2016-05-27-22,Normal,-93.85,39.01
25,96,2016-05-27-22,Normal,-89.54,36.84
16,12,2016-05-27-22,Normal,-91.78,42.23
11,74,2016-05-27-22,Normal,-89.74,39.1
22,87,2016-05-27-22,Normal,-92.09,34.8
10,85,2016-05-27-22,Normal,-95.76,36.18
17,15,2016-05-27-22,Normal,-93.65,39.0
18,16,2016-05-27-22,Normal,-94.57,39.15
32,42,2016-05-27-22,Normal,-92.09,34.8
31,18,2016-05-27-22,Normal,-94.3,37.66
21,109,2016-05-27-22,Normal,-94.3,37.66
26,57,2016-05-27-22,Normal,-95.76,36.18
18,16,2016-05-27-22,Normal,-94.57,39.15
24,97,2016-05-27-22,Normal,-90.2,38.65
25,96,2016-05-27-22,Normal,-89.8,35.94
15,51,2016-05-27-22,Normal,-91.93,34.81
10,85,2016-05-27-22,Normal,-95.99,36.17
26,57,2016-05-27-22,Normal,-95.99,36.17
25,96,2016-05-27-22,Normal,-90.07,35.68
24,97,2016-05-27-22,Normal,-89.74,39.1
21,109,2016-05-27-22,Normal,-94.46,37.16
27,105,2016-05-27-22,Normal,-93.2,38.98
26,57,2016-05-27-22,Normal,-95.99,36.17
32,42,2016-05-27-22,Normal,-91.38,34.83
24,97,2016-05-27-22,Normal,-89.63,39.84
12,104,2016-05-27-22,Normal,-90.07,35.1
28,39,2016-05-27-22,Normal,-94.36,39.37
27,105,2016-05-27-22,Normal,-93.01,38.97
31,18,2016-05-27-22,Normal,-94.58,37.03
19,26,2016-05-27-22,Normal,-93.36,35.4
30,58,2016-05-27-22,Normal,-91.59,41.7
21,109,2016-05-27-22,Normal,-94.58,37.03
26,57,2016-05-27-22,Normal,-95.69,36.25
29,66,2016-05-27-22,Normal,-93.61,35.51
17,15,2016-05-27-22,Normal,-92.63,38.95
24,97,2016-05-27-22,Normal,-88.77,40.76
14,25,2016-05-27-22,Normal,-94.58,37.03
12,104,2016-05-27-22,Normal,-90.24,35.35
27,105,2016-05-27-22,Normal,-92.63,38.95
17,15,2016-05-27-22,Normal,-92.53,38.98
31,18,2016-05-27-22,Normal,-94.46,37.16
14,25,2016-05-27-22,Normal,-94.46,37.16
25,96,2016-05-27-22,Normal,-90.24,35.35
13,89,2016-05-27-22,Normal,-92.4,41.78
26,57,2016-05-27-22,Normal,-95.35,36.47
27,105,2016-05-27-22,Normal,-92.53,38.98
22,87,2016-05-27-22,Normal,-90.37,35.21
30,58,2016-05-27-22,Normal,-92.4,41.78
23,68,2016-05-27-22,Normal,-89.52,40.7
26,57,2016-05-27-22,Normal,-95.14,36.66
10,85,2016-05-27-22,Normal,-95.01,36.73
24,97,2016-05-27-22,Normal,-87.67,41.87
28,39,2016-05-27-22,Normal,-93.93,39.76
32,42,2016-05-27-22,Normal,-90.04,35.19
18,16,2016-05-27-22,Normal,-93.93,39.76
26,57,2016-05-27-22,Normal,-95.01,36.73
10,85,2016-05-27-22,Normal,-94.83,36.84
22,87,2016-05-27-22,Normal,-90.04,35.19
32,42,2016-05-27-22,Normal,-90.04,35.19
19,26,2016-05-27-22,Normal,-94.88,35.47
21,109,2016-05-27-22,Normal,-94.35,38.33
10,85,2016-05-27-22,Normal,-94.54,37.02
11,74,2016-05-27-22,Normal,-87.67,41.87
20,41,2016-05-27-22,Normal,-93.58,41.62
14,25,2016-05-27-22,Normal,-94.35,38.33
26,57,2016-05-27-22,Normal,-94.54,37.02
21,109,2016-05-27-22,Normal,-94.38,38.67
16,12,2016-05-27-22,Normal,-89.91,40.86
20,41,2016-05-27-22,Normal,-93.36,41.69
17,15,2016-05-27-22,Normal,-91.56,38.93
28,39,2016-05-27-22,Normal,-93.13,39.78
27,105,2016-05-27-22,Normal,-91.74,38.94
21,109,2016-05-27-22,Normal,-94.38,38.99
15,51,2016-05-27-22,Normal,-90.68,35.12
14,25,2016-05-27-22,Normal,-94.38,38.99
22,87,2016-05-27-22,Normal,-90.94,35.03
26,57,2016-05-27-22,Normal,-93.96,37.08
30,58,2016-05-27-22,Normal,-93.58,41.62
21,109,2016-05-27-22,Normal,-94.59,39.1
16,12,2016-05-27-22,Normal,-90.44,41.54
15,51,2016-05-27-22,Normal,-90.94,35.03
28,39,2016-05-27-22,Normal,-92.74,39.76
30,58,2016-05-27-22,Normal,-93.36,41.69
19,26,2016-05-27-22,Normal,-95.56,35.97
25,96,2016-05-27-22,Normal,-90.0,37.72
29,66,2016-05-27-22,Normal,-95.76,36.08
11,74,2016-05-27-22,Normal,-89.17,40.38
32,42,2016-05-27-22,Normal,-91.38,34.83
20,41,2016-05-27-22,Normal,-92.4,41.78
23,68,2016-05-27-22,Normal,-91.32,41.71
19,26,2016-05-27-22,Normal,-95.76,36.08
10,85,2016-05-27-22,Normal,-93.14,37.26
11,74,2016-05-27-22,Normal,-89.63,39.84
23,68,2016-05-27-22,Normal,-91.47,41.74
21,109,2016-05-27-22,Normal,-94.38,38.67
19,26,2016-05-27-22,Normal,-95.99,36.17
25,96,2016-05-27-22,Normal,-90.35,38.43
17,15,2016-05-27-22,Normal,-90.79,38.83
31,18,2016-05-27-22,Normal,-94.38,38.67
23,68,2016-05-27-22,Normal,-91.63,41.72
18,16,2016-05-27-22,Normal,-92.27,39.76
19,26,2016-05-27-22,Normal,-96.21,36.19
25,96,2016-05-27-22,Normal,-90.15,38.62
17,15,2016-05-27-22,Normal,-90.67,38.82
31,18,2016-05-27-22,Normal,-94.35,38.33
30,58,2016-05-27-22,Normal,-92.19,41.74
21,109,2016-05-27-22,Normal,-94.37,38.0
26,57,2016-05-27-22,Normal,-92.89,37.51
29,66,2016-05-27-22,Normal,-96.68,36.2
28,39,2016-05-27-22,Normal,-91.8,39.67
14,25,2016-05-27-22,Normal,-94.37,38.0
11,74,2016-05-27-22,Normal,-90.2,38.65
21,109,2016-05-27-22,Normal,-94.3,37.66
26,57,2016-05-27-22,Normal,-92.74,37.6
29,66,2016-05-27-22,Normal,-96.97,36.24
31,18,2016-05-27-22,Normal,-94.3,37.66
11,74,2016-05-27-22,Unsafe following distance,-89.74,39.1
23,68,2016-05-27-22,Normal,-91.63,41.72
12,104,2016-05-27-22,Normal,-90.0,37.72
28,39,2016-05-27-22,Normal,-91.36,39.76
29,66,2016-05-27-22,Normal,-97.14,36.41
15,51,2016-05-27-22,Normal,-92.31,34.78
22,87,2016-05-27-22,Normal,-91.93,34.81
23,68,2016-05-27-22,Normal,-91.47,41.74
16,12,2016-05-27-22,Normal,-91.63,41.72
32,42,2016-05-27-22,Normal,-91.93,34.81
31,18,2016-05-27-22,Normal,-94.46,37.16
14,25,2016-05-27-22,Normal,-94.46,37.16
22,87,2016-05-27-22,Normal,-91.74,34.89
27,105,2016-05-27-22,Normal,-90.21,38.65
28,39,2016-05-27-22,Normal,-90.97,39.72
29,66,2016-05-27-22,Normal,-97.34,36.63
32,42,2016-05-27-22,Normal,-91.74,34.89
22,87,2016-05-27-22,Normal,-91.38,34.83
11,74,2016-05-27-22,Normal,-88.77,40.76
16,12,2016-05-27-22,Normal,-91.32,41.71
24,97,2016-05-27-22,Normal,-88.07,41.48
32,42,2016-05-27-22,Normal,-91.38,34.83
20,41,2016-05-27-22,Normal,-89.6,41.76
25,96,2016-05-27-22,Normal,-89.56,37.2
11,74,2016-05-27-22,Normal,-88.42,41.11
27,105,2016-05-27-22,Normal,-90.41,38.75
10,85,2016-05-27-22,Normal,-91.69,37.99
22,87,2016-05-27-22,Normal,-90.94,35.03
15,51,2016-05-27-22,Normal,-91.38,34.83
25,96,2016-05-27-22,Normal,-89.54,36.84
30,58,2016-05-27-22,Normal,-89.88,41.77
17,15,2016-05-27-22,Normal,-90.67,38.82
10,85,2016-05-27-22,Normal,-91.55,38.04
31,18,2016-05-27-22,Normal,-94.31,37.31
27,105,2016-05-27-22,Normal,-90.67,38.82
15,51,2016-05-27-22,Normal,-91.14,34.96
26,57,2016-05-27-22,Normal,-91.55,38.04
23,68,2016-05-27-22,Normal,-90.29,40.96
24,97,2016-05-27-22,Normal,-88.07,41.48
32,42,2016-05-27-22,Normal,-90.68,35.12
30,58,2016-05-27-22,Normal,-89.29,41.85
11,74,2016-05-27-22,Normal,-87.67,41.87
12,104,2016-05-27-22,Normal,-90.24,35.35
28,39,2016-05-27-22,Normal,-90.24,39.72
10,85,2016-05-27-22,Normal,-91.3,38.14
31,18,2016-05-27-22,Normal,-94.37,38.0
27,105,2016-05-27-22,Normal,-90.93,38.82
26,57,2016-05-27-22,Normal,-91.3,38.14
14,25,2016-05-27-22,Normal,-94.37,38.0
24,97,2016-05-27-22,Normal,-88.77,40.76
32,42,2016-05-27-22,Normal,-90.04,35.19
31,18,2016-05-27-22,Normal,-94.35,38.33
18,16,2016-05-27-22,Normal,-90.24,39.72
16,12,2016-05-27-22,Normal,-89.52,40.7
19,26,2016-05-27-22,Normal,-97.36,37.69
22,87,2016-05-27-22,Normal,-90.37,35.21
10,85,2016-05-27-22,Normal,-91.07,38.31
11,74,2016-05-27-22,Lane Departure,-88.77,40.76
25,96,2016-05-27-22,Normal,-90.07,35.1
14,25,2016-05-27-22,Normal,-94.38,38.67
28,39,2016-05-27-22,Normal,-89.96,39.74
22,87,2016-05-27-22,Normal,-90.68,35.12
10,85,2016-05-27-22,Normal,-90.86,38.46
20,41,2016-05-27-22,Normal,-87.66,41.89
27,105,2016-05-27-22,Normal,-91.33,38.87
21,109,2016-05-27-22,Normal,-94.59,39.1
24,97,2016-05-27-22,Normal,-89.74,39.1
27,105,2016-05-27-22,Normal,-91.56,38.93
15,51,2016-05-27-22,Normal,-90.37,35.21
18,16,2016-05-27-22,Normal,-89.78,39.77
11,74,2016-05-27-22,Normal,-89.63,39.84
21,109,2016-05-27-22,Normal,-94.59,39.1
24,97,2016-05-27-22,Normal,-90.2,38.65
31,18,2016-05-27-22,Normal,-94.59,39.1
27,105,2016-05-27-22,Normal,-91.74,38.94
18,16,2016-05-27-22,Normal,-89.66,39.78
12,104,2016-05-27-22,Normal,-89.65,36.37
13,89,2016-05-27-22,Normal,-87.66,41.89
19,26,2016-05-27-22,Normal,-97.32,37.15
32,42,2016-05-27-22,Normal,-91.14,34.96
25,96,2016-05-27-22,Normal,-89.8,35.94
15,51,2016-05-27-22,Normal,-90.94,35.03
30,58,2016-05-27-22,Normal,-87.66,41.89
13,89,2016-05-27-22,Normal,-88.02,42.04
25,96,2016-05-27-22,Normal,-89.65,36.37
20,41,2016-05-27-22,Normal,-88.64,42.21
23,68,2016-05-27-22,Normal,-91.32,41.71
21,109,2016-05-27-22,Normal,-94.35,38.33
13,89,2016-05-27-22,Normal,-88.41,42.11
22,87,2016-05-27-22,Normal,-91.93,34.81
10,85,2016-05-27-22,Normal,-90.18,38.64
31,18,2016-05-27-22,Normal,-94.35,38.33
30,58,2016-05-27-22,Normal,-88.41,42.11
12,104,2016-05-27-22,Normal,-89.71,37.47
17,15,2016-05-27-22,Normal,-92.53,38.98
28,39,2016-05-27-22,Normal,-90.14,39.76
10,85,2016-05-27-22,Normal,-90.34,38.58
20,41,2016-05-27-22,Normal,-89.03,41.92
30,58,2016-05-27-22,Normal,-88.64,42.21
16,12,2016-05-27-22,Normal,-91.47,41.74
26,57,2016-05-27-22,Normal,-90.34,38.58
19,26,2016-05-27-22,Normal,-97.35,36.4
32,42,2016-05-27-22,Normal,-92.09,34.8
10,85,2016-05-27-22,Normal,-90.53,38.51
13,89,2016-05-27-22,Normal,-89.03,41.92
26,57,2016-05-27-22,Normal,-90.53,38.51
12,104,2016-05-27-22,Normal,-90.24,38.0
25,96,2016-05-27-22,Normal,-90.0,37.72
15,51,2016-05-27-22,Normal,-92.09,34.8
23,68,2016-05-27-22,Normal,-91.78,42.23
20,41,2016-05-27-22,Normal,-89.6,41.76
26,57,2016-05-27-22,Normal,-90.69,38.5
12,104,2016-05-27-22,Normal,-90.35,38.43
15,51,2016-05-27-22,Normal,-92.31,34.78
29,66,2016-05-27-22,Normal,-96.68,36.2
27,105,2016-05-27-22,Normal,-93.01,38.97
11,74,2016-05-27-22,Unsafe tail distance,-88.42,41.11
12,104,2016-05-27-22,Normal,-90.15,38.62
17,15,2016-05-27-22,Normal,-93.2,38.98
27,105,2016-05-27-22,Normal,-93.2,38.98
32,42,2016-05-27-22,Normal,-92.09,34.8
31,18,2016-05-27-22,Normal,-94.58,37.03
11,74,2016-05-27-22,Normal,-88.07,41.48
16,12,2016-05-27-22,Normal,-91.63,41.72
23,68,2016-05-27-22,Normal,-91.32,41.71
31,18,2016-05-27-22,Normal,-94.58,37.03
32,42,2016-05-27-22,Normal,-91.93,34.81
30,58,2016-05-27-22,Normal,-89.88,41.77
11,74,2016-05-27-22,Normal,-87.67,41.87
19,26,2016-05-27-22,Normal,-96.21,36.19
23,68,2016-05-27-22,Normal,-91.05,41.72
13,89,2016-05-27-22,Normal,-90.64,41.56
25,96,2016-05-27-22,Normal,-90.15,38.62
24,97,2016-05-27-22,Normal,-88.07,41.48
16,12,2016-05-27-22,Normal,-91.32,41.71
26,57,2016-05-27-22,Normal,-91.3,38.14
22,87,2016-05-27-22,Normal,-91.14,34.96
27,105,2016-05-27-22,Normal,-93.85,39.01
25,96,2016-05-27-22,Normal,-90.35,38.43
30,58,2016-05-27-22,Normal,-90.64,41.56
17,15,2016-05-27-22,Normal,-94.0,39.03
26,57,2016-05-27-22,Normal,-91.44,38.09
31,18,2016-05-27-22,Normal,-94.3,37.66
18,16,2016-05-27-22,Normal,-91.2,39.75
14,25,2016-05-27-22,Normal,-94.3,37.66
17,15,2016-05-27-22,Normal,-94.16,39.04
16,12,2016-05-27-22,Normal,-90.7,41.62
26,57,2016-05-27-22,Normal,-91.55,38.04
27,105,2016-05-27-22,Normal,-94.16,39.04
23,68,2016-05-27-22,Normal,-90.29,40.96
28,39,2016-05-27-22,Normal,-91.59,39.68
30,58,2016-05-27-22,Normal,-91.24,41.67
11,74,2016-05-27-22,Normal,-88.77,40.76
29,66,2016-05-27-22,Normal,-95.3,35.64
31,18,2016-05-27-22,Normal,-94.35,38.33
23,68,2016-05-27-22,Normal,-89.91,40.86
17,15,2016-05-27-22,Normal,-94.44,39.1
30,58,2016-05-27-22,Normal,-91.59,41.7
22,87,2016-05-27-22,Normal,-90.04,35.19
18,16,2016-05-27-22,Normal,-91.8,39.67
13,89,2016-05-27-22,Normal,-92.19,41.74
10,85,2016-05-27-22,Normal,-92.08,37.81
24,97,2016-05-27-22,Normal,-89.74,39.1
27,105,2016-05-27-22,Normal,-94.44,39.1
26,57,2016-05-27-22,Normal,-92.08,37.81
29,66,2016-05-27-22,Normal,-94.88,35.47
28,39,2016-05-27-22,Normal,-92.27,39.76
14,25,2016-05-27-22,Normal,-94.38,38.99
27,105,2016-05-27-22,Normal,-94.31,39.04
22,87,2016-05-27-22,Normal,-90.37,35.21
15,51,2016-05-27-22,Normal,-90.04,35.19
12,104,2016-05-27-22,Normal,-89.8,35.94
17,15,2016-05-27-22,Normal,-94.16,39.04
30,58,2016-05-27-22,Normal,-92.4,41.78
10,85,2016-05-27-22,Normal,-92.48,37.8
11,74,2016-05-27-22,Unsafe tail distance,-90.2,38.65
31,18,2016-05-27-22,Normal,-94.59,39.1
18,16,2016-05-27-22,Normal,-92.42,39.76
14,25,2016-05-27-22,Normal,-94.59,39.1
28,39,2016-05-27-22,Normal,-92.57,39.77
27,105,2016-05-27-22,Normal,-94.0,39.03
22,87,2016-05-27-22,Normal,-90.94,35.03
15,51,2016-05-27-22,Normal,-90.37,35.21
18,16,2016-05-27-22,Normal,-92.57,39.77
30,58,2016-05-27-22,Normal,-93.04,41.71
17,15,2016-05-27-22,Normal,-93.85,39.01
27,105,2016-05-27-22,Normal,-93.85,39.01
19,26,2016-05-27-22,Normal,-93.92,35.53
26,57,2016-05-27-22,Normal,-92.74,37.6
18,16,2016-05-27-22,Normal,-92.74,39.76
20,41,2016-05-27-22,Normal,-93.58,41.62
32,42,2016-05-27-22,Normal,-90.94,35.03
16,12,2016-05-27-22,Normal,-90.44,41.54
11,74,2016-05-27-22,Normal,-90.24,38.0
12,104,2016-05-27-22,Normal,-90.07,35.1
21,109,2016-05-27-22,Normal,-94.37,38.0
22,87,2016-05-27-22,Normal,-91.74,34.89
20,41,2016-05-27-22,Normal,-93.36,41.69
25,96,2016-05-27-22,Normal,-90.07,35.1
18,16,2016-05-27-22,Normal,-93.13,39.78
15,51,2016-05-27-22,Normal,-91.14,34.96
17,15,2016-05-27-22,Normal,-93.2,38.98
27,105,2016-05-27-22,Normal,-93.2,38.98
12,104,2016-05-27-22,Normal,-90.07,35.68
25,96,2016-05-27-22,Normal,-90.24,35.35
15,51,2016-05-27-22,Normal,-91.38,34.83
17,15,2016-05-27-22,Normal,-93.01,38.97
27,105,2016-05-27-22,Normal,-93.01,38.97
14,25,2016-05-27-22,Normal,-94.3,37.66
28,39,2016-05-27-22,Normal,-93.6,39.77
18,16,2016-05-27-22,Normal,-93.6,39.77
11,74,2016-05-27-22,Normal,-89.56,37.2
15,51,2016-05-27-22,Normal,-91.74,34.89
27,105,2016-05-27-22,Normal,-92.85,38.93
13,89,2016-05-27-22,Normal,-92.4,41.78
30,58,2016-05-27-22,Normal,-93.04,41.71
25,96,2016-05-27-22,Normal,-89.8,35.94
19,26,2016-05-27-22,Normal,-92.53,35.15
20,41,2016-05-27-22,Normal,-92.19,41.74
14,25,2016-05-27-22,Normal,-94.46,37.16
30,58,2016-05-27-22,Normal,-92.74,41.75
26,57,2016-05-27-22,Normal,-93.96,37.08
18,16,2016-05-27-22,Normal,-94.15,39.77
17,15,2016-05-27-22,Normal,-92.53,38.98
11,74,2016-05-27-22,Normal,-89.65,36.37
30,58,2016-05-27-22,Normal,-92.4,41.78
18,16,2016-05-27-22,Normal,-94.25,39.73
28,39,2016-05-27-22,Normal,-94.25,39.73
12,104,2016-05-27-22,Normal,-89.56,37.2
17,15,2016-05-27-22,Normal,-92.38,38.98
10,85,2016-05-27-22,Normal,-94.54,37.02
27,105,2016-05-27-22,Normal,-92.38,38.98
28,39,2016-05-27-22,Normal,-94.24,39.63
31,18,2016-05-27-22,Normal,-89.74,39.1
25,96,2016-05-27-22,Normal,-89.56,37.2
20,41,2016-05-27-22,Normal,-91.24,41.67
24,97,2016-05-27-22,Normal,-88.77,40.76
32,42,2016-05-27-22,Normal,-92.09,34.8
12,104,2016-05-27-22,Normal,-90.0,37.72
19,26,2016-05-27-22,Normal,-92.25,34.92
25,96,2016-05-27-22,Normal,-89.71,37.47
20,41,2016-05-27-22,Normal,-90.82,41.66
27,105,2016-05-27-22,Normal,-92.03,38.97
32,42,2016-05-27-22,Normal,-91.93,34.81
31,18,2016-05-27-22,Normal,-89.17,40.38
25,96,2016-05-27-22,Normal,-90.0,37.72
20,41,2016-05-27-22,Normal,-90.64,41.56
14,25,2016-05-27-22,Normal,-90.29,40.96
31,18,2016-05-27-22,Normal,-88.77,40.76
18,16,2016-05-27-22,Normal,-94.42,39.27
15,51,2016-05-27-22,Normal,-91.74,34.89
26,57,2016-05-27-22,Normal,-95.14,36.66
23,68,2016-05-27-22,Normal,-91.05,41.72
16,12,2016-05-27-22,Normal,-91.32,41.71
28,39,2016-05-27-22,Normal,-94.57,39.15
29,66,2016-05-27-22,Normal,-93.36,35.4
13,89,2016-05-27-22,Normal,-90.2,41.59
23,68,2016-05-27-22,Normal,-90.7,41.62
11,74,2016-05-27-22,Normal,-90.24,35.35
27,105,2016-05-27-22,Normal,-91.33,38.87
12,104,2016-05-27-22,Normal,-90.15,38.62
31,18,2016-05-27-22,Normal,-88.07,41.48
20,41,2016-05-27-22,Normal,-89.6,41.76
25,96,2016-05-27-22,Normal,-90.15,38.62
18,16,2016-05-27-22,Normal,-94.42,39.27
10,85,2016-05-27-22,Normal,-95.69,36.25
22,87,2016-05-27-22,Normal,-90.37,35.21
13,89,2016-05-27-22,Normal,-89.6,41.76
23,68,2016-05-27-22,Normal,-90.29,40.96
15,51,2016-05-27-22,Normal,-90.94,35.03
16,12,2016-05-27-22,Normal,-90.44,41.54
14,25,2016-05-27-22,Normal,-91.32,41.71
13,89,2016-05-27-22,Normal,-89.29,41.85
31,18,2016-05-27-22,Normal,-87.67,41.87
23,68,2016-05-27-22,Normal,-89.91,40.86
26,57,2016-05-27-22,Normal,-95.76,36.18
16,12,2016-05-27-22,Normal,-90.29,40.96
28,39,2016-05-27-22,Overspeed,-94.28,39.53
10,85,2016-05-27-22,Normal,-95.99,36.17
19,26,2016-05-27-22,Normal,-94.22,35.5
21,109,2016-05-27-22,Normal,-88.42,41.11
26,57,2016-05-27-22,Normal,-95.99,36.17
16,12,2016-05-27-22,Normal,-89.91,40.86
28,39,2016-05-27-22,Normal,-94.24,39.63
29,66,2016-05-27-22,Normal,-94.88,35.47
24,97,2016-05-27-22,Lane Departure,-89.17,40.38
21,109,2016-05-27-22,Normal,-88.77,40.76
18,16,2016-05-27-22,Normal,-94.25,39.73
13,89,2016-05-27-22,Normal,-88.64,42.21
17,15,2016-05-27-22,Normal,-90.67,38.82
10,85,2016-05-27-22,Normal,-95.76,36.18
19,26,2016-05-27-22,Normal,-94.88,35.47
23,68,2016-05-27-22,Normal,-89.74,39.1
14,25,2016-05-27-22,Normal,-91.78,42.23
22,87,2016-05-27-22,Normal,-89.17,40.38
24,97,2016-05-27-22,Normal,-88.42,41.11
30,58,2016-05-27-22,Normal,-88.96,42.25
29,66,2016-05-27-22,Normal,-95.3,35.64
15,51,2016-05-27-22,Normal,-90.2,38.65
16,12,2016-05-27-22,Normal,-89.74,39.1
24,97,2016-05-27-22,Normal,-88.07,41.48
23,68,2016-05-27-22,Normal,-89.17,40.38
19,26,2016-05-27-22,Normal,-95.3,35.64
29,66,2016-05-27-22,Normal,-95.42,35.87
18,16,2016-05-27-22,Normal,-93.6,39.77
31,18,2016-05-27-22,Normal,-89.74,39.1
22,87,2016-05-27-22,Normal,-88.42,41.11
20,41,2016-05-27-22,Normal,-87.66,41.89
23,68,2016-05-27-22,Normal,-88.77,40.76
21,109,2016-05-27-22,Normal,-90.2,38.65
15,51,2016-05-27-22,Normal,-89.63,39.84
18,16,2016-05-27-22,Normal,-93.33,39.77
28,39,2016-05-27-22,Normal,-93.33,39.77
30,58,2016-05-27-22,Normal,-88.02,42.04
26,57,2016-05-27-22,Normal,-95.14,36.66
32,42,2016-05-27-22,Normal,-94.37,38.0
24,97,2016-05-27-22,Normal,-88.07,41.48
14,25,2016-05-27-22,Normal,-91.05,41.72
17,15,2016-05-27-22,Normal,-90.41,38.75
32,42,2016-05-27-22,Normal,-94.35,38.33
15,51,2016-05-27-22,Normal,-88.77,40.76
25,96,2016-05-27-22,Normal,-90.07,35.68
21,109,2016-05-27-22,Normal,-89.74,39.1
31,18,2016-05-27-22,Normal,-89.74,39.1
19,26,2016-05-27-22,Normal,-95.99,36.17
30,58,2016-05-27-22,Normal,-87.66,41.89
16,12,2016-05-27-22,Normal,-88.07,41.48
28,39,2016-05-27-22,Normal,-92.74,39.76
14,25,2016-05-27-22,Normal,-90.44,41.54
31,18,2016-05-27-22,Normal,-89.63,39.84
17,15,2016-05-27-22,Normal,-90.67,38.82
23,68,2016-05-27-22,Normal,-87.67,41.87
20,41,2016-05-27-22,Normal,-88.96,42.25
29,66,2016-05-27-22,Normal,-96.44,36.23
18,16,2016-05-27-22,Normal,-92.57,39.77
31,18,2016-05-27-22,Normal,-89.17,40.38
19,26,2016-05-27-22,Normal,-97.36,37.69
20,41,2016-05-27-22,Normal,-93.58,41.62
29,66,2016-05-27-22,Normal,-97.36,37.69
10,85,2016-05-27-22,Normal,-90.18,38.64
32,42,2016-05-27-22,Normal,-90.04,35.19
26,57,2016-05-27-22,Normal,-90.18,38.64
17,15,2016-05-27-22,Normal,-90.41,38.75
21,109,2016-05-27-22,Normal,-94.46,37.16
30,58,2016-05-27-22,Normal,-93.36,41.69
10,85,2016-05-27-22,Normal,-90.34,38.58
15,51,2016-05-27-22,Normal,-90.37,35.21
23,68,2016-05-27-22,Normal,-90.29,40.96
22,87,2016-05-27-22,Normal,-90.68,35.12
11,74,2016-05-27-22,Normal,-89.63,39.84
24,97,2016-05-27-22,Normal,-89.63,39.84
32,42,2016-05-27-22,Normal,-90.68,35.12
12,104,2016-05-27-22,Normal,-90.24,38.0
23,68,2016-05-27-22,Normal,-90.44,41.54
28,39,2016-05-27-22,Normal,-90.14,39.76
19,26,2016-05-27-22,Normal,-97.32,37.15
18,16,2016-05-27-22,Normal,-90.14,39.76
10,85,2016-05-27-22,Normal,-90.69,38.5
26,57,2016-05-27-22,Normal,-90.69,38.5
23,68,2016-05-27-22,Normal,-90.7,41.62
28,39,2016-05-27-22,Normal,-90.24,39.72
12,104,2016-05-27-22,Normal,-89.71,37.47
15,51,2016-05-27-22,Normal,-91.14,34.96
10,85,2016-05-27-22,Normal,-90.86,38.46
11,74,2016-05-27-22,Normal,-88.42,41.11
12,104,2016-05-27-22,Normal,-89.56,37.2
28,39,2016-05-27-22,Normal,-90.24,39.72
32,42,2016-05-27-22,Normal,-91.38,34.83
10,85,2016-05-27-22,Normal,-91.07,38.31
24,97,2016-05-27-22,Normal,-88.42,41.11
26,57,2016-05-27-22,Normal,-91.07,38.31
18,16,2016-05-27-22,Normal,-90.37,39.71
21,109,2016-05-27-22,Normal,-94.38,38.67
13,89,2016-05-27-22,Normal,-91.94,41.71
15,51,2016-05-27-22,Normal,-91.74,34.89
14,25,2016-05-27-22,Normal,-94.38,38.67
11,74,2016-05-27-22,Normal,-87.67,41.87
12,104,2016-05-27-22,Normal,-89.65,36.37
17,15,2016-05-27-22,Normal,-91.19,38.83
10,85,2016-05-27-22,Normal,-91.3,38.14
15,51,2016-05-27-22,Normal,-91.93,34.81
29,66,2016-05-27-22,Normal,-97.14,36.41
18,16,2016-05-27-22,Normal,-90.63,39.7
27,105,2016-05-27-22,Normal,-91.33,38.87
22,87,2016-05-27-22,Normal,-92.09,34.8
32,42,2016-05-27-22,Normal,-92.09,34.8
24,97,2016-05-27-22,Normal,-87.67,41.87
11,74,2016-05-27-22,Overspeed,-88.07,41.48
18,16,2016-05-27-22,Normal,-90.79,39.69
10,85,2016-05-27-22,Normal,-91.55,38.04
28,39,2016-05-27-22,Normal,-90.79,39.69
14,25,2016-05-27-22,Normal,-94.59,39.1
24,97,2016-05-27-22,Normal,-88.07,41.48
31,18,2016-05-27-22,Normal,-94.59,39.1
29,66,2016-05-27-22,Normal,-96.68,36.2
10,85,2016-05-27-22,Normal,-91.69,37.99
28,39,2016-05-27-22,Normal,-90.97,39.72
30,58,2016-05-27-22,Normal,-90.64,41.56
26,57,2016-05-27-22,Normal,-91.69,37.99
11,74,2016-05-27-22,Normal,-88.77,40.76
27,105,2016-05-27-22,Normal,-92.03,38.97
20,41,2016-05-27-22,Normal,-90.2,41.59
14,25,2016-05-27-22,Normal,-94.38,38.67
25,96,2016-05-27-22,Normal,-90.07,35.1
31,18,2016-05-27-22,Normal,-94.38,38.67
23,68,2016-05-27-22,Normal,-91.47,41.74
22,87,2016-05-27-22,Normal,-91.93,34.81
27,105,2016-05-27-22,Normal,-92.22,38.96
14,25,2016-05-27-22,Normal,-94.35,38.33
13,89,2016-05-27-22,Normal,-89.88,41.77
15,51,2016-05-27-22,Normal,-91.93,34.81
12,104,2016-05-27-22,Normal,-90.24,35.35
11,74,2016-05-27-22,Normal,-89.63,39.84
10,85,2016-05-27-22,Normal,-92.31,37.81
13,89,2016-05-27-22,Normal,-89.6,41.76
24,97,2016-05-27-22,Normal,-89.63,39.84
16,12,2016-05-27-22,Normal,-91.32,41.71
12,104,2016-05-27-22,Normal,-90.07,35.68
22,87,2016-05-27-22,Normal,-91.38,34.83
27,105,2016-05-27-22,Normal,-92.53,38.98
31,18,2016-05-27-22,Normal,-94.3,37.66
30,58,2016-05-27-22,Normal,-89.29,41.85
18,16,2016-05-27-22,Normal,-92.07,39.71
17,15,2016-05-27-22,Normal,-92.63,38.95
32,42,2016-05-27-22,Normal,-91.14,34.96
20,41,2016-05-27-22,Normal,-89.03,41.92
24,97,2016-05-27-22,Normal,-90.2,38.65
23,68,2016-05-27-22,Normal,-90.44,41.54
16,12,2016-05-27-22,Normal,-90.7,41.62
17,15,2016-05-27-22,Normal,-92.85,38.93
21,109,2016-05-27-22,Normal,-94.46,37.16
13,89,2016-05-27-22,Normal,-88.96,42.25
15,51,2016-05-27-22,Normal,-90.94,35.03
16,12,2016-05-27-22,Normal,-90.44,41.54
23,68,2016-05-27-22,Normal,-90.29,40.96
20,41,2016-05-27-22,Normal,-88.64,42.21
11,74,2016-05-27-22,Normal,-89.74,39.1
10,85,2016-05-27-22,Normal,-92.89,37.51
25,96,2016-05-27-22,Normal,-89.54,36.84
29,66,2016-05-27-22,Normal,-95.15,35.51
22,87,2016-05-27-22,Normal,-90.37,35.21
21,109,2016-05-27-22,Normal,-94.58,37.03
19,26,2016-05-27-22,Normal,-95.15,35.51
17,15,2016-05-27-22,Normal,-93.2,38.98
29,66,2016-05-27-22,Normal,-94.88,35.47
20,41,2016-05-27-22,Normal,-88.02,42.04
12,104,2016-05-27-22,Normal,-89.71,37.47
18,16,2016-05-27-22,Normal,-92.74,39.76
13,89,2016-05-27-22,Normal,-88.02,42.04
24,97,2016-05-27-22,Normal,-89.17,40.38
25,96,2016-05-27-22,Normal,-89.71,37.47
23,68,2016-05-27-22,Normal,-89.52,40.7
30,58,2016-05-27-22,Normal,-88.02,42.04
31,18,2016-05-27-22,Normal,-94.31,37.31
19,26,2016-05-27-22,Normal,-94.57,35.37
26,57,2016-05-27-22,Normal,-93.34,37.21
29,66,2016-05-27-22,Normal,-94.22,35.5
21,109,2016-05-27-22,Normal,-94.3,37.66
11,74,2016-05-27-22,Normal,-88.42,41.11
25,96,2016-05-27-22,Normal,-90.24,38.0
17,15,2016-05-27-22,Normal,-93.85,39.01
29,66,2016-05-27-22,Normal,-93.92,35.53
22,87,2016-05-27-22,Normal,-90.68,35.12
10,85,2016-05-27-22,Normal,-93.96,37.08
30,58,2016-05-27-22,Normal,-87.66,41.89
11,74,2016-05-27-22,Normal,-88.07,41.48
24,97,2016-05-27-22,Normal,-88.07,41.48
27,105,2016-05-27-22,Normal,-94.0,39.03
31,18,2016-05-27-22,Normal,-94.35,38.33
26,57,2016-05-27-22,Normal,-93.96,37.08
18,16,2016-05-27-22,Normal,-93.6,39.77
30,58,2016-05-27-22,Normal,-88.02,42.04
14,25,2016-05-27-22,Normal,-94.35,38.33
20,41,2016-05-27-22,Normal,-88.64,42.21
15,51,2016-05-27-22,Normal,-90.94,35.03
21,109,2016-05-27-22,Normal,-94.38,38.67
17,15,2016-05-27-22,Normal,-94.31,39.04
30,58,2016-05-27-22,Normal,-88.41,42.11
14,25,2016-05-27-22,Normal,-94.38,38.67
19,26,2016-05-27-22,Normal,-93.12,35.31
22,87,2016-05-27-22,Normal,-91.38,34.83
29,66,2016-05-27-22,Normal,-93.12,35.31
25,96,2016-05-27-22,Normal,-90.35,38.43
11,74,2016-05-27-22,Normal,-88.07,41.48
14,25,2016-05-27-22,Normal,-94.38,38.99
22,87,2016-05-27-22,Normal,-91.74,34.89
26,57,2016-05-27-22,Normal,-94.83,36.84
18,16,2016-05-27-22,Normal,-94.25,39.73
32,42,2016-05-27-22,Normal,-91.74,34.89
31,18,2016-05-27-22,Normal,-94.59,39.1
19,26,2016-05-27-22,Normal,-92.53,35.15
12,104,2016-05-27-22,Normal,-90.0,37.72
27,105,2016-05-27-22,Normal,-94.44,39.1
26,57,2016-05-27-22,Normal,-95.01,36.73
32,42,2016-05-27-22,Normal,-91.93,34.81
24,97,2016-05-27-22,Normal,-88.77,40.76
29,66,2016-05-27-22,Normal,-92.25,34.92
12,104,2016-05-27-22,Normal,-89.71,37.47
22,87,2016-05-27-22,Normal,-92.09,34.8
20,41,2016-05-27-22,Normal,-89.88,41.77
32,42,2016-05-27-22,Normal,-92.09,34.8
30,58,2016-05-27-22,Normal,-89.29,41.85
15,51,2016-05-27-22,Normal,-92.09,34.8
26,57,2016-05-27-22,Normal,-95.35,36.47
18,16,2016-05-27-22,Normal,-94.36,39.37
29,66,2016-05-27-22,Normal,-92.25,34.75
30,58,2016-05-27-22,Normal,-89.6,41.76
31,18,2016-05-27-22,Normal,-94.35,38.33
15,51,2016-05-27-22,Normal,-92.31,34.78
27,105,2016-05-27-22,Normal,-94.0,39.03
22,87,2016-05-27-22,Normal,-92.31,34.78
14,25,2016-05-27-22,Normal,-94.35,38.33
28,39,2016-05-27-22,Normal,-94.42,39.27
23,68,2016-05-27-22,Normal,-91.63,41.72
27,105,2016-05-27-22,Normal,-93.85,39.01
26,57,2016-05-27-22,Normal,-95.69,36.25
28,39,2016-05-27-22,Normal,-94.57,39.15
30,58,2016-05-27-22,Normal,-90.2,41.59
24,97,2016-05-27-22,Normal,-90.2,38.65
29,66,2016-05-27-22,Normal,-92.53,35.15
15,51,2016-05-27-22,Normal,-92.09,34.8
10,85,2016-05-27-22,Normal,-95.99,36.17
14,25,2016-05-27-22,Normal,-94.3,37.66
20,41,2016-05-27-22,Normal,-91.24,41.67
23,68,2016-05-27-22,Normal,-91.32,41.71
27,105,2016-05-27-22,Normal,-93.45,38.99
13,89,2016-05-27-22,Normal,-90.82,41.66
17,15,2016-05-27-22,Normal,-93.2,38.98
14,25,2016-05-27-22,Normal,-94.31,37.31
28,39,2016-05-27-22,Normal,-94.42,39.27
12,104,2016-05-27-22,Normal,-90.24,35.35
16,12,2016-05-27-22,Normal,-91.32,41.71
11,74,2016-05-27-22,Normal,-89.74,39.1
17,15,2016-05-27-22,Normal,-93.01,38.97
25,96,2016-05-27-22,Normal,-90.24,35.35
20,41,2016-05-27-22,Normal,-91.94,41.71
21,109,2016-05-27-22,Normal,-94.58,37.03
11,74,2016-05-27-22,Normal,-89.63,39.84
10,85,2016-05-27-22,Normal,-95.69,36.25
17,15,2016-05-27-22,Normal,-92.85,38.93
14,25,2016-05-27-22,Normal,-94.58,37.03
28,39,2016-05-27-22,Normal,-94.28,39.53
23,68,2016-05-27-22,Normal,-90.44,41.54
16,12,2016-05-27-22,Normal,-90.7,41.62
15,51,2016-05-27-22,Normal,-91.14,34.96
28,39,2016-05-27-22,Normal,-94.24,39.63
25,96,2016-05-27-22,Normal,-90.07,35.1
30,58,2016-05-27-22,Normal,-91.94,41.71
13,89,2016-05-27-22,Normal,-92.19,41.74
16,12,2016-05-27-22,Normal,-90.44,41.54
15,51,2016-05-27-22,Normal,-90.94,35.03
28,39,2016-05-27-22,Normal,-94.25,39.73
23,68,2016-05-27-22,Normal,-89.91,40.86
16,12,2016-05-27-22,Normal,-90.29,40.96
12,104,2016-05-27-22,Normal,-90.07,35.68
17,15,2016-05-27-22,Normal,-92.38,38.98
15,51,2016-05-27-22,Normal,-90.68,35.12
14,25,2016-05-27-22,Normal,-94.31,37.31
19,26,2016-05-27-22,Normal,-94.22,35.5
21,109,2016-05-27-22,Normal,-94.3,37.66
29,66,2016-05-27-22,Normal,-94.57,35.37
17,15,2016-05-27-22,Normal,-92.22,38.96
15,51,2016-05-27-22,Normal,-90.37,35.21
14,25,2016-05-27-22,Normal,-94.3,37.66
16,12,2016-05-27-22,Normal,-89.52,40.7
13,89,2016-05-27-22,Normal,-93.04,41.71
21,109,2016-05-27-22,Normal,-94.37,38.0
17,15,2016-05-27-22,Normal,-92.03,38.97
20,41,2016-05-27-22,Normal,-93.58,41.62
23,68,2016-05-27-22,Normal,-89.91,40.86
26,57,2016-05-27-22,Normal,-94.83,36.84
30,58,2016-05-27-22,Normal,-93.04,41.71
16,12,2016-05-27-22,Normal,-89.52,40.7
31,18,2016-05-27-22,Normal,-94.35,38.33
15,51,2016-05-27-22,Normal,-90.04,35.19
18,16,2016-05-27-22,Normal,-93.33,39.77
30,58,2016-05-27-22,Normal,-93.36,41.69
24,97,2016-05-27-22,Normal,-88.42,41.11
11,74,2016-05-27-22,Normal,-88.07,41.48
14,25,2016-05-27-22,Normal,-94.38,38.67
32,42,2016-05-27-22,Normal,-90.68,35.12
26,57,2016-05-27-22,Normal,-94.23,37.09
12,104,2016-05-27-22,Normal,-89.71,37.47
10,85,2016-05-27-22,Normal,-93.96,37.08
31,18,2016-05-27-22,Normal,-94.38,38.99
17,15,2016-05-27-22,Normal,-91.33,38.87
18,16,2016-05-27-22,Normal,-92.94,39.77
25,96,2016-05-27-22,Normal,-89.71,37.47
24,97,2016-05-27-22,Normal,-89.17,40.38
29,66,2016-05-27-22,Normal,-95.56,35.97
22,87,2016-05-27-22,Normal,-91.14,34.96
27,105,2016-05-27-22,Normal,-91.33,38.87
17,15,2016-05-27-22,Normal,-91.19,38.83
21,109,2016-05-27-22,Normal,-94.59,39.1
13,89,2016-05-27-22,Normal,-93.04,41.71
16,12,2016-05-27-22,Normal,-90.7,41.62
17,15,2016-05-27-22,Normal,-91.1,38.83
30,58,2016-05-27-22,Normal,-93.04,41.71
26,57,2016-05-27-22,Normal,-93.34,37.21
16,12,2016-05-27-22,Normal,-91.05,41.72
25,96,2016-05-27-22,Normal,-90.24,38.0
22,87,2016-05-27-22,Normal,-91.74,34.89
17,15,2016-05-27-22,Normal,-90.93,38.82
20,41,2016-05-27-22,Normal,-92.19,41.74
30,58,2016-05-27-22,Normal,-92.74,41.75
16,12,2016-05-27-22,Normal,-91.32,41.71
29,66,2016-05-27-22,Normal,-96.21,36.19
15,51,2016-05-27-22,Normal,-91.74,34.89
28,39,2016-05-27-22,Normal,-92.27,39.76
32,42,2016-05-27-22,Normal,-91.93,34.81
12,104,2016-05-27-22,Normal,-90.15,38.62
22,87,2016-05-27-22,Normal,-92.09,34.8
24,97,2016-05-27-22,Normal,-90.2,38.65
14,25,2016-05-27-22,Normal,-94.35,38.33
32,42,2016-05-27-22,Normal,-92.09,34.8
11,74,2016-05-27-22,Normal,-90.2,38.65
16,12,2016-05-27-22,Normal,-91.63,41.72
19,26,2016-05-27-22,Normal,-96.44,36.23
25,96,2016-05-27-22,Normal,-90.15,38.62
15,51,2016-05-27-22,Normal,-92.09,34.8
20,41,2016-05-27-22,Normal,-91.24,41.67
23,68,2016-05-27-22,Normal,-91.78,42.23
27,105,2016-05-27-22,Normal,-90.67,38.82
28,39,2016-05-27-22,Normal,-91.59,39.68
32,42,2016-05-27-22,Normal,-92.31,34.78
13,89,2016-05-27-22,Normal,-91.24,41.67
18,16,2016-05-27-22,Normal,-91.59,39.68
27,105,2016-05-27-22,Normal,-90.55,38.81
22,87,2016-05-27-22,Normal,-92.09,34.8
10,85,2016-05-27-22,Normal,-92.48,37.8
24,97,2016-05-27-22,Normal,-89.17,40.38
13,89,2016-05-27-22,Normal,-90.82,41.66
30,58,2016-05-27-22,Normal,-91.24,41.67
12,104,2016-05-27-22,Normal,-89.71,37.47
19,26,2016-05-27-22,Normal,-97.14,36.41
28,39,2016-05-27-22,Normal,-91.2,39.75
25,96,2016-05-27-22,Normal,-90.0,37.72
15,51,2016-05-27-22,Normal,-92.09,34.8
30,58,2016-05-27-22,Normal,-90.82,41.66
17,15,2016-05-27-22,Normal,-90.21,38.65
21,109,2016-05-27-22,Normal,-94.58,37.03
10,85,2016-05-27-22,Normal,-92.08,37.81
24,97,2016-05-27-22,Normal,-88.42,41.11
27,105,2016-05-27-22,Normal,-90.21,38.65
17,15,2016-05-27-22,Normal,-90.41,38.75
21,109,2016-05-27-22,Normal,-94.58,37.03
29,66,2016-05-27-22,Normal,-97.37,36.79
19,26,2016-05-27-22,Normal,-97.34,36.63
15,51,2016-05-27-22,Normal,-91.74,34.89
23,68,2016-05-27-22,Normal,-90.7,41.62
26,57,2016-05-27-22,Normal,-91.99,37.94
21,109,2016-05-27-22,Normal,-94.46,37.16
28,39,2016-05-27-22,Normal,-90.63,39.7
32,42,2016-05-27-22,Normal,-91.14,34.96
20,41,2016-05-27-22,Normal,-89.29,41.85
27,105,2016-05-27-22,Normal,-90.55,38.81
21,109,2016-05-27-22,Normal,-94.31,37.31
28,39,2016-05-27-22,Normal,-90.52,39.71
29,66,2016-05-27-22,Normal,-97.32,37.15
19,26,2016-05-27-22,Normal,-97.37,36.91
13,89,2016-05-27-22,Normal,-89.29,41.85
16,12,2016-05-27-22,Normal,-90.44,41.54
14,25,2016-05-27-22,Normal,-94.31,37.31
17,15,2016-05-27-22,Normal,-90.79,38.83
12,104,2016-05-27-22,Normal,-90.07,35.68
15,51,2016-05-27-22,Normal,-90.94,35.03
20,41,2016-05-27-22,Normal,-88.96,42.25
16,12,2016-05-27-22,Normal,-90.29,40.96
21,109,2016-05-27-22,Normal,-94.37,38.0
19,26,2016-05-27-22,Normal,-97.32,37.27
29,66,2016-05-27-22,Normal,-97.32,37.48
15,51,2016-05-27-22,Normal,-90.68,35.12
13,89,2016-05-27-22,Normal,-88.96,42.25
16,12,2016-05-27-22,Normal,-89.91,40.86
23,68,2016-05-27-22,Normal,-89.52,40.7
28,39,2016-05-27-22,Normal,-90.24,39.72
29,66,2016-05-27-22,Normal,-97.36,37.69
11,74,2016-05-27-22,Normal,-88.42,41.11
13,89,2016-05-27-22,Normal,-88.64,42.21
30,58,2016-05-27-22,Normal,-88.96,42.25
12,104,2016-05-27-22,Normal,-90.07,35.1
24,97,2016-05-27-22,Normal,-89.17,40.38
29,66,2016-05-27-22,Normal,-97.36,37.69
18,16,2016-05-27-22,Normal,-90.14,39.76
26,57,2016-05-27-22,Normal,-91.07,38.31
12,104,2016-05-27-22,Normal,-90.24,35.35
24,97,2016-05-27-22,Normal,-89.63,39.84
19,26,2016-05-27-22,Normal,-97.36,37.69
25,96,2016-05-27-22,Normal,-90.07,35.1
30,58,2016-05-27-22,Normal,-88.41,42.11
11,74,2016-05-27-22,Normal,-89.17,40.38
12,104,2016-05-27-22,Normal,-90.07,35.68
22,87,2016-05-27-22,Normal,-90.94,35.03
32,42,2016-05-27-22,Normal,-90.68,35.12
26,57,2016-05-27-22,Normal,-90.69,38.5
30,58,2016-05-27-22,Normal,-88.02,42.04
12,104,2016-05-27-22,Normal,-89.8,35.94
13,89,2016-05-27-22,Normal,-87.66,41.89
32,42,2016-05-27-22,Normal,-90.94,35.03
19,26,2016-05-27-22,Normal,-97.32,37.27
29,66,2016-05-27-22,Normal,-97.32,37.15
26,57,2016-05-27-22,Normal,-90.53,38.51
14,25,2016-05-27-22,Normal,-94.59,39.1
17,15,2016-05-27-22,Normal,-92.03,38.97
24,97,2016-05-27-22,Normal,-90.2,38.65
27,105,2016-05-27-22,Normal,-92.03,38.97
18,16,2016-05-27-22,Normal,-89.66,39.78
11,74,2016-05-27-22,Normal,-90.2,38.65
12,104,2016-05-27-22,Normal,-89.54,36.84
19,26,2016-05-27-22,Normal,-97.37,36.91
22,87,2016-05-27-22,Normal,-91.74,34.89
10,85,2016-05-27-22,Normal,-90.18,38.64
29,66,2016-05-27-22,Normal,-97.37,36.79
26,57,2016-05-27-22,Normal,-90.18,38.64
16,12,2016-05-27-22,Normal,-91.05,41.72
17,15,2016-05-27-22,Normal,-92.38,38.98
32,42,2016-05-27-22,Normal,-91.74,34.89
18,16,2016-05-27-22,Normal,-89.96,39.74
15,51,2016-05-27-22,Normal,-91.38,34.83
21,109,2016-05-27-22,Normal,-94.37,38.0
11,74,2016-05-27-22,Normal,-89.74,39.1
22,87,2016-05-27-22,Normal,-92.09,34.8
25,96,2016-05-27-22,Normal,-89.56,37.2
31,18,2016-05-27-22,Normal,-94.37,38.0
29,66,2016-05-27-22,Normal,-97.35,36.4
18,16,2016-05-27-22,Normal,-90.14,39.76
13,89,2016-05-27-22,Normal,-88.96,42.25
24,97,2016-05-27-22,Normal,-88.77,40.76
27,105,2016-05-27-22,Normal,-92.63,38.95
18,16,2016-05-27-22,Normal,-90.24,39.72
16,12,2016-05-27-22,Normal,-91.63,41.72
11,74,2016-05-27-22,Normal,-89.17,40.38
19,26,2016-05-27-22,Normal,-97.14,36.41
29,66,2016-05-27-22,Normal,-96.97,36.24
24,97,2016-05-27-22,Normal,-88.42,41.11
32,42,2016-05-27-22,Normal,-92.31,34.78
13,89,2016-05-27-22,Normal,-89.29,41.85
14,25,2016-05-27-22,Normal,-94.31,37.31
17,15,2016-05-27-22,Normal,-93.01,38.97
25,96,2016-05-27-22,Normal,-90.24,38.0
18,16,2016-05-27-22,Normal,-90.37,39.71
20,41,2016-05-27-22,Normal,-89.88,41.77
30,58,2016-05-27-22,Normal,-89.29,41.85
28,39,2016-05-27-22,Normal,-90.52,39.71
15,51,2016-05-27-22,Normal,-92.31,34.78
25,96,2016-05-27-22,Normal,-90.35,38.43
10,85,2016-05-27-22,Normal,-91.07,38.31
13,89,2016-05-27-22,Normal,-89.88,41.77
26,57,2016-05-27-22,Normal,-91.07,38.31
12,104,2016-05-27-22,Normal,-90.15,38.62
15,51,2016-05-27-22,Normal,-92.09,34.8
25,96,2016-05-27-22,Normal,-90.15,38.62
27,105,2016-05-27-22,Normal,-93.45,38.99
20,41,2016-05-27-22,Normal,-90.64,41.56
14,25,2016-05-27-22,Normal,-94.58,37.03
28,39,2016-05-27-22,Normal,-90.79,39.69
22,87,2016-05-27-22,Normal,-91.38,34.83
29,66,2016-05-27-22,Normal,-95.99,36.17
10,85,2016-05-27-22,Normal,-91.3,38.14
11,74,2016-05-27-22,Normal,-87.67,41.87
14,25,2016-05-27-22,Normal,-94.46,37.16
28,39,2016-05-27-22,Normal,-90.97,39.72
18,16,2016-05-27-22,Normal,-90.97,39.72
31,18,2016-05-27-22,Normal,-94.31,37.31
29,66,2016-05-27-22,Normal,-95.76,36.08
11,74,2016-05-27-22,Normal,-88.07,41.48
28,39,2016-05-27-22,Normal,-91.2,39.75
12,104,2016-05-27-22,Normal,-90.0,37.72
21,109,2016-05-27-22,Normal,-94.37,38.0
25,96,2016-05-27-22,Normal,-90.24,38.0
20,41,2016-05-27-22,Normal,-91.59,41.7
11,74,2016-05-27-22,Normal,-88.42,41.11
12,104,2016-05-27-22,Normal,-89.71,37.47
13,89,2016-05-27-22,Normal,-91.59,41.7
21,109,2016-05-27-22,Normal,-94.35,38.33
31,18,2016-05-27-22,Normal,-94.37,38.0
29,66,2016-05-27-22,Normal,-95.42,35.87
19,26,2016-05-27-22,Normal,-95.42,35.87
16,12,2016-05-27-22,Normal,-90.44,41.54
27,105,2016-05-27-22,Normal,-94.31,39.04
13,89,2016-05-27-22,Normal,-91.94,41.71
14,25,2016-05-27-22,Normal,-94.35,38.33
24,97,2016-05-27-22,Normal,-89.63,39.84
20,41,2016-05-27-22,Normal,-92.19,41.74
27,105,2016-05-27-22,Normal,-94.44,39.1
31,18,2016-05-27-22,Normal,-94.38,38.67
21,109,2016-05-27-22,Normal,-94.38,38.99
25,96,2016-05-27-22,Normal,-89.56,37.2
23,68,2016-05-27-22,Normal,-89.52,40.7
19,26,2016-05-27-22,Normal,-95.15,35.51
11,74,2016-05-27-22,Normal,-89.63,39.84
18,16,2016-05-27-22,Normal,-92.07,39.71
13,89,2016-05-27-22,Normal,-92.4,41.78
32,42,2016-05-27-22,Normal,-90.04,35.19
30,58,2016-05-27-22,Normal,-92.19,41.74
20,41,2016-05-27-22,Normal,-92.74,41.75
11,74,2016-05-27-22,Normal,-89.74,39.1
25,96,2016-05-27-22,Normal,-89.65,36.37
32,42,2016-05-27-22,Normal,-90.04,35.19
28,39,2016-05-27-22,Normal,-92.42,39.76
16,12,2016-05-27-22,Normal,-89.52,40.7
26,57,2016-05-27-22,Normal,-92.48,37.8
15,51,2016-05-27-22,Normal,-90.04,35.19
12,104,2016-05-27-22,Normal,-90.07,35.68
29,66,2016-05-27-22,Normal,-94.22,35.5
17,15,2016-05-27-22,Normal,-94.0,39.03
16,12,2016-05-27-22,Normal,-89.91,40.86
31,18,2016-05-27-22,Normal,-94.38,38.99
13,89,2016-05-27-22,Normal,-93.36,41.69
29,66,2016-05-27-22,Normal,-93.92,35.53
14,25,2016-05-27-22,Normal,-94.38,38.99
22,87,2016-05-27-22,Normal,-91.14,34.96
23,68,2016-05-27-22,Normal,-90.44,41.54
31,18,2016-05-27-22,Normal,-94.38,38.67
12,104,2016-05-27-22,Normal,-90.07,35.1
24,97,2016-05-27-22,Normal,-89.17,40.38
10,85,2016-05-27-22,Normal,-92.89,37.51
28,39,2016-05-27-22,Normal,-92.94,39.77
27,105,2016-05-27-22,Normal,-93.65,39.0
25,96,2016-05-27-22,Normal,-90.07,35.1
13,89,2016-05-27-22,Normal,-93.58,41.62
24,97,2016-05-27-22,Normal,-88.77,40.76
27,105,2016-05-27-22,Normal,-93.45,38.99
28,39,2016-05-27-22,Normal,-93.13,39.78
23,68,2016-05-27-22,Normal,-91.05,41.72
26,57,2016-05-27-22,Normal,-92.99,37.34
16,12,2016-05-27-22,Normal,-90.7,41.62
21,109,2016-05-27-22,Normal,-94.3,37.66
20,41,2016-05-27-22,Normal,-93.04,41.71
29,66,2016-05-27-22,Normal,-92.87,35.25
16,12,2016-05-27-22,Normal,-91.05,41.72
11,74,2016-05-27-22,Normal,-89.71,37.47
21,109,2016-05-27-22,Normal,-94.31,37.31
31,18,2016-05-27-22,Normal,-94.3,37.66
20,41,2016-05-27-22,Normal,-92.74,41.75
23,68,2016-05-27-22,Normal,-91.47,41.74
26,57,2016-05-27-22,Normal,-93.34,37.21
21,109,2016-05-27-22,Normal,-94.46,37.16
19,26,2016-05-27-22,Normal,-92.87,35.25
22,87,2016-05-27-22,Normal,-92.31,34.78
32,42,2016-05-27-22,Normal,-91.93,34.81
12,104,2016-05-27-22,Normal,-89.65,36.37
21,109,2016-05-27-22,Normal,-94.58,37.03
11,74,2016-05-27-22,Normal,-89.54,36.84
24,97,2016-05-27-22,Normal,-87.67,41.87
32,42,2016-05-27-22,Normal,-92.09,34.8
22,87,2016-05-27-22,Normal,-92.31,34.78
29,66,2016-05-27-22,Normal,-92.25,34.75
31,18,2016-05-27-22,Normal,-94.58,37.03
12,104,2016-05-27-22,Normal,-89.54,36.84
22,87,2016-05-27-22,Normal,-92.09,34.8
10,85,2016-05-27-22,Overspeed,-94.23,37.09
14,25,2016-05-27-22,Normal,-94.58,37.03
29,66,2016-05-27-22,Normal,-92.25,34.75
31,18,2016-05-27-22,Normal,-94.58,37.03
11,74,2016-05-27-22,Normal,-89.8,35.94
16,12,2016-05-27-22,Normal,-91.78,42.23
24,97,2016-05-27-22,Normal,-88.42,41.11
12,104,2016-05-27-22,Normal,-89.71,37.47
14,25,2016-05-27-22,Normal,-94.58,37.03
26,57,2016-05-27-22,Normal,-94.54,37.02
19,26,2016-05-27-22,Normal,-92.25,34.75
30,58,2016-05-27-22,Normal,-91.94,41.71
14,25,2016-05-27-22,Normal,-89.52,40.7
28,39,2016-05-27-22,Normal,-94.28,39.53
18,16,2016-05-27-22,Normal,-94.28,39.53
15,51,2016-05-27-22,Normal,-92.09,34.8
17,15,2016-05-27-22,Normal,-92.03,38.97
10,85,2016-05-27-22,Normal,-95.01,36.73
30,58,2016-05-27-22,Normal,-91.59,41.7
26,57,2016-05-27-22,Normal,-95.01,36.73
19,26,2016-05-27-22,Normal,-92.53,35.15
29,66,2016-05-27-22,Normal,-92.87,35.25
17,15,2016-05-27-22,Normal,-91.74,38.94
16,12,2016-05-27-22,Normal,-91.47,41.74
29,66,2016-05-27-22,Normal,-93.12,35.31
28,39,2016-05-27-22,Normal,-94.42,39.27
32,42,2016-05-27-22,Normal,-91.74,34.89
20,41,2016-05-27-22,Normal,-90.2,41.59
30,58,2016-05-27-22,Normal,-90.82,41.66
12,104,2016-05-27-22,Normal,-90.15,38.62
19,26,2016-05-27-22,Normal,-93.12,35.31
15,51,2016-05-27-22,Normal,-91.38,34.83
20,41,2016-05-27-22,Normal,-89.88,41.77
25,96,2016-05-27-22,Normal,-90.35,38.43
16,12,2016-05-27-22,Normal,-91.05,41.72
28,39,2016-05-27-22,Normal,-94.57,39.15
29,66,2016-05-27-22,Normal,-93.61,35.51
15,51,2016-05-27-22,Normal,-91.14,34.96
23,68,2016-05-27-22,Normal,-90.44,41.54
11,74,2016-05-27-22,Normal,-90.07,35.68
30,58,2016-05-27-22,Normal,-90.2,41.59
14,25,2016-05-27-22,Normal,-91.05,41.72
28,39,2016-05-27-22,Normal,-94.42,39.27
20,41,2016-05-27-22,Normal,-89.29,41.85
25,96,2016-05-27-22,Normal,-90.15,38.62
27,105,2016-05-27-22,Normal,-91.1,38.83
11,74,2016-05-27-22,Normal,-89.8,35.94
12,104,2016-05-27-22,Normal,-90.24,38.0
24,97,2016-05-27-22,Normal,-89.74,39.1
25,96,2016-05-27-22,Normal,-90.35,38.43
15,51,2016-05-27-22,Normal,-90.68,35.12
30,58,2016-05-27-22,Normal,-89.6,41.76
31,18,2016-05-27-22,Lane Departure,-88.07,41.48
20,41,2016-05-27-22,Normal,-88.96,42.25
32,42,2016-05-27-22,Normal,-90.37,35.21
25,96,2016-05-27-22,Normal,-90.24,38.0
27,105,2016-05-27-22,Unsafe following distance,-90.79,38.83
22,87,2016-05-27-22,Normal,-89.74,39.1
13,89,2016-05-27-22,Normal,-88.96,42.25
10,85,2016-05-27-22,Normal,-95.99,36.17
19,26,2016-05-27-22,Unsafe following distance,-94.57,35.37
25,96,2016-05-27-22,Normal,-90.0,37.72
27,105,2016-05-27-22,Normal,-90.67,38.82
31,18,2016-05-27-22,Normal,-88.77,40.76
22,87,2016-05-27-22,Normal,-89.63,39.84
29,66,2016-05-27-22,Normal,-95.15,35.51
21,109,2016-05-27-22,Normal,-89.17,40.38
15,51,2016-05-27-22,Normal,-90.04,35.19
27,105,2016-05-27-22,Normal,-90.55,38.81
13,89,2016-05-27-22,Normal,-88.41,42.11
17,15,2016-05-27-22,Normal,-90.55,38.81
10,85,2016-05-27-22,Normal,-95.69,36.25
25,96,2016-05-27-22,Normal,-89.56,37.2
11,74,2016-05-27-22,Normal,-90.0,37.72
18,16,2016-05-27-22,Normal,-93.93,39.76
31,18,2016-05-27-22,Normal,-89.63,39.84
30,58,2016-05-27-22,Normal,-88.64,42.21
20,41,2016-05-27-22,Normal,-87.66,41.89
32,42,2016-05-27-22,Normal,-94.31,37.31
11,74,2016-05-27-22,Normal,-90.24,38.0
12,104,2016-05-27-22,Normal,-89.8,35.94
28,39,2016-05-27-22,Normal,-93.6,39.77
10,85,2016-05-27-22,Normal,-95.35,36.47
17,15,2016-05-27-22,Normal,-90.21,38.65
29,66,2016-05-27-22,Normal,-95.56,35.97
16,12,2016-05-27-22,Normal,-89.17,40.38
31,18,2016-05-27-22,Normal,-90.2,38.65
22,87,2016-05-27-22,Normal,-88.07,41.48
12,104,2016-05-27-22,Normal,-90.07,35.68
11,74,2016-05-27-22,Normal,-90.15,38.62
27,105,2016-05-27-22,Normal,-90.41,38.75
21,109,2016-05-27-22,Normal,-90.2,38.65
31,18,2016-05-27-22,Normal,-90.2,38.65
26,57,2016-05-27-22,Normal,-95.01,36.73
10,85,2016-05-27-22,Normal,-95.01,36.73
11,74,2016-05-27-22,Normal,-90.15,38.62
29,66,2016-05-27-22,Normal,-95.99,36.17
27,105,2016-05-27-22,Normal,-90.55,38.81
28,39,2016-05-27-22,Normal,-92.94,39.77
22,87,2016-05-27-22,Normal,-87.67,41.87
12,104,2016-05-27-22,Normal,-90.07,35.1
20,41,2016-05-27-22,Normal,-88.64,42.21
21,109,2016-05-27-22,Normal,-89.63,39.84
27,105,2016-05-27-22,Normal,-90.67,38.82
24,97,2016-05-27-22,Normal,-88.77,40.76
12,104,2016-05-27-22,Normal,-90.07,35.1
15,51,2016-05-27-22,Normal,-88.07,41.48
21,109,2016-05-27-22,Normal,-89.17,40.38
11,74,2016-05-27-22,Normal,-90.24,38.0
27,105,2016-05-27-22,Normal,-90.79,38.83
22,87,2016-05-27-22,Normal,-88.42,41.11
10,85,2016-05-27-22,Normal,-94.23,37.09
23,68,2016-05-27-22,Normal,-89.52,40.7
16,12,2016-05-27-22,Normal,-89.52,40.7
30,58,2016-05-27-22,Normal,-93.58,41.62
17,15,2016-05-27-22,Normal,-90.21,38.65
15,51,2016-05-27-22,Normal,-90.04,35.19
28,39,2016-05-27-22,Normal,-89.66,39.78
14,25,2016-05-27-22,Normal,-94.46,37.16
13,89,2016-05-27-22,Normal,-93.36,41.69
16,12,2016-05-27-22,Normal,-89.91,40.86
31,18,2016-05-27-22,Normal,-94.46,37.16
12,104,2016-05-27-22,Normal,-90.35,38.43
26,57,2016-05-27-22,Normal,-90.34,38.58
21,109,2016-05-27-22,Normal,-94.31,37.31
20,41,2016-05-27-22,Normal,-93.04,41.71
13,89,2016-05-27-22,Normal,-93.04,41.71
30,58,2016-05-27-22,Normal,-93.04,41.71
10,85,2016-05-27-22,Normal,-90.53,38.51
21,109,2016-05-27-22,Normal,-94.3,37.66
17,15,2016-05-27-22,Normal,-90.67,38.82
15,51,2016-05-27-22,Normal,-90.94,35.03
30,58,2016-05-27-22,Normal,-92.74,41.75
12,104,2016-05-27-22,Normal,-90.0,37.72
31,18,2016-05-27-22,Normal,-94.3,37.66
21,109,2016-05-27-22,Normal,-94.37,38.0
17,15,2016-05-27-22,Normal,-90.79,38.83
32,42,2016-05-27-22,Normal,-91.14,34.96
13,89,2016-05-27-22,Normal,-92.4,41.78
25,96,2016-05-27-22,Normal,-89.71,37.47
24,97,2016-05-27-22,Normal,-88.77,40.76
29,66,2016-05-27-22,Normal,-97.37,36.79
22,87,2016-05-27-22,Normal,-91.38,34.83
18,16,2016-05-27-22,Normal,-90.24,39.72
15,51,2016-05-27-22,Normal,-91.38,34.83
30,58,2016-05-27-22,Normal,-92.19,41.74
31,18,2016-05-27-22,Normal,-94.35,38.33
12,104,2016-05-27-22,Normal,-89.54,36.84
20,41,2016-05-27-22,Normal,-91.94,41.71
32,42,2016-05-27-22,Normal,-91.74,34.89
24,97,2016-05-27-22,Normal,-88.07,41.48
16,12,2016-05-27-22,Normal,-91.32,41.71
29,66,2016-05-27-22,Normal,-97.35,36.4
22,87,2016-05-27-22,Normal,-91.93,34.81
20,41,2016-05-27-22,Normal,-91.59,41.7
32,42,2016-05-27-22,Normal,-91.93,34.81
14,25,2016-05-27-22,Normal,-94.38,38.99
26,57,2016-05-27-22,Normal,-91.3,38.14
12,104,2016-05-27-22,Normal,-89.8,35.94
17,15,2016-05-27-22,Normal,-91.33,38.87
19,26,2016-05-27-22,Normal,-97.14,36.41
14,25,2016-05-27-22,Normal,-94.59,39.1
25,96,2016-05-27-22,Normal,-89.8,35.94
29,66,2016-05-27-22,Normal,-96.97,36.24
31,18,2016-05-27-22,Normal,-94.59,39.1
20,41,2016-05-27-22,Normal,-90.82,41.66
32,42,2016-05-27-22,Normal,-92.31,34.78
30,58,2016-05-27-22,Normal,-90.82,41.66
26,57,2016-05-27-22,Normal,-91.55,38.04
17,15,2016-05-27-22,Normal,-91.74,38.94
27,105,2016-05-27-22,Normal,-91.74,38.94
20,41,2016-05-27-22,Normal,-90.64,41.56
32,42,2016-05-27-22,Normal,-92.31,34.78
14,25,2016-05-27-22,Normal,-94.38,38.99
24,97,2016-05-27-22,Normal,-88.42,41.11
12,104,2016-05-27-22,Normal,-90.07,35.1
22,87,2016-05-27-22,Normal,-92.09,34.8
10,85,2016-05-27-22,Normal,-91.99,37.94
28,39,2016-05-27-22,Normal,-91.2,39.75
21,109,2016-05-27-22,Normal,-94.38,38.67
15,51,2016-05-27-22,Normal,-92.09,34.8
12,104,2016-05-27-22,Normal,-90.07,35.1
20,41,2016-05-27-22,Normal,-89.88,41.77
10,85,2016-05-27-22,Normal,-92.08,37.81
31,18,2016-05-27-22,Normal,-94.35,38.33
16,12,2016-05-27-22,Normal,-91.47,41.74
23,68,2016-05-27-22,Normal,-91.32,41.71
17,15,2016-05-27-22,Normal,-92.38,38.98
32,42,2016-05-27-22,Normal,-91.74,34.89
20,41,2016-05-27-22,Normal,-89.6,41.76
31,18,2016-05-27-22,Normal,-94.37,38.0
14,25,2016-05-27-22,Normal,-94.37,38.0
23,68,2016-05-27-22,Normal,-91.05,41.72
11,74,2016-05-27-22,Normal,-89.74,39.1
10,85,2016-05-27-22,Normal,-92.48,37.8
28,39,2016-05-27-22,Normal,-91.8,39.67
13,89,2016-05-27-22,Normal,-89.29,41.85
25,96,2016-05-27-22,Normal,-90.07,35.68
23,68,2016-05-27-22,Normal,-90.7,41.62
22,87,2016-05-27-22,Normal,-91.14,34.96
19,26,2016-05-27-22,Normal,-95.56,35.97
13,89,2016-05-27-22,Normal,-89.03,41.92
21,109,2016-05-27-22,Normal,-94.31,37.31
25,96,2016-05-27-22,Normal,-89.8,35.94
30,58,2016-05-27-22,Normal,-89.03,41.92
22,87,2016-05-27-22,Normal,-90.94,35.03
10,85,2016-05-27-22,Normal,-92.74,37.6
11,74,2016-05-27-22,Normal,-90.2,38.65
25,96,2016-05-27-22,Normal,-89.65,36.37
30,58,2016-05-27-22,Normal,-88.96,42.25
22,87,2016-05-27-22,Normal,-90.68,35.12
28,39,2016-05-27-22,Normal,-92.42,39.76
17,15,2016-05-27-22,Normal,-93.01,38.97
27,105,2016-05-27-22,Normal,-93.01,38.97
16,12,2016-05-27-22,Normal,-90.29,40.96
20,41,2016-05-27-22,Normal,-88.41,42.11
18,16,2016-05-27-22,Normal,-92.57,39.77
31,18,2016-05-27-22,Normal,-94.58,37.03
27,105,2016-05-27-22,Normal,-93.2,38.98
26,57,2016-05-27-22,Normal,-92.99,37.34
16,12,2016-05-27-22,Normal,-89.91,40.86
30,58,2016-05-27-22,Normal,-88.41,42.11
11,74,2016-05-27-22,Unsafe tail distance,-89.17,40.38
31,18,2016-05-27-22,Normal,-94.46,37.16
10,85,2016-05-27-22,Normal,-93.14,37.26
17,15,2016-05-27-22,Normal,-93.45,38.99
14,25,2016-05-27-22,Normal,-94.46,37.16
22,87,2016-05-27-22,Normal,-90.04,35.19
21,109,2016-05-27-22,Normal,-94.31,37.31
17,15,2016-05-27-22,Normal,-93.65,39.0
25,96,2016-05-27-22,Normal,-90.0,37.72
27,105,2016-05-27-22,Normal,-93.65,39.0
16,12,2016-05-27-22,Normal,-89.52,40.7
22,87,2016-05-27-22,Normal,-90.37,35.21
18,16,2016-05-27-22,Normal,-93.13,39.78
19,26,2016-05-27-22,Normal,-94.22,35.5
24,97,2016-05-27-22,Normal,-88.42,41.11
14,25,2016-05-27-22,Normal,-94.3,37.66
31,18,2016-05-27-22,Normal,-94.37,38.0
15,51,2016-05-27-22,Normal,-90.37,35.21
18,16,2016-05-27-22,Normal,-93.33,39.77
21,109,2016-05-27-22,Normal,-94.37,38.0
13,89,2016-05-27-22,Normal,-88.02,42.04
19,26,2016-05-27-22,Normal,-93.61,35.51
12,104,2016-05-27-22,Normal,-90.15,38.62
10,85,2016-05-27-22,Normal,-94.23,37.09
32,42,2016-05-27-22,Normal,-90.94,35.03
11,74,2016-05-27-22,Normal,-87.67,41.87
27,105,2016-05-27-22,Normal,-94.16,39.04
22,87,2016-05-27-22,Normal,-91.14,34.96
26,57,2016-05-27-22,Normal,-94.23,37.09
29,66,2016-05-27-22,Normal,-93.36,35.4
10,85,2016-05-27-22,Normal,-94.54,37.02
24,97,2016-05-27-22,Normal,-87.67,41.87
31,18,2016-05-27-22,Normal,-94.38,38.99
23,68,2016-05-27-22,Normal,-91.05,41.72
21,109,2016-05-27-22,Normal,-94.38,38.99
15,51,2016-05-27-22,Normal,-91.14,34.96
32,42,2016-05-27-22,Normal,-91.38,34.83
28,39,2016-05-27-22,Normal,-94.15,39.77
19,26,2016-05-27-22,Normal,-92.87,35.25
16,12,2016-05-27-22,Normal,-91.05,41.72
12,104,2016-05-27-22,Normal,-90.24,38.0
15,51,2016-05-27-22,Normal,-91.38,34.83
25,96,2016-05-27-22,Normal,-90.24,38.0
11,74,2016-05-27-22,Normal,-88.42,41.11
22,87,2016-05-27-22,Normal,-91.93,34.81
21,109,2016-05-27-22,Normal,-94.59,39.1
16,12,2016-05-27-22,Normal,-91.32,41.71
17,15,2016-05-27-22,Normal,-94.31,39.04
10,85,2016-05-27-22,Normal,-95.14,36.66
31,18,2016-05-27-22,Normal,-94.38,38.99
21,109,2016-05-27-22,Normal,-94.38,38.99
27,105,2016-05-27-22,Normal,-94.31,39.04
13,89,2016-05-27-22,Normal,-89.29,41.85
25,96,2016-05-27-22,Normal,-89.71,37.47
31,18,2016-05-27-22,Normal,-94.38,38.67
24,97,2016-05-27-22,Normal,-89.17,40.38
21,109,2016-05-27-22,Normal,-94.38,38.67
16,12,2016-05-27-22,Normal,-91.63,41.72
22,87,2016-05-27-22,Normal,-92.31,34.78
20,41,2016-05-27-22,Normal,-90.2,41.59
14,25,2016-05-27-22,Normal,-94.38,38.67
16,12,2016-05-27-22,Normal,-91.78,42.23
13,89,2016-05-27-22,Normal,-89.88,41.77
10,85,2016-05-27-22,Normal,-95.69,36.25
18,16,2016-05-27-22,Normal,-94.42,39.27
20,41,2016-05-27-22,Normal,-90.64,41.56
24,97,2016-05-27-22,Normal,-89.74,39.1
29,66,2016-05-27-22,Normal,-92.25,34.92
21,109,2016-05-27-22,Normal,-94.37,38.0
15,51,2016-05-27-22,Normal,-92.31,34.78
14,25,2016-05-27-22,Normal,-94.37,38.0
20,41,2016-05-27-22,Normal,-90.82,41.66
16,12,2016-05-27-22,Normal,-91.63,41.72
13,89,2016-05-27-22,Normal,-90.64,41.56
12,104,2016-05-27-22,Normal,-89.8,35.94
22,87,2016-05-27-22,Normal,-91.93,34.81
17,15,2016-05-27-22,Normal,-93.45,38.99
30,58,2016-05-27-22,Normal,-90.64,41.56
31,18,2016-05-27-22,Normal,-94.31,37.31
21,109,2016-05-27-22,Normal,-94.31,37.31
16,12,2016-05-27-22,Normal,-91.47,41.74
19,26,2016-05-27-22,Normal,-92.87,35.25
20,41,2016-05-27-22,Normal,-91.59,41.7
32,42,2016-05-27-22,Normal,-91.74,34.89
29,66,2016-05-27-22,Normal,-93.12,35.31
31,18,2016-05-27-22,Normal,-94.46,37.16
23,68,2016-05-27-22,Normal,-91.05,41.72
22,87,2016-05-27-22,Normal,-91.38,34.83
14,25,2016-05-27-22,Normal,-94.46,37.16
30,58,2016-05-27-22,Normal,-91.24,41.67
26,57,2016-05-27-22,Normal,-95.76,36.18
29,66,2016-05-27-22,Normal,-93.36,35.4
15,51,2016-05-27-22,Normal,-91.38,34.83
25,96,2016-05-27-22,Normal,-90.07,35.1
24,97,2016-05-27-22,Normal,-89.17,40.38
32,42,2016-05-27-22,Normal,-91.14,34.96
13,89,2016-05-27-22,Normal,-91.94,41.71
10,85,2016-05-27-22,Normal,-95.5,36.37
31,18,2016-05-27-22,Normal,-94.58,37.03
20,41,2016-05-27-22,Normal,-92.4,41.78
18,16,2016-05-27-22,Normal,-94.24,39.63
23,68,2016-05-27-22,Normal,-90.29,40.96
10,85,2016-05-27-22,Normal,-95.35,36.47
11,74,2016-05-27-22,Normal,-88.77,40.76
24,97,2016-05-27-22,Normal,-88.42,41.11
22,87,2016-05-27-22,Normal,-90.68,35.12
30,58,2016-05-27-22,Normal,-92.19,41.74
18,16,2016-05-27-22,Normal,-94.25,39.73
10,85,2016-05-27-22,Normal,-95.14,36.66
28,39,2016-05-27-22,Normal,-94.15,39.77
24,97,2016-05-27-22,Normal,-88.07,41.48
32,42,2016-05-27-22,Normal,-90.37,35.21
20,41,2016-05-27-22,Normal,-93.04,41.71
12,104,2016-05-27-22,Normal,-89.8,35.94
16,12,2016-05-27-22,Normal,-89.91,40.86
31,18,2016-05-27-22,Normal,-94.3,37.66
22,87,2016-05-27-22,Normal,-90.04,35.19
30,58,2016-05-27-22,Normal,-92.74,41.75
23,68,2016-05-27-22,Normal,-89.52,40.7
11,74,2016-05-27-22,Lane Departure,-87.67,41.87
27,105,2016-05-27-22,Normal,-92.22,38.96
24,97,2016-05-27-22,Normal,-87.67,41.87
28,39,2016-05-27-22,Normal,-93.6,39.77
14,25,2016-05-27-22,Normal,-94.37,38.0
18,16,2016-05-27-22,Normal,-93.6,39.77
29,66,2016-05-27-22,Normal,-95.15,35.51
24,97,2016-05-27-22,Normal,-88.07,41.48
17,15,2016-05-27-22,Normal,-91.74,38.94
32,42,2016-05-27-22,Normal,-90.37,35.21
19,26,2016-05-27-22,Normal,-95.15,35.51
12,104,2016-05-27-22,Normal,-89.56,37.2
31,18,2016-05-27-22,Normal,-94.38,38.67
29,66,2016-05-27-22,Normal,-95.3,35.64
15,51,2016-05-27-22,Normal,-90.37,35.21
25,96,2016-05-27-22,Normal,-89.56,37.2
23,68,2016-05-27-22,Normal,-90.44,41.54
13,89,2016-05-27-22,Normal,-93.58,41.62
24,97,2016-05-27-22,Normal,-88.77,40.76
29,66,2016-05-27-22,Normal,-95.42,35.87
20,41,2016-05-27-22,Normal,-93.04,41.71
27,105,2016-05-27-22,Normal,-91.56,38.93
13,89,2016-05-27-22,Normal,-93.36,41.69
23,68,2016-05-27-22,Normal,-90.7,41.62
10,85,2016-05-27-22,Normal,-93.69,37.16
31,18,2016-05-27-22,Normal,-94.59,39.1
32,42,2016-05-27-22,Normal,-91.14,34.96
26,57,2016-05-27-22,Normal,-93.69,37.16
12,104,2016-05-27-22,Normal,-90.24,38.0
10,85,2016-05-27-22,Normal,-93.34,37.21
24,97,2016-05-27-22,Normal,-89.63,39.84
31,18,2016-05-27-22,Normal,-94.59,39.1
27,105,2016-05-27-22,Normal,-91.19,38.83
13,89,2016-05-27-22,Normal,-92.74,41.75
12,104,2016-05-27-22,Normal,-90.35,38.43
29,66,2016-05-27-22,Normal,-95.99,36.17
28,39,2016-05-27-22,Normal,-92.42,39.76
15,51,2016-05-27-22,Normal,-91.38,34.83
27,105,2016-05-27-22,Normal,-91.1,38.83
26,57,2016-05-27-22,Normal,-93.14,37.26
12,104,2016-05-27-22,Normal,-90.15,38.62
22,87,2016-05-27-22,Normal,-91.93,34.81
10,85,2016-05-27-22,Normal,-92.99,37.34
11,74,2016-05-27-22,Normal,-89.74,39.1
30,58,2016-05-27-22,Normal,-92.4,41.78
26,57,2016-05-27-22,Normal,-92.99,37.34
16,12,2016-05-27-22,Normal,-91.47,41.74
29,66,2016-05-27-22,Normal,-96.44,36.23
28,39,2016-05-27-22,Normal,-92.07,39.71
23,68,2016-05-27-22,Normal,-91.78,42.23
20,41,2016-05-27-22,Normal,-91.59,41.7
12,104,2016-05-27-22,Normal,-90.35,38.43
24,97,2016-05-27-22,Normal,-89.74,39.1
32,42,2016-05-27-22,Normal,-92.31,34.78
13,89,2016-05-27-22,Normal,-91.59,41.7
31,18,2016-05-27-22,Normal,-94.37,38.0
30,58,2016-05-27-22,Normal,-91.94,41.71
16,12,2016-05-27-22,Normal,-91.78,42.23
24,97,2016-05-27-22,Normal,-89.63,39.84
25,96,2016-05-27-22,Normal,-90.35,38.43
15,51,2016-05-27-22,Normal,-92.31,34.78
17,15,2016-05-27-22,Normal,-90.41,38.75
14,25,2016-05-27-22,Normal,-94.3,37.66
16,12,2016-05-27-22,Normal,-91.78,42.23
19,26,2016-05-27-22,Normal,-96.97,36.24
32,42,2016-05-27-22,Normal,-92.09,34.8
20,41,2016-05-27-22,Normal,-90.64,41.56
14,25,2016-05-27-22,Normal,-94.31,37.31
21,109,2016-05-27-22,Normal,-94.46,37.16
26,57,2016-05-27-22,Normal,-92.48,37.8
29,66,2016-05-27-22,Normal,-97.35,36.4
24,97,2016-05-27-22,Normal,-88.77,40.76
18,16,2016-05-27-22,Normal,-91.2,39.75
20,41,2016-05-27-22,Normal,-90.2,41.59
26,57,2016-05-27-22,Normal,-92.31,37.81
16,12,2016-05-27-22,Normal,-91.47,41.74
25,96,2016-05-27-22,Normal,-89.71,37.47
14,25,2016-05-27-22,Normal,-94.58,37.03
20,41,2016-05-27-22,Normal,-89.88,41.77
15,51,2016-05-27-22,Normal,-91.93,34.81
23,68,2016-05-27-22,Normal,-91.05,41.72
26,57,2016-05-27-22,Normal,-92.08,37.81
18,16,2016-05-27-22,Normal,-90.79,39.69
22,87,2016-05-27-22,Normal,-91.14,34.96
30,58,2016-05-27-22,Normal,-90.2,41.59
17,15,2016-05-27-22,Normal,-90.55,38.81
12,104,2016-05-27-22,Normal,-89.65,36.37
24,97,2016-05-27-22,Normal,-87.67,41.87
18,16,2016-05-27-22,Normal,-90.63,39.7
31,18,2016-05-27-22,Normal,-94.46,37.16
11,74,2016-05-27-22,Normal,-88.07,41.48
14,25,2016-05-27-22,Normal,-94.46,37.16
23,68,2016-05-27-22,Normal,-90.44,41.54
22,87,2016-05-27-22,Normal,-90.68,35.12
32,42,2016-05-27-22,Normal,-90.94,35.03
20,41,2016-05-27-22,Normal,-89.03,41.92
25,96,2016-05-27-22,Normal,-89.65,36.37
19,26,2016-05-27-22,Normal,-97.32,37.15
29,66,2016-05-27-22,Normal,-97.32,37.27
10,85,2016-05-27-22,Normal,-91.44,38.09
31,18,2016-05-27-22,Normal,-94.3,37.66
27,105,2016-05-27-22,Normal,-90.79,38.83
13,89,2016-05-27-22,Normal,-89.03,41.92
14,25,2016-05-27-22,Normal,-94.3,37.66
17,15,2016-05-27-22,Normal,-90.93,38.82
32,42,2016-05-27-22,Normal,-90.37,35.21
18,16,2016-05-27-22,Normal,-90.24,39.72
20,41,2016-05-27-22,Normal,-88.64,42.21
21,109,2016-05-27-22,Normal,-94.35,38.33
17,15,2016-05-27-22,Normal,-91.1,38.83
22,87,2016-05-27-22,Normal,-90.04,35.19
25,96,2016-05-27-22,Normal,-90.24,35.35
27,105,2016-05-27-22,Normal,-91.1,38.83
26,57,2016-05-27-22,Normal,-91.18,38.22
20,41,2016-05-27-22,Normal,-88.41,42.11
14,25,2016-05-27-22,Normal,-94.35,38.33
32,42,2016-05-27-22,Normal,-90.04,35.19
31,18,2016-05-27-22,Normal,-94.38,38.67
30,58,2016-05-27-22,Normal,-88.64,42.21
20,41,2016-05-27-22,Normal,-88.02,42.04
13,89,2016-05-27-22,Normal,-88.41,42.11
16,12,2016-05-27-22,Normal,-89.52,40.7
29,66,2016-05-27-22,Normal,-97.32,37.48
15,51,2016-05-27-22,Normal,-90.04,35.19
18,16,2016-05-27-22,Normal,-89.96,39.74
13,89,2016-05-27-22,Normal,-88.02,42.04
16,12,2016-05-27-22,Normal,-89.91,40.86
17,15,2016-05-27-22,Normal,-91.56,38.93
25,96,2016-05-27-22,Normal,-90.24,35.35
10,85,2016-05-27-22,Normal,-90.69,38.5
31,18,2016-05-27-22,Normal,-94.59,39.1
20,41,2016-05-27-22,Normal,-87.66,41.89
16,12,2016-05-27-22,Normal,-90.29,40.96
22,87,2016-05-27-22,Normal,-91.14,34.96
10,85,2016-05-27-22,Normal,-90.53,38.51
15,51,2016-05-27-22,Normal,-90.68,35.12
21,109,2016-05-27-22,Normal,-94.38,38.99
11,74,2016-05-27-22,Normal,-89.74,39.1
16,12,2016-05-27-22,Normal,-90.44,41.54
23,68,2016-05-27-22,Normal,-91.05,41.72
29,66,2016-05-27-22,Normal,-97.37,36.91
20,41,2016-05-27-22,Normal,-88.41,42.11
26,57,2016-05-27-22,Normal,-90.34,38.58
14,25,2016-05-27-22,Normal,-94.38,38.99
28,39,2016-05-27-22,Normal,-89.78,39.77
27,105,2016-05-27-22,Normal,-92.22,38.96
24,97,2016-05-27-22,Normal,-89.74,39.1
18,16,2016-05-27-22,Normal,-89.78,39.77
11,74,2016-05-27-22,Normal,-90.2,38.65
12,104,2016-05-27-22,Normal,-89.56,37.2
19,26,2016-05-27-22,Normal,-97.37,36.79
27,105,2016-05-27-22,Normal,-92.38,38.98
24,97,2016-05-27-22,Normal,-89.63,39.84
23,68,2016-05-27-22,Normal,-91.47,41.74
13,89,2016-05-27-22,Normal,-88.64,42.21
14,25,2016-05-27-22,Normal,-94.35,38.33
32,42,2016-05-27-22,Normal,-91.93,34.81
24,97,2016-05-27-22,Normal,-89.17,40.38
23,68,2016-05-27-22,Normal,-91.63,41.72
15,51,2016-05-27-22,Normal,-91.74,34.89
12,104,2016-05-27-22,Normal,-90.0,37.72
17,15,2016-05-27-22,Normal,-92.63,38.95
23,68,2016-05-27-22,Normal,-91.78,42.23
31,18,2016-05-27-22,Normal,-94.3,37.66
21,109,2016-05-27-22,Normal,-94.31,37.31
20,41,2016-05-27-22,Normal,-89.29,41.85
14,25,2016-05-27-22,Normal,-94.3,37.66
17,15,2016-05-27-22,Normal,-92.85,38.93
22,87,2016-05-27-22,Normal,-92.31,34.78
18,16,2016-05-27-22,Normal,-90.24,39.72
21,109,2016-05-27-22,Normal,-94.46,37.16
30,58,2016-05-27-22,Normal,-89.03,41.92
11,74,2016-05-27-22,Normal,-88.77,40.76
19,26,2016-05-27-22,Normal,-96.97,36.24
31,18,2016-05-27-22,Normal,-94.46,37.16
10,85,2016-05-27-22,Normal,-90.86,38.46
21,109,2016-05-27-22,Normal,-94.58,37.03
14,25,2016-05-27-22,Normal,-94.46,37.16
19,26,2016-05-27-22,Normal,-96.68,36.2
22,87,2016-05-27-22,Normal,-91.93,34.81
18,16,2016-05-27-22,Normal,-90.52,39.71
29,66,2016-05-27-22,Normal,-96.44,36.23
20,41,2016-05-27-22,Normal,-90.2,41.59
14,25,2016-05-27-22,Normal,-94.58,37.03
17,15,2016-05-27-22,Normal,-93.45,38.99
28,39,2016-05-27-22,Normal,-90.63,39.7
18,16,2016-05-27-22,Normal,-90.63,39.7
21,109,2016-05-27-22,Normal,-94.46,37.16
24,97,2016-05-27-22,Normal,-87.67,41.87
26,57,2016-05-27-22,Normal,-91.18,38.22
12,104,2016-05-27-22,Normal,-90.35,38.43
31,18,2016-05-27-22,Normal,-94.46,37.16
27,105,2016-05-27-22,Normal,-93.65,39.0
32,42,2016-05-27-22,Normal,-91.74,34.89
17,15,2016-05-27-22,Normal,-93.85,39.01
19,26,2016-05-27-22,Normal,-95.99,36.17
30,58,2016-05-27-22,Normal,-90.2,41.59
23,68,2016-05-27-22,Normal,-90.7,41.62
21,109,2016-05-27-22,Normal,-94.3,37.66
24,97,2016-05-27-22,Normal,-88.42,41.11
20,41,2016-05-27-22,Normal,-91.24,41.67
14,25,2016-05-27-22,Normal,-94.31,37.31
15,51,2016-05-27-22,Normal,-91.38,34.83
32,42,2016-05-27-22,Normal,-91.14,34.96
29,66,2016-05-27-22,Normal,-95.56,35.97
24,97,2016-05-27-22,Normal,-88.77,40.76
10,85,2016-05-27-22,Normal,-91.55,38.04
28,39,2016-05-27-22,Normal,-91.36,39.76
15,51,2016-05-27-22,Normal,-91.14,34.96
32,42,2016-05-27-22,Normal,-90.94,35.03
25,96,2016-05-27-22,Normal,-90.0,37.72
24,97,2016-05-27-22,Normal,-89.17,40.38
10,85,2016-05-27-22,Normal,-91.69,37.99
22,87,2016-05-27-22,Normal,-90.37,35.21
15,51,2016-05-27-22,Normal,-90.94,35.03
18,16,2016-05-27-22,Normal,-91.59,39.68
25,96,2016-05-27-22,Normal,-89.71,37.47
28,39,2016-05-27-22,Normal,-91.8,39.67
10,85,2016-05-27-22,Normal,-91.99,37.94
15,51,2016-05-27-22,Normal,-90.68,35.12
12,104,2016-05-27-22,Normal,-89.54,36.84
28,39,2016-05-27-22,Normal,-92.07,39.71
14,25,2016-05-27-22,Normal,-94.38,38.67
17,15,2016-05-27-22,Normal,-94.44,39.1
30,58,2016-05-27-22,Normal,-91.94,41.71
22,87,2016-05-27-22,Normal,-90.04,35.19
12,104,2016-05-27-22,Normal,-89.65,36.37
17,15,2016-05-27-22,Normal,-94.31,39.04
23,68,2016-05-27-22,Normal,-89.52,40.7
10,85,2016-05-27-22,Normal,-92.31,37.81
19,26,2016-05-27-22,Normal,-94.88,35.47
26,57,2016-05-27-22,Normal,-92.31,37.81
13,89,2016-05-27-22,Normal,-92.74,41.75
18,16,2016-05-27-22,Normal,-92.27,39.76
14,25,2016-05-27-22,Normal,-94.59,39.1
23,68,2016-05-27-22,Normal,-89.91,40.86
20,41,2016-05-27-22,Normal,-93.04,41.71
13,89,2016-05-27-22,Normal,-93.04,41.71
25,96,2016-05-27-22,Normal,-89.8,35.94
32,42,2016-05-27-22,Normal,-90.37,35.21
10,85,2016-05-27-22,Normal,-92.61,37.7
20,41,2016-05-27-22,Normal,-93.36,41.69
19,26,2016-05-27-22,Normal,-94.22,35.5
21,109,2016-05-27-22,Normal,-94.38,38.67
24,97,2016-05-27-22,Normal,-89.63,39.84
28,39,2016-05-27-22,Normal,-92.74,39.76
32,42,2016-05-27-22,Normal,-90.68,35.12
10,85,2016-05-27-22,Normal,-92.74,37.6
15,51,2016-05-27-22,Normal,-90.68,35.12
25,96,2016-05-27-22,Normal,-90.24,35.35
17,15,2016-05-27-22,Normal,-93.65,39.0
30,58,2016-05-27-22,Normal,-93.36,41.69
23,68,2016-05-27-22,Normal,-90.7,41.62
15,51,2016-05-27-22,Normal,-90.94,35.03
19,26,2016-05-27-22,Normal,-93.61,35.51
18,16,2016-05-27-22,Normal,-92.94,39.77
31,18,2016-05-27-22,Normal,-94.35,38.33
10,85,2016-05-27-22,Normal,-92.99,37.34
14,25,2016-05-27-22,Normal,-94.35,38.33
11,74,2016-05-27-22,Normal,-90.0,37.72
19,26,2016-05-27-22,Normal,-93.36,35.4
29,66,2016-05-27-22,Normal,-93.12,35.31
24,97,2016-05-27-22,Normal,-88.42,41.11
30,58,2016-05-27-22,Normal,-93.58,41.62
13,89,2016-05-27-22,Normal,-93.04,41.71
14,25,2016-05-27-22,Normal,-94.37,38.0
18,16,2016-05-27-22,Normal,-93.33,39.77
26,57,2016-05-27-22,Normal,-93.14,37.26
22,87,2016-05-27-22,Normal,-92.09,34.8
10,85,2016-05-27-22,Normal,-93.34,37.21
30,58,2016-05-27-22,Normal,-93.36,41.69
13,89,2016-05-27-22,Normal,-92.74,41.75
29,66,2016-05-27-22,Normal,-92.53,35.15
25,96,2016-05-27-22,Normal,-90.07,35.68
24,97,2016-05-27-22,Normal,-87.67,41.87
20,41,2016-05-27-22,Normal,-92.4,41.78
10,85,2016-05-27-22,Normal,-93.69,37.16
18,16,2016-05-27-22,Normal,-93.93,39.76
31,18,2016-05-27-22,Normal,-94.46,37.16
15,51,2016-05-27-22,Normal,-91.93,34.81
27,105,2016-05-27-22,Normal,-92.63,38.95
10,85,2016-05-27-22,Normal,-93.96,37.08
28,39,2016-05-27-22,Normal,-94.15,39.77
25,96,2016-05-27-22,Normal,-89.65,36.37
15,51,2016-05-27-22,Normal,-92.09,34.8
16,12,2016-05-27-22,Normal,-91.63,41.72
24,97,2016-05-27-22,Normal,-88.07,41.48
32,42,2016-05-27-22,Normal,-92.31,34.78
26,57,2016-05-27-22,Normal,-94.23,37.09
25,96,2016-05-27-22,Overspeed,-89.54,36.84
19,26,2016-05-27-22,Normal,-92.25,34.75
30,58,2016-05-27-22,Normal,-92.19,41.74
22,87,2016-05-27-22,Normal,-91.93,34.81
32,42,2016-05-27-22,Normal,-92.31,34.78
18,16,2016-05-27-22,Normal,-94.24,39.63
15,51,2016-05-27-22,Normal,-92.31,34.78
11,74,2016-05-27-22,Lane Departure,-90.07,35.68
16,12,2016-05-27-22,Normal,-91.78,42.23
22,87,2016-05-27-22,Normal,-91.74,34.89
23,68,2016-05-27-22,Normal,-91.47,41.74
29,66,2016-05-27-22,Normal,-92.53,35.15
31,18,2016-05-27-22,Normal,-89.63,39.84
11,74,2016-05-27-22,Normal,-90.24,35.35
14,25,2016-05-27-22,Normal,-89.91,40.86
24,97,2016-05-27-22,Normal,-89.17,40.38
21,109,2016-05-27-22,Normal,-88.77,40.76
23,68,2016-05-27-22,Normal,-91.32,41.71
13,89,2016-05-27-22,Normal,-90.82,41.66
27,105,2016-05-27-22,Normal,-91.74,38.94
22,87,2016-05-27-22,Normal,-91.14,34.96
12,104,2016-05-27-22,Normal,-90.35,38.43
19,26,2016-05-27-22,Normal,-92.87,35.25
13,89,2016-05-27-22,Normal,-90.64,41.56
25,96,2016-05-27-22,Normal,-90.24,38.0
17,15,2016-05-27-22,Normal,-91.56,38.93
14,25,2016-05-27-22,Normal,-90.44,41.54
10,85,2016-05-27-22,Normal,-95.35,36.47
31,18,2016-05-27-22,Normal,-88.42,41.11
32,42,2016-05-27-22,Normal,-91.38,34.83
26,57,2016-05-27-22,Normal,-95.35,36.47
30,58,2016-05-27-22,Normal,-90.64,41.56
14,25,2016-05-27-22,Normal,-90.7,41.62
22,87,2016-05-27-22,Normal,-90.68,35.12
24,97,2016-05-27-22,Normal,-90.2,38.65
32,42,2016-05-27-22,Normal,-91.14,34.96
26,57,2016-05-27-22,Normal,-95.5,36.37
27,105,2016-05-27-22,Normal,-91.19,38.83
12,104,2016-05-27-22,Normal,-90.35,38.43
31,18,2016-05-27-22,Normal,-87.67,41.87
24,97,2016-05-27-22,Normal,-90.2,38.65
32,42,2016-05-27-22,Normal,-90.94,35.03
30,58,2016-05-27-22,Normal,-89.88,41.77
22,87,2016-05-27-22,Unsafe tail distance,-90.04,35.19
10,85,2016-05-27-22,Normal,-95.76,36.18
19,26,2016-05-27-22,Normal,-93.92,35.53
32,42,2016-05-27-22,Normal,-90.68,35.12
20,41,2016-05-27-22,Overspeed,-89.03,41.92
18,16,2016-05-27-22,Overspeed,-94.28,39.53
17,15,2016-05-27-22,Normal,-90.93,38.82
14,25,2016-05-27-22,Normal,-91.47,41.74
24,97,2016-05-27-22,Normal,-89.63,39.84
23,68,2016-05-27-22,Lane Departure,-89.52,40.7
11,74,2016-05-27-22,Normal,-89.54,36.84
30,58,2016-05-27-22,Normal,-89.29,41.85
12,104,2016-05-27-22,Normal,-89.71,37.47
17,15,2016-05-27-22,Lane Departure,-90.79,38.83
32,42,2016-05-27-22,Unsafe following distance,-90.04,35.19
26,57,2016-05-27-22,Overspeed,-95.99,36.17
11,74,2016-05-27-22,Normal,-89.56,37.2
16,12,2016-05-27-22,Lane Departure,-89.52,40.7
12,104,2016-05-27-22,Normal,-89.56,37.2
24,97,2016-05-27-22,Normal,-88.77,40.76
32,42,2016-05-27-22,Normal,-90.04,35.19
11,74,2016-05-27-22,Lane Departure,-89.71,37.47
26,57,2016-05-27-22,Normal,-95.76,36.18
18,16,2016-05-27-22,Normal,-94.15,39.77
12,104,2016-05-27-22,Normal,-89.54,36.84
28,39,2016-05-27-22,Normal,-94.15,39.77
23,68,2016-05-27-22,Normal,-89.63,39.84
26,57,2016-05-27-22,Normal,-95.69,36.25
13,89,2016-05-27-22,Normal,-88.02,42.04
14,25,2016-05-27-22,Normal,-91.63,41.72
28,39,2016-05-27-22,Normal,-93.93,39.76
12,104,2016-05-27-22,Normal,-89.65,36.37
21,109,2016-05-27-22,Normal,-89.74,39.1
15,51,2016-05-27-22,Normal,-89.74,39.1
16,12,2016-05-27-22,Normal,-89.63,39.84
24,97,2016-05-27-22,Normal,-87.67,41.87
30,58,2016-05-27-22,Normal,-88.41,42.11
11,74,2016-05-27-22,Normal,-90.35,38.43
25,96,2016-05-27-22,Normal,-89.65,36.37
26,57,2016-05-27-22,Normal,-95.35,36.47
27,105,2016-05-27-22,Normal,-90.21,38.65
17,15,2016-05-27-22,Normal,-90.21,38.65
10,85,2016-05-27-22,Normal,-95.14,36.66
19,26,2016-05-27-22,Normal,-95.56,35.97
29,66,2016-05-27-22,Normal,-95.76,36.08
13,89,2016-05-27-22,Normal,-88.02,42.04
18,16,2016-05-27-22,Normal,-93.13,39.78
22,87,2016-05-27-22,Normal,-87.67,41.87
12,104,2016-05-27-22,Normal,-90.24,35.35
20,41,2016-05-27-22,Normal,-88.41,42.11
16,12,2016-05-27-22,Normal,-88.42,41.11
13,89,2016-05-27-22,Normal,-88.41,42.11
14,25,2016-05-27-22,Normal,-90.7,41.62
32,42,2016-05-27-22,Normal,-94.38,38.67
23,68,2016-05-27-22,Normal,-87.67,41.87
15,51,2016-05-27-22,Normal,-88.42,41.11
11,74,2016-05-27-22,Normal,-90.35,38.43
25,96,2016-05-27-22,Normal,-90.24,35.35
13,89,2016-05-27-22,Normal,-88.64,42.21
32,42,2016-05-27-22,Normal,-94.38,38.99
19,26,2016-05-27-22,Normal,-96.21,36.19
16,12,2016-05-27-22,Normal,-87.67,41.87
28,39,2016-05-27-22,Normal,-92.57,39.77
25,96,2016-05-27-22,Normal,-90.07,35.1
19,26,2016-05-27-22,Normal,-96.44,36.23
13,89,2016-05-27-22,Normal,-93.58,41.62
21,109,2016-05-27-22,Normal,-94.58,37.03
24,97,2016-05-27-22,Normal,-90.2,38.65
12,104,2016-05-27-22,Normal,-90.15,38.62
25,96,2016-05-27-22,Normal,-90.15,38.62
31,18,2016-05-27-22,Normal,-94.58,37.03
29,66,2016-05-27-22,Normal,-97.32,37.48
19,26,2016-05-27-22,Normal,-97.32,37.48
25,96,2016-05-27-22,Normal,-90.35,38.43
28,39,2016-05-27-22,Normal,-89.78,39.77
18,16,2016-05-27-22,Normal,-89.78,39.77
24,97,2016-05-27-22,Normal,-89.74,39.1
29,66,2016-05-27-22,Normal,-97.32,37.27
18,16,2016-05-27-22,Normal,-89.96,39.74
19,26,2016-05-27-22,Normal,-97.32,37.27
26,57,2016-05-27-22,Normal,-90.53,38.51
27,105,2016-05-27-22,Normal,-90.55,38.81
29,66,2016-05-27-22,Normal,-97.32,37.15
11,74,2016-05-27-22,Normal,-89.17,40.38
20,41,2016-05-27-22,Normal,-92.74,41.75
27,105,2016-05-27-22,Normal,-90.67,38.82
13,89,2016-05-27-22,Normal,-92.74,41.75
16,12,2016-05-27-22,Normal,-90.44,41.54
11,74,2016-05-27-22,Normal,-88.77,40.76
14,25,2016-05-27-22,Normal,-94.37,38.0
20,41,2016-05-27-22,Normal,-92.4,41.78
27,105,2016-05-27-22,Normal,-90.79,38.83
30,58,2016-05-27-22,Normal,-92.4,41.78
31,18,2016-05-27-22,Normal,-94.37,38.0
23,68,2016-05-27-22,Normal,-91.05,41.72
20,41,2016-05-27-22,Normal,-92.19,41.74
14,25,2016-05-27-22,Normal,-94.35,38.33
17,15,2016-05-27-22,Normal,-90.93,38.82
16,12,2016-05-27-22,Normal,-91.05,41.72
29,66,2016-05-27-22,Normal,-97.34,36.63
11,74,2016-05-27-22,Normal,-88.07,41.48
27,105,2016-05-27-22,Normal,-91.1,38.83
17,15,2016-05-27-22,Normal,-91.1,38.83
19,26,2016-05-27-22,Normal,-97.34,36.63
30,58,2016-05-27-22,Normal,-91.94,41.71
31,18,2016-05-27-22,Normal,-94.38,38.67
18,16,2016-05-27-22,Normal,-90.52,39.71
21,109,2016-05-27-22,Normal,-94.38,38.99
19,26,2016-05-27-22,Normal,-97.35,36.4
16,12,2016-05-27-22,Normal,-91.47,41.74
31,18,2016-05-27-22,Normal,-94.38,38.99
10,85,2016-05-27-22,Normal,-91.44,38.09
20,41,2016-05-27-22,Normal,-91.24,41.67
28,39,2016-05-27-22,Normal,-90.63,39.7
21,109,2016-05-27-22,Normal,-94.59,39.1
26,57,2016-05-27-22,Normal,-91.44,38.09
30,58,2016-05-27-22,Normal,-91.24,41.67
23,68,2016-05-27-22,Normal,-91.78,42.23
22,87,2016-05-27-22,Normal,-92.31,34.78
19,26,2016-05-27-22,Normal,-96.97,36.24
21,109,2016-05-27-22,Normal,-94.59,39.1
25,96,2016-05-27-22,Normal,-90.07,35.68
15,51,2016-05-27-22,Normal,-92.31,34.78
12,104,2016-05-27-22,Normal,-90.24,35.35
18,16,2016-05-27-22,Normal,-90.97,39.72
19,26,2016-05-27-22,Normal,-96.68,36.2
25,96,2016-05-27-22,Normal,-90.24,35.35
31,18,2016-05-27-22,Normal,-94.38,38.99
29,66,2016-05-27-22,Normal,-96.44,36.23
15,51,2016-05-27-22,Normal,-92.31,34.78
18,16,2016-05-27-22,Normal,-91.2,39.75
19,26,2016-05-27-22,Normal,-96.44,36.23
30,58,2016-05-27-22,Normal,-90.2,41.59
26,57,2016-05-27-22,Normal,-91.99,37.94
17,15,2016-05-27-22,Normal,-92.22,38.96
18,16,2016-05-27-22,Normal,-91.36,39.76
28,39,2016-05-27-22,Normal,-91.36,39.76
21,109,2016-05-27-22,Normal,-94.35,38.33
25,96,2016-05-27-22,Normal,-90.07,35.1
24,97,2016-05-27-22,Normal,-89.17,40.38
18,16,2016-05-27-22,Normal,-91.59,39.68
22,87,2016-05-27-22,Normal,-91.74,34.89
27,105,2016-05-27-22,Normal,-92.38,38.98
25,96,2016-05-27-22,Normal,-90.24,35.35
26,57,2016-05-27-22,Normal,-92.31,37.81
17,15,2016-05-27-22,Normal,-92.53,38.98
18,16,2016-05-27-22,Normal,-91.8,39.67
20,41,2016-05-27-22,Normal,-89.29,41.85
21,109,2016-05-27-22,Normal,-94.3,37.66
24,97,2016-05-27-22,Normal,-89.74,39.1
29,66,2016-05-27-22,Normal,-95.56,35.97
12,104,2016-05-27-22,Normal,-89.8,35.94
11,74,2016-05-27-22,Normal,-90.2,38.65
28,39,2016-05-27-22,Normal,-92.07,39.71
27,105,2016-05-27-22,Normal,-92.63,38.95
14,25,2016-05-27-22,Normal,-94.31,37.31
26,57,2016-05-27-22,Normal,-92.61,37.7
28,39,2016-05-27-22,Normal,-92.27,39.76
18,16,2016-05-27-22,Normal,-92.27,39.76
19,26,2016-05-27-22,Normal,-95.42,35.87
32,42,2016-05-27-22,Normal,-90.94,35.03
24,97,2016-05-27-22,Normal,-90.2,38.65
29,66,2016-05-27-22,Normal,-95.3,35.64
12,104,2016-05-27-22,Normal,-89.54,36.84
13,89,2016-05-27-22,Normal,-88.64,42.21
32,42,2016-05-27-22,Normal,-90.68,35.12
24,97,2016-05-27-22,Normal,-89.74,39.1
14,25,2016-05-27-22,Normal,-94.58,37.03
15,51,2016-05-27-22,Normal,-90.68,35.12
30,58,2016-05-27-22,Normal,-88.64,42.21
13,89,2016-05-27-22,Normal,-88.41,42.11
10,85,2016-05-27-22,Normal,-92.99,37.34
14,25,2016-05-27-22,Normal,-94.58,37.03
24,97,2016-05-27-22,Normal,-89.63,39.84
15,51,2016-05-27-22,Normal,-90.37,35.21
23,68,2016-05-27-22,Normal,-89.52,40.7
19,26,2016-05-27-22,Normal,-94.88,35.47
27,105,2016-05-27-22,Normal,-93.45,38.99
26,57,2016-05-27-22,Normal,-93.14,37.26
29,66,2016-05-27-22,Normal,-94.57,35.37
20,41,2016-05-27-22,Normal,-87.66,41.89
12,104,2016-05-27-22,Normal,-90.0,37.72
18,16,2016-05-27-22,Normal,-92.94,39.77
28,39,2016-05-27-22,Normal,-92.94,39.77
24,97,2016-05-27-22,Normal,-88.77,40.76
14,25,2016-05-27-22,Normal,-94.31,37.31
15,51,2016-05-27-22,Normal,-90.04,35.19
10,85,2016-05-27-22,Normal,-93.69,37.16
12,104,2016-05-27-22,Normal,-90.24,38.0
28,39,2016-05-27-22,Normal,-93.13,39.78
27,105,2016-05-27-22,Normal,-93.85,39.01
12,104,2016-05-27-22,Normal,-90.35,38.43
20,41,2016-05-27-22,Normal,-88.02,42.04
19,26,2016-05-27-22,Normal,-93.92,35.53
25,96,2016-05-27-22,Normal,-90.35,38.43
28,39,2016-05-27-22,Normal,-93.33,39.77
14,25,2016-05-27-22,Normal,-94.37,38.0
22,87,2016-05-27-22,Normal,-90.94,35.03
16,12,2016-05-27-22,Normal,-90.29,40.96
25,96,2016-05-27-22,Normal,-90.15,38.62
17,15,2016-05-27-22,Normal,-94.16,39.04
24,97,2016-05-27-22,Normal,-87.67,41.87
31,18,2016-05-27-22,Normal,-94.38,38.67
16,12,2016-05-27-22,Normal,-90.44,41.54
12,104,2016-05-27-22,Normal,-90.15,38.62
32,42,2016-05-27-22,Normal,-91.14,34.96
28,39,2016-05-27-22,Normal,-93.93,39.76
27,105,2016-05-27-22,Normal,-94.31,39.04
13,89,2016-05-27-22,Normal,-88.64,42.21
12,104,2016-05-27-22,Normal,-90.35,38.43
17,15,2016-05-27-22,Normal,-94.44,39.1
30,58,2016-05-27-22,Normal,-88.64,42.21
20,41,2016-05-27-22,Normal,-89.03,41.92
31,18,2016-05-27-22,Normal,-94.59,39.1
27,105,2016-05-27-22,Normal,-94.44,39.1
29,66,2016-05-27-22,Normal,-92.87,35.25
17,15,2016-05-27-22,Normal,-94.44,39.1
10,85,2016-05-27-22,Normal,-95.01,36.73
24,97,2016-05-27-22,Normal,-88.42,41.11
14,25,2016-05-27-22,Normal,-94.59,39.1
23,68,2016-05-27-22,Normal,-91.47,41.74
15,51,2016-05-27-22,Normal,-91.74,34.89
25,96,2016-05-27-22,Normal,-90.0,37.72
20,41,2016-05-27-22,Normal,-89.6,41.76
14,25,2016-05-27-22,Normal,-94.59,39.1
19,26,2016-05-27-22,Normal,-92.25,34.92
26,57,2016-05-27-22,Normal,-95.14,36.66
18,16,2016-05-27-22,Normal,-94.28,39.53
28,39,2016-05-27-22,Normal,-94.28,39.53
14,25,2016-05-27-22,Normal,-94.38,38.99
29,66,2016-05-27-22,Normal,-92.25,34.75
11,74,2016-05-27-22,Normal,-89.17,40.38
27,105,2016-05-27-22,Normal,-94.16,39.04
17,15,2016-05-27-22,Normal,-94.0,39.03
28,39,2016-05-27-22,Normal,-94.36,39.37
25,96,2016-05-27-22,Normal,-89.56,37.2
32,42,2016-05-27-22,Normal,-92.31,34.78
24,97,2016-05-27-22,Normal,-89.63,39.84
12,104,2016-05-27-22,Normal,-89.54,36.84
19,26,2016-05-27-22,Normal,-92.25,34.75
30,58,2016-05-27-22,Normal,-89.88,41.77
31,18,2016-05-27-22,Normal,-94.37,38.0
32,42,2016-05-27-22,Normal,-92.31,34.78
13,89,2016-05-27-22,Normal,-90.2,41.59
12,104,2016-05-27-22,Normal,-89.65,36.37
19,26,2016-05-27-22,Normal,-92.25,34.92
25,96,2016-05-27-22,Normal,-89.65,36.37
23,68,2016-05-27-22,Normal,-91.47,41.74
11,74,2016-05-27-22,Normal,-90.2,38.65
27,105,2016-05-27-22,Normal,-93.65,39.0
19,26,2016-05-27-22,Normal,-92.53,35.15
32,42,2016-05-27-22,Normal,-91.93,34.81
28,39,2016-05-27-22,Normal,-94.57,39.15
29,66,2016-05-27-22,Normal,-92.87,35.25
11,74,2016-05-27-22,Normal,-90.2,38.65
12,104,2016-05-27-22,Normal,-90.07,35.68
22,87,2016-05-27-22,Normal,-91.74,34.89
18,16,2016-05-27-22,Normal,-94.42,39.27
30,58,2016-05-27-22,Normal,-90.82,41.66
13,89,2016-05-27-22,Normal,-91.24,41.67
10,85,2016-05-27-22,Normal,-95.76,36.18
15,51,2016-05-27-22,Normal,-91.74,34.89
19,26,2016-05-27-22,Normal,-93.12,35.31
18,16,2016-05-27-22,Normal,-94.36,39.37
23,68,2016-05-27-22,Normal,-90.7,41.62
13,89,2016-05-27-22,Normal,-91.59,41.7
16,12,2016-05-27-22,Normal,-91.05,41.72
22,87,2016-05-27-22,Normal,-91.14,34.96
20,41,2016-05-27-22,Normal,-92.19,41.74
18,16,2016-05-27-22,Normal,-94.28,39.53
12,104,2016-05-27-22,Normal,-90.07,35.1
11,74,2016-05-27-22,Normal,-89.17,40.38
27,105,2016-05-27-22,Normal,-92.85,38.93
22,87,2016-05-27-22,Normal,-90.94,35.03
32,42,2016-05-27-22,Normal,-90.94,35.03
19,26,2016-05-27-22,Normal,-93.61,35.51
21,109,2016-05-27-22,Normal,-94.46,37.16
26,57,2016-05-27-22,Normal,-95.5,36.37
29,66,2016-05-27-22,Normal,-93.92,35.53
20,41,2016-05-27-22,Normal,-92.74,41.75
32,42,2016-05-27-22,Normal,-90.68,35.12
19,26,2016-05-27-22,Normal,-93.92,35.53
21,109,2016-05-27-22,Normal,-94.31,37.31
29,66,2016-05-27-22,Normal,-94.22,35.5
11,74,2016-05-27-22,Normal,-88.42,41.11
31,18,2016-05-27-22,Normal,-94.31,37.31
25,96,2016-05-27-22,Normal,-90.07,35.68
13,89,2016-05-27-22,Normal,-92.74,41.75
18,16,2016-05-27-22,Normal,-94.15,39.77
11,74,2016-05-27-22,Normal,-88.07,41.48
27,105,2016-05-27-22,Normal,-92.38,38.98
20,41,2016-05-27-22,Normal,-93.36,41.69
19,26,2016-05-27-22,Normal,-94.57,35.37
25,96,2016-05-27-22,Normal,-89.8,35.94
12,104,2016-05-27-22,Normal,-89.65,36.37
29,66,2016-05-27-22,Normal,-94.88,35.47
31,18,2016-05-27-22,Normal,-94.37,38.0
15,51,2016-05-27-22,Normal,-90.04,35.19
25,96,2016-05-27-22,Normal,-89.65,36.37
13,89,2016-05-27-22,Normal,-93.36,41.69
12,104,2016-05-27-22,Normal,-89.54,36.84
22,87,2016-05-27-22,Normal,-90.37,35.21
28,39,2016-05-27-22,Normal,-93.33,39.77
27,105,2016-05-27-22,Normal,-92.03,38.97
25,96,2016-05-27-22,Normal,-89.54,36.84
13,89,2016-05-27-22,Normal,-93.58,41.62
23,68,2016-05-27-22,Normal,-90.29,40.96
10,85,2016-05-27-22,Normal,-94.23,37.09
22,87,2016-05-27-22,Normal,-90.68,35.12
30,58,2016-05-27-22,Normal,-93.58,41.62
19,26,2016-05-27-22,Normal,-95.3,35.64
18,16,2016-05-27-22,Normal,-93.13,39.78
16,12,2016-05-27-22,Normal,-90.29,40.96
11,74,2016-05-27-22,Normal,-88.42,41.11
28,39,2016-05-27-22,Normal,-92.94,39.77
32,42,2016-05-27-22,Normal,-90.94,35.03
19,26,2016-05-27-22,Normal,-95.42,35.87
12,104,2016-05-27-22,Normal,-90.0,37.72
14,25,2016-05-27-22,Normal,-94.59,39.1
11,74,2016-05-27-22,Normal,-88.77,40.76
20,41,2016-05-27-22,Normal,-92.74,41.75
18,16,2016-05-27-22,Normal,-92.74,39.76
23,68,2016-05-27-22,Normal,-91.05,41.72
22,87,2016-05-27-22,Normal,-91.38,34.83
14,25,2016-05-27-22,Normal,-94.59,39.1
28,39,2016-05-27-22,Normal,-92.57,39.77
15,51,2016-05-27-22,Normal,-91.14,34.96
21,109,2016-05-27-22,Normal,-94.38,38.99
18,16,2016-05-27-22,Normal,-92.57,39.77
24,97,2016-05-27-22,Normal,-89.74,39.1
14,25,2016-05-27-22,Normal,-94.38,38.99
32,42,2016-05-27-22,Normal,-91.74,34.89
31,18,2016-05-27-22,Normal,-94.38,38.99
18,16,2016-05-27-22,Normal,-92.42,39.76
13,89,2016-05-27-22,Normal,-92.4,41.78
24,97,2016-05-27-22,Normal,-90.2,38.65
14,25,2016-05-27-22,Normal,-94.38,38.67
13,89,2016-05-27-22,Normal,-92.19,41.74
27,105,2016-05-27-22,Normal,-90.93,38.82
20,41,2016-05-27-22,Normal,-91.94,41.71
21,109,2016-05-27-22,Normal,-94.35,38.33
10,85,2016-05-27-22,Normal,-92.89,37.51
15,51,2016-05-27-22,Normal,-91.93,34.81
13,89,2016-05-27-22,Normal,-91.94,41.71
18,16,2016-05-27-22,Normal,-92.07,39.71
27,105,2016-05-27-22,Normal,-90.79,38.83
22,87,2016-05-27-22,Normal,-92.31,34.78
10,85,2016-05-27-22,Normal,-92.74,37.6
17,15,2016-05-27-22,Normal,-90.55,38.81
18,16,2016-05-27-22,Normal,-91.8,39.67
12,104,2016-05-27-22,Normal,-90.24,38.0
22,87,2016-05-27-22,Normal,-92.31,34.78
19,26,2016-05-27-22,Normal,-96.68,36.2
10,85,2016-05-27-22,Normal,-92.61,37.7
20,41,2016-05-27-22,Normal,-90.82,41.66
30,58,2016-05-27-22,Normal,-91.59,41.7
26,57,2016-05-27-22,Normal,-92.61,37.7
21,109,2016-05-27-22,Normal,-94.31,37.31
25,96,2016-05-27-22,Normal,-90.24,38.0
11,74,2016-05-27-22,Normal,-89.63,39.84
31,18,2016-05-27-22,Normal,-94.31,37.31
18,16,2016-05-27-22,Normal,-91.36,39.76
17,15,2016-05-27-22,Normal,-90.21,38.65
27,105,2016-05-27-22,Normal,-90.41,38.75
10,85,2016-05-27-22,Normal,-92.31,37.81
13,89,2016-05-27-22,Normal,-90.64,41.56
11,74,2016-05-27-22,Normal,-89.17,40.38
12,104,2016-05-27-22,Normal,-89.56,37.2
23,68,2016-05-27-22,Normal,-91.32,41.71
19,26,2016-05-27-22,Normal,-97.35,36.4
31,18,2016-05-27-22,Normal,-94.58,37.03
18,16,2016-05-27-22,Normal,-90.97,39.72
13,89,2016-05-27-22,Normal,-90.2,41.59
30,58,2016-05-27-22,Normal,-90.64,41.56
12,104,2016-05-27-22,Normal,-89.54,36.84
28,39,2016-05-27-22,Normal,-90.79,39.69
10,85,2016-05-27-22,Normal,-91.99,37.94
31,18,2016-05-27-22,Normal,-94.58,37.03
13,89,2016-05-27-22,Normal,-89.88,41.77
16,12,2016-05-27-22,Normal,-91.05,41.72
14,25,2016-05-27-22,Normal,-94.58,37.03
29,66,2016-05-27-22,Normal,-97.37,36.91
19,26,2016-05-27-22,Normal,-97.37,36.79
13,89,2016-05-27-22,Normal,-89.6,41.76
16,12,2016-05-27-22,Normal,-90.7,41.62
26,57,2016-05-27-22,Normal,-91.69,37.99
12,104,2016-05-27-22,Normal,-89.8,35.94
24,97,2016-05-27-22,Normal,-87.67,41.87
18,16,2016-05-27-22,Normal,-90.52,39.71
11,74,2016-05-27-22,Normal,-87.67,41.87
30,58,2016-05-27-22,Normal,-89.6,41.76
21,109,2016-05-27-22,Normal,-94.3,37.66
28,39,2016-05-27-22,Normal,-90.37,39.71
22,87,2016-05-27-22,Normal,-90.37,35.21
18,16,2016-05-27-22,Normal,-90.37,39.71
25,96,2016-05-27-22,Normal,-89.8,35.94
26,57,2016-05-27-22,Normal,-91.44,38.09
23,68,2016-05-27-22,Normal,-89.91,40.86
24,97,2016-05-27-22,Normal,-88.42,41.11
22,87,2016-05-27-22,Normal,-90.04,35.19
25,96,2016-05-27-22,Normal,-90.07,35.68
11,74,2016-05-27-22,Normal,-88.07,41.48
30,58,2016-05-27-22,Normal,-89.03,41.92
19,26,2016-05-27-22,Normal,-97.32,37.48
12,104,2016-05-27-22,Normal,-90.07,35.1
10,85,2016-05-27-22,Unsafe tail distance,-91.18,38.22
15,51,2016-05-27-22,Normal,-90.37,35.21
23,68,2016-05-27-22,Normal,-89.52,40.7
21,109,2016-05-27-22,Normal,-94.38,38.67
17,15,2016-05-27-22,Normal,-91.19,38.83
28,39,2016-05-27-22,Normal,-90.14,39.76
27,105,2016-05-27-22,Normal,-91.19,38.83
15,51,2016-05-27-22,Normal,-90.04,35.19
23,68,2016-05-27-22,Normal,-89.91,40.86
21,109,2016-05-27-22,Normal,-94.38,38.99
17,15,2016-05-27-22,Normal,-91.33,38.87
32,42,2016-05-27-22,Normal,-90.37,35.21
31,18,2016-05-27-22,Normal,-94.38,38.99
26,57,2016-05-27-22,Normal,-90.86,38.46
23,68,2016-05-27-22,Normal,-90.29,40.96
14,25,2016-05-27-22,Normal,-94.38,38.99
28,39,2016-05-27-22,Normal,-89.78,39.77
19,26,2016-05-27-22,Normal,-97.32,37.48
29,66,2016-05-27-22,Normal,-97.32,37.27
23,68,2016-05-27-22,Normal,-90.44,41.54
14,25,2016-05-27-22,Normal,-94.59,39.1
17,15,2016-05-27-22,Normal,-91.74,38.94
28,39,2016-05-27-22,Normal,-89.66,39.78
23,68,2016-05-27-22,Normal,-90.7,41.62
25,96,2016-05-27-22,Normal,-90.07,35.68
20,41,2016-05-27-22,Normal,-88.02,42.04
30,58,2016-05-27-22,Normal,-87.66,41.89
28,39,2016-05-27-22,Normal,-89.66,39.78
22,87,2016-05-27-22,Normal,-91.38,34.83
10,85,2016-05-27-22,Normal,-90.34,38.58
31,18,2016-05-27-22,Normal,-94.38,38.99
21,109,2016-05-27-22,Normal,-94.38,38.67
16,12,2016-05-27-22,Normal,-90.7,41.62
17,15,2016-05-27-22,Normal,-92.22,38.96
32,42,2016-05-27-22,Normal,-91.38,34.83
31,18,2016-05-27-22,Normal,-94.38,38.67
30,58,2016-05-27-22,Normal,-88.02,42.04
15,51,2016-05-27-22,Normal,-91.14,34.96
14,25,2016-05-27-22,Normal,-94.38,38.67
28,39,2016-05-27-22,Normal,-89.96,39.74
25,96,2016-05-27-22,Normal,-89.54,36.84
20,41,2016-05-27-22,Normal,-88.96,42.25
29,66,2016-05-27-22,Normal,-97.34,36.63
16,12,2016-05-27-22,Normal,-91.32,41.71
26,57,2016-05-27-22,Normal,-90.18,38.64
19,26,2016-05-27-22,Normal,-97.34,36.63
27,105,2016-05-27-22,Normal,-92.53,38.98
21,109,2016-05-27-22,Normal,-94.3,37.66
11,74,2016-05-27-22,Normal,-89.63,39.84
14,25,2016-05-27-22,Normal,-94.37,38.0
28,39,2016-05-27-22,Normal,-90.24,39.72
22,87,2016-05-27-22,Normal,-92.31,34.78
25,96,2016-05-27-22,Normal,-89.71,37.47
29,66,2016-05-27-22,Normal,-97.14,36.41
15,51,2016-05-27-22,Normal,-91.93,34.81
30,58,2016-05-27-22,Normal,-88.96,42.25
28,39,2016-05-27-22,Normal,-90.24,39.72
31,18,2016-05-27-22,Normal,-94.31,37.31
27,105,2016-05-27-22,Normal,-92.85,38.93
10,85,2016-05-27-22,Normal,-90.69,38.5
16,12,2016-05-27-22,Normal,-91.78,42.23
28,39,2016-05-27-22,Normal,-90.37,39.71
22,87,2016-05-27-22,Normal,-92.09,34.8
23,68,2016-05-27-22,Normal,-91.63,41.72
24,97,2016-05-27-22,Normal,-88.07,41.48
32,42,2016-05-27-22,Normal,-92.31,34.78
13,89,2016-05-27-22,Normal,-89.6,41.76
16,12,2016-05-27-22,Normal,-91.78,42.23
26,57,2016-05-27-22,Normal,-90.86,38.46
23,68,2016-05-27-22,Normal,-91.47,41.74
21,109,2016-05-27-22,Normal,-94.58,37.03
24,97,2016-05-27-22,Normal,-87.67,41.87
30,58,2016-05-27-22,Normal,-89.6,41.76
19,26,2016-05-27-22,Normal,-96.44,36.23
22,87,2016-05-27-22,Normal,-91.74,34.89
29,66,2016-05-27-22,Normal,-96.21,36.19
10,85,2016-05-27-22,Normal,-91.18,38.22
13,89,2016-05-27-22,Normal,-90.2,41.59
16,12,2016-05-27-22,Normal,-91.47,41.74
17,15,2016-05-27-22,Normal,-93.65,39.0
15,51,2016-05-27-22,Normal,-91.93,34.81
18,16,2016-05-27-22,Normal,-90.79,39.69
21,109,2016-05-27-22,Normal,-94.31,37.31
20,41,2016-05-27-22,Normal,-90.82,41.66
15,51,2016-05-27-22,Normal,-91.74,34.89
12,104,2016-05-27-22,Normal,-90.24,38.0
13,89,2016-05-27-22,Normal,-90.82,41.66
32,42,2016-05-27-22,Normal,-91.38,34.83
10,85,2016-05-27-22,Normal,-91.44,38.09
16,12,2016-05-27-22,Normal,-91.05,41.72
19,26,2016-05-27-22,Normal,-95.76,36.08
22,87,2016-05-27-22,Normal,-90.94,35.03
13,89,2016-05-27-22,Normal,-91.24,41.67
23,68,2016-05-27-22,Normal,-90.44,41.54
27,105,2016-05-27-22,Normal,-94.0,39.03
30,58,2016-05-27-22,Normal,-90.82,41.66
19,26,2016-05-27-22,Normal,-95.56,35.97
22,87,2016-05-27-22,Normal,-90.68,35.12
18,16,2016-05-27-22,Normal,-91.36,39.76
14,25,2016-05-27-22,Normal,-94.37,38.0
17,15,2016-05-27-22,Normal,-94.31,39.04
20,41,2016-05-27-22,Normal,-91.94,41.71
12,104,2016-05-27-22,Normal,-89.56,37.2
26,57,2016-05-27-22,Normal,-91.69,37.99
32,42,2016-05-27-22,Normal,-90.68,35.12
21,109,2016-05-27-22,Normal,-94.38,38.67
19,26,2016-05-27-22,Normal,-95.3,35.64
16,12,2016-05-27-22,Normal,-90.29,40.96
11,74,2016-05-27-22,Normal,-89.17,40.38
26,57,2016-05-27-22,Normal,-91.99,37.94
32,42,2016-05-27-22,Normal,-90.37,35.21
29,66,2016-05-27-22,Normal,-95.15,35.51
15,51,2016-05-27-22,Normal,-90.37,35.21
20,41,2016-05-27-22,Normal,-92.4,41.78
16,12,2016-05-27-22,Normal,-89.91,40.86
31,18,2016-05-27-22,Normal,-94.38,38.99
21,109,2016-05-27-22,Normal,-94.59,39.1
25,96,2016-05-27-22,Normal,-89.54,36.84
24,97,2016-05-27-22,Normal,-90.2,38.65
16,12,2016-05-27-22,Normal,-89.52,40.7
31,18,2016-05-27-22,Normal,-94.59,39.1
21,109,2016-05-27-22,Normal,-94.59,39.1
29,66,2016-05-27-22,Normal,-94.57,35.37
24,97,2016-05-27-22,Normal,-90.2,38.65
19,26,2016-05-27-22,Normal,-94.57,35.37
27,105,2016-05-27-22,Normal,-94.16,39.04
22,87,2016-05-27-22,Normal,-90.68,35.12
21,109,2016-05-27-22,Normal,-94.38,38.99
30,58,2016-05-27-22,Normal,-92.74,41.75
24,97,2016-05-27-22,Normal,-89.74,39.1
11,74,2016-05-27-22,Normal,-90.2,38.65
23,68,2016-05-27-22,Normal,-90.29,40.96
26,57,2016-05-27-22,Normal,-92.61,37.7
12,104,2016-05-27-22,Normal,-90.24,35.35
25,96,2016-05-27-22,Normal,-90.07,35.68
20,41,2016-05-27-22,Normal,-93.58,41.62
16,12,2016-05-27-22,Normal,-90.29,40.96
11,74,2016-05-27-22,Normal,-90.35,38.43
13,89,2016-05-27-22,Normal,-93.58,41.62
21,109,2016-05-27-22,Normal,-94.35,38.33
29,66,2016-05-27-22,Normal,-93.61,35.51
14,25,2016-05-27-22,Normal,-94.38,38.67
22,87,2016-05-27-22,Normal,-91.38,34.83
26,57,2016-05-27-22,Normal,-92.89,37.51
29,66,2016-05-27-22,Normal,-93.36,35.4
17,15,2016-05-27-22,Normal,-93.45,38.99
30,58,2016-05-27-22,Normal,-93.58,41.62
32,42,2016-05-27-22,Normal,-91.14,34.96
13,89,2016-05-27-22,Normal,-93.36,41.69
12,104,2016-05-27-22,Normal,-90.24,35.35
31,18,2016-05-27-22,Normal,-94.37,38.0
22,87,2016-05-27-22,Normal,-91.93,34.81
10,85,2016-05-27-22,Normal,-93.14,37.26
28,39,2016-05-27-22,Normal,-93.33,39.77
32,42,2016-05-27-22,Normal,-91.38,34.83
23,68,2016-05-27-22,Normal,-91.32,41.71
19,26,2016-05-27-22,Normal,-93.12,35.31
24,97,2016-05-27-22,Normal,-88.07,41.48
32,42,2016-05-27-22,Normal,-91.74,34.89
12,104,2016-05-27-22,Normal,-89.8,35.94
16,12,2016-05-27-22,Normal,-91.32,41.71
31,18,2016-05-27-22,Normal,-94.31,37.31
17,15,2016-05-27-22,Normal,-92.85,38.93
14,25,2016-05-27-22,Normal,-94.31,37.31
26,57,2016-05-27-22,Normal,-93.69,37.16
28,39,2016-05-27-22,Normal,-93.93,39.76
23,68,2016-05-27-22,Normal,-91.63,41.72
29,66,2016-05-27-22,Normal,-92.25,34.92
16,12,2016-05-27-22,Normal,-91.47,41.74
17,15,2016-05-27-22,Normal,-92.63,38.95
13,89,2016-05-27-22,Normal,-92.19,41.74
23,68,2016-05-27-22,Normal,-91.78,42.23
19,26,2016-05-27-22,Normal,-92.25,34.92
21,109,2016-05-27-22,Normal,-94.58,37.03
20,41,2016-05-27-22,Normal,-91.94,41.71
27,105,2016-05-27-22,Normal,-92.53,38.98
23,68,2016-05-27-22,Normal,-91.78,42.23
13,89,2016-05-27-22,Normal,-91.94,41.71
21,109,2016-05-27-22,Normal,-89.74,39.1
15,51,2016-05-27-22,Normal,-92.31,34.78
20,41,2016-05-27-22,Normal,-91.59,41.7
23,68,2016-05-27-22,Normal,-91.63,41.72
29,66,2016-05-27-22,Normal,-92.25,34.92
21,109,2016-05-27-22,Normal,-89.63,39.84
13,89,2016-05-27-22,Normal,-91.59,41.7
17,15,2016-05-27-22,Normal,-92.22,38.96
27,105,2016-05-27-22,Normal,-92.22,38.96
10,85,2016-05-27-22,Normal,-94.83,36.84
21,109,2016-05-27-22,Normal,-89.17,40.38
13,89,2016-05-27-22,Normal,-91.24,41.67
26,57,2016-05-27-22,Normal,-94.83,36.84
16,12,2016-05-27-22,Normal,-91.63,41.72
22,87,2016-05-27-22,Normal,-91.38,34.83
12,104,2016-05-27-22,Normal,-90.24,38.0
18,16,2016-05-27-22,Normal,-94.36,39.37
15,51,2016-05-27-22,Normal,-91.93,34.81
28,39,2016-05-27-22,Normal,-94.36,39.37
11,74,2016-05-27-22,Normal,-90.07,35.1
30,58,2016-05-27-22,Normal,-91.24,41.67
10,85,2016-05-27-22,Normal,-95.14,36.66
24,97,2016-05-27-22,Normal,-89.63,39.84
21,109,2016-05-27-22,Normal,-88.42,41.11
11,74,2016-05-27-22,Normal,-90.07,35.1
27,105,2016-05-27-22,Normal,-91.56,38.93
22,87,2016-05-27-22,Normal,-90.94,35.03
18,16,2016-05-27-22,Normal,-94.57,39.15
24,97,2016-05-27-22,Normal,-89.74,39.1
21,109,2016-05-27-22,Normal,-88.07,41.48
17,15,2016-05-27-22,Normal,-91.33,38.87
10,85,2016-05-27-22,Normal,-95.5,36.37
18,16,2016-05-27-22,Normal,-94.57,39.15
21,109,2016-05-27-22,Normal,-87.67,41.87
19,26,2016-05-27-22,Normal,-93.36,35.4
13,89,2016-05-27-22,Normal,-89.88,41.77
16,12,2016-05-27-22,Normal,-90.7,41.62
17,15,2016-05-27-22,Normal,-91.19,38.83
19,26,2016-05-27-22,Normal,-93.61,35.51
21,109,2016-05-27-22,Normal,-87.67,41.87
29,66,2016-05-27-22,Normal,-93.92,35.53
26,57,2016-05-27-22,Normal,-95.69,36.25
17,15,2016-05-27-22,Normal,-91.1,38.83
18,16,2016-05-27-22,Normal,-94.36,39.37
28,39,2016-05-27-22,Normal,-94.36,39.37
21,109,2016-05-27-22,Unsafe tail distance,-88.07,41.48
29,66,2016-05-27-22,Normal,-94.22,35.5
11,74,2016-05-27-22,Normal,-89.65,36.37
27,105,2016-05-27-22,Normal,-90.93,38.82
22,87,2016-05-27-22,Normal,-90.04,35.19
12,104,2016-05-27-22,Unsafe following distance,-90.0,37.72
13,89,2016-05-27-22,Lane Departure,-89.03,41.92
29,66,2016-05-27-22,Overspeed,-94.57,35.37
15,51,2016-05-27-22,Normal,-90.37,35.21
18,16,2016-05-27-22,Normal,-94.24,39.63
31,18,2016-05-27-22,Normal,-88.42,41.11
14,25,2016-05-27-22,Unsafe following distance,-91.63,41.72
20,41,2016-05-27-22,Normal,-88.64,42.21
23,68,2016-05-27-22,Normal,-89.52,40.7
15,51,2016-05-27-22,Lane Departure,-90.04,35.19
14,25,2016-05-27-22,Normal,-91.78,42.23
30,58,2016-05-27-22,Unsafe following distance,-89.03,41.92
28,39,2016-05-27-22,Normal,-94.25,39.73
25,96,2016-05-27-22,Normal,-89.71,37.47
20,41,2016-05-27-22,Normal,-88.41,42.11
16,12,2016-05-27-22,Normal,-89.52,40.7
31,18,2016-05-27-22,Normal,-89.17,40.38
32,42,2016-05-27-22,Normal,-94.46,37.16
19,26,2016-05-27-22,Normal,-95.15,35.51
20,41,2016-05-27-22,Normal,-88.02,42.04
21,109,2016-05-27-22,Normal,-89.63,39.84
27,105,2016-05-27-22,Normal,-90.41,38.75
22,87,2016-05-27-22,Normal,-88.77,40.76
17,15,2016-05-27-22,Normal,-90.41,38.75
10,85,2016-05-27-22,Normal,-95.5,36.37
25,96,2016-05-27-22,Normal,-89.54,36.84
26,57,2016-05-27-22,Normal,-95.5,36.37
27,105,2016-05-27-22,Normal,-90.21,38.65
13,89,2016-05-27-22,Normal,-87.66,41.89
14,25,2016-05-27-22,Normal,-91.47,41.74
19,26,2016-05-27-22,Normal,-95.42,35.87
32,42,2016-05-27-22,Normal,-94.3,37.66
24,97,2016-05-27-22,Normal,-87.67,41.87
13,89,2016-05-27-22,Normal,-87.66,41.89
14,25,2016-05-27-22,Normal,-91.32,41.71
20,41,2016-05-27-22,Normal,-88.02,42.04
23,68,2016-05-27-22,Normal,-88.42,41.11
25,96,2016-05-27-22,Normal,-89.8,35.94
15,51,2016-05-27-22,Normal,-89.17,40.38
16,12,2016-05-27-22,Normal,-88.77,40.76
28,39,2016-05-27-22,Normal,-93.13,39.78
23,68,2016-05-27-22,Normal,-88.07,41.48
19,26,2016-05-27-22,Normal,-95.76,36.08
30,58,2016-05-27-22,Normal,-87.66,41.89
24,97,2016-05-27-22,Normal,-88.42,41.11
18,16,2016-05-27-22,Normal,-92.94,39.77
17,15,2016-05-27-22,Normal,-90.55,38.81
10,85,2016-05-27-22,Normal,-94.83,36.84
26,57,2016-05-27-22,Normal,-94.83,36.84
29,66,2016-05-27-22,Normal,-96.21,36.19
18,16,2016-05-27-22,Normal,-92.74,39.76
22,87,2016-05-27-22,Normal,-88.07,41.48
10,85,2016-05-27-22,Normal,-94.54,37.02
26,57,2016-05-27-22,Normal,-94.54,37.02
30,58,2016-05-27-22,Normal,-88.02,42.04
24,97,2016-05-27-22,Normal,-89.17,40.38
13,89,2016-05-27-22,Normal,-88.96,42.25
14,25,2016-05-27-22,Normal,-90.29,40.96
12,104,2016-05-27-22,Normal,-90.24,35.35
17,15,2016-05-27-22,Normal,-90.79,38.83
11,98,2016-05-28-09,Normal,-93.04,41.71
24,61,2016-05-28-09,Normal,-89.74,39.1
31,58,2016-05-28-09,Normal,-89.88,41.77
18,104,2016-05-28-09,Normal,-90.79,39.69
26,42,2016-05-28-09,Normal,-92.74,37.6
16,77,2016-05-28-09,Normal,-94.58,37.03
31,58,2016-05-28-09,Normal,-90.2,41.59
25,17,2016-05-28-09,Normal,-90.24,35.35
12,81,2016-05-28-09,Normal,-88.42,41.11
21,46,2016-05-28-09,Normal,-90.29,40.96
28,41,2016-05-28-09,Normal,-90.63,39.7
25,17,2016-05-28-09,Normal,-90.07,35.68
11,98,2016-05-28-09,Normal,-93.58,41.62
29,78,2016-05-28-09,Normal,-97.37,36.79
23,26,2016-05-28-09,Normal,-89.88,41.77
12,81,2016-05-28-09,Normal,-88.77,40.76
27,11,2016-05-28-09,Normal,-91.74,38.94
29,78,2016-05-28-09,Normal,-97.34,36.63
24,61,2016-05-28-09,Normal,-89.74,39.1
12,81,2016-05-28-09,Normal,-89.17,40.38
13,40,2016-05-28-09,Normal,-89.52,40.7
21,46,2016-05-28-09,Normal,-89.52,40.7
22,83,2016-05-28-09,Normal,-94.38,38.67
18,104,2016-05-28-09,Normal,-89.66,39.78
29,78,2016-05-28-09,Normal,-97.36,37.69
30,18,2016-05-28-09,Normal,-93.58,41.62
32,66,2016-05-28-09,Normal,-90.04,35.19
10,79,2016-05-28-09,Normal,-90.34,38.58
14,43,2016-05-28-09,Normal,-94.46,37.16
10,79,2016-05-28-09,Normal,-90.53,38.51
13,40,2016-05-28-09,Normal,-93.04,41.71
21,46,2016-05-28-09,Normal,-94.31,37.31
22,83,2016-05-28-09,Normal,-90.94,35.03
29,78,2016-05-28-09,Normal,-97.32,37.15
32,66,2016-05-28-09,Normal,-90.94,35.03
12,81,2016-05-28-09,Normal,-89.71,37.47
27,11,2016-05-28-09,Normal,-90.21,38.65
28,41,2016-05-28-09,Normal,-89.66,39.78
15,75,2016-05-28-09,Normal,-90.04,35.19
18,104,2016-05-28-09,Normal,-89.78,39.77
11,98,2016-05-28-09,Normal,-89.74,39.1
15,75,2016-05-28-09,Normal,-90.37,35.21
18,104,2016-05-28-09,Normal,-89.96,39.74
30,18,2016-05-28-09,Normal,-93.04,41.71
31,58,2016-05-28-09,Normal,-94.31,37.31
13,40,2016-05-28-09,Normal,-92.74,41.75
19,90,2016-05-28-09,Normal,-97.32,37.15
10,79,2016-05-28-09,Normal,-90.86,38.46
22,83,2016-05-28-09,Normal,-94.38,38.99
19,90,2016-05-28-09,Normal,-97.37,36.79
26,42,2016-05-28-09,Normal,-92.89,37.51
21,46,2016-05-28-09,Normal,-90.44,41.54
13,40,2016-05-28-09,Normal,-90.44,41.54
11,98,2016-05-28-09,Normal,-93.36,41.69
22,83,2016-05-28-09,Normal,-94.59,39.1
24,61,2016-05-28-09,Normal,-90.2,38.65
20,20,2016-05-28-09,Normal,-90.37,35.21
26,42,2016-05-28-09,Normal,-92.61,37.7
24,61,2016-05-28-09,Normal,-90.2,38.65
32,66,2016-05-28-09,Normal,-94.59,39.1
23,26,2016-05-28-09,Normal,-89.6,41.76
19,90,2016-05-28-09,Normal,-97.35,36.4
31,58,2016-05-28-09,Normal,-90.64,41.56
22,83,2016-05-28-09,Normal,-94.59,39.1
14,43,2016-05-28-09,Normal,-90.44,41.54
18,104,2016-05-28-09,Normal,-90.52,39.71
22,83,2016-05-28-09,Normal,-94.38,38.99
32,66,2016-05-28-09,Normal,-94.59,39.1
17,97,2016-05-28-09,Normal,-92.03,38.97
30,18,2016-05-28-09,Normal,-87.67,41.87
19,90,2016-05-28-09,Normal,-97.14,36.41
12,81,2016-05-28-09,Normal,-89.63,39.84
12,81,2016-05-28-09,Normal,-90.15,38.62
14,43,2016-05-28-09,Normal,-94.58,37.03
16,77,2016-05-28-09,Normal,-89.52,40.7
25,17,2016-05-28-09,Normal,-90.15,38.62
19,90,2016-05-28-09,Normal,-97.32,37.48
26,42,2016-05-28-09,Normal,-90.34,38.58
27,11,2016-05-28-09,Normal,-90.55,38.81
17,97,2016-05-28-09,Normal,-90.55,38.81
19,90,2016-05-28-09,Normal,-97.32,37.27
12,81,2016-05-28-09,Normal,-90.0,37.72
23,26,2016-05-28-09,Normal,-90.44,41.54
25,17,2016-05-28-09,Normal,-90.0,37.72
22,83,2016-05-28-09,Normal,-91.14,34.96
23,26,2016-05-28-09,Normal,-89.52,40.7
26,42,2016-05-28-09,Normal,-90.18,38.64
27,11,2016-05-28-09,Normal,-90.41,38.75
16,77,2016-05-28-09,Normal,-89.91,40.86
32,66,2016-05-28-09,Normal,-90.37,35.21
24,61,2016-05-28-09,Normal,-89.63,39.84
14,43,2016-05-28-09,Normal,-94.31,37.31
26,42,2016-05-28-09,Normal,-90.53,38.51
10,79,2016-05-28-09,Normal,-90.69,38.5
14,43,2016-05-28-09,Normal,-94.3,37.66
31,58,2016-05-28-09,Normal,-94.3,37.66
20,20,2016-05-28-09,Normal,-92.4,41.78
25,17,2016-05-28-09,Normal,-90.07,35.1
14,43,2016-05-28-09,Normal,-91.32,41.71
12,81,2016-05-28-09,Normal,-88.07,41.48
20,20,2016-05-28-09,Normal,-90.68,35.12
30,18,2016-05-28-09,Normal,-88.77,40.76
32,66,2016-05-28-09,Normal,-94.38,38.67
27,11,2016-05-28-09,Normal,-92.22,38.96
15,75,2016-05-28-09,Normal,-91.74,34.89
32,66,2016-05-28-09,Normal,-94.38,38.99
13,40,2016-05-28-09,Normal,-90.29,40.96
18,104,2016-05-28-09,Normal,-90.63,39.7
14,43,2016-05-28-09,Normal,-90.7,41.62
20,20,2016-05-28-09,Normal,-90.04,35.19
21,46,2016-05-28-09,Normal,-89.91,40.86
30,18,2016-05-28-09,Normal,-88.42,41.11
17,97,2016-05-28-09,Normal,-92.22,38.96
16,77,2016-05-28-09,Normal,-94.46,37.16
28,41,2016-05-28-09,Normal,-90.52,39.71
15,75,2016-05-28-09,Normal,-92.09,34.8
10,79,2016-05-28-09,Normal,-92.89,37.51
18,104,2016-05-28-09,Normal,-90.37,39.71
32,66,2016-05-28-09,Normal,-94.38,38.99
28,41,2016-05-28-09,Normal,-90.37,39.71
22,83,2016-05-28-09,Normal,-90.04,35.19
20,20,2016-05-28-09,Normal,-93.58,41.62
19,90,2016-05-28-09,Normal,-97.36,37.69
22,83,2016-05-28-09,Normal,-90.37,35.21
13,40,2016-05-28-09,Normal,-93.36,41.69
29,78,2016-05-28-09,Normal,-97.32,37.48
31,58,2016-05-28-09,Normal,-94.46,37.16
15,75,2016-05-28-09,Normal,-90.68,35.12
25,17,2016-05-28-09,Normal,-90.24,38.0
16,77,2016-05-28-09,Normal,-90.44,41.54
24,61,2016-05-28-09,Normal,-89.17,40.38
26,42,2016-05-28-09,Normal,-90.69,38.5
10,79,2016-05-28-09,Normal,-90.18,38.64
24,61,2016-05-28-09,Normal,-90.2,38.65
13,40,2016-05-28-09,Normal,-93.58,41.62
30,18,2016-05-28-09,Normal,-93.36,41.69
20,20,2016-05-28-09,Normal,-93.36,41.69
25,17,2016-05-28-09,Normal,-90.35,38.43
12,81,2016-05-28-09,Normal,-90.24,38.0
16,77,2016-05-28-09,Normal,-90.29,40.96
29,78,2016-05-28-09,Normal,-97.32,37.27
20,20,2016-05-28-09,Normal,-92.74,41.75
15,75,2016-05-28-09,Normal,-90.94,35.03
21,46,2016-05-28-09,Normal,-94.3,37.66
27,11,2016-05-28-09,Normal,-90.79,38.83
30,18,2016-05-28-09,Normal,-92.4,41.78
14,43,2016-05-28-09,Normal,-94.37,38.0
23,26,2016-05-28-09,Normal,-90.7,41.62
17,97,2016-05-28-09,Normal,-90.79,38.83
28,41,2016-05-28-09,Normal,-90.24,39.72
20,20,2016-05-28-09,Normal,-92.19,41.74
12,81,2016-05-28-09,Normal,-89.54,36.84
29,78,2016-05-28-09,Normal,-97.37,36.79
24,61,2016-05-28-09,Normal,-88.42,41.11
13,40,2016-05-28-09,Normal,-92.19,41.74
10,79,2016-05-28-09,Normal,-91.18,38.22
22,83,2016-05-28-09,Normal,-91.74,34.89
23,26,2016-05-28-09,Normal,-91.32,41.71
14,43,2016-05-28-09,Normal,-94.38,38.67
17,97,2016-05-28-09,Normal,-91.1,38.83
16,77,2016-05-28-09,Normal,-91.32,41.71
25,17,2016-05-28-09,Normal,-89.54,36.84
23,26,2016-05-28-09,Normal,-91.47,41.74
30,18,2016-05-28-09,Normal,-91.59,41.7
16,77,2016-05-28-09,Normal,-91.47,41.74
11,98,2016-05-28-09,Normal,-87.67,41.87
21,46,2016-05-28-09,Normal,-94.38,38.99
10,79,2016-05-28-09,Normal,-91.44,38.09
14,43,2016-05-28-09,Normal,-94.59,39.1
21,46,2016-05-28-09,Normal,-94.59,39.1
19,90,2016-05-28-09,Normal,-97.14,36.41
27,11,2016-05-28-09,Normal,-92.38,38.98
10,79,2016-05-28-09,Normal,-93.34,37.21
28,41,2016-05-28-09,Normal,-90.79,39.69
17,97,2016-05-28-09,Normal,-92.53,38.98
14,43,2016-05-28-09,Normal,-91.05,41.72
23,26,2016-05-28-09,Normal,-89.29,41.85
29,78,2016-05-28-09,Normal,-97.37,36.91
17,97,2016-05-28-09,Normal,-92.38,38.98
10,79,2016-05-28-09,Normal,-93.14,37.26
19,90,2016-05-28-09,Normal,-97.34,36.63
16,77,2016-05-28-09,Normal,-94.58,37.03
27,11,2016-05-28-09,Normal,-92.03,38.97
10,79,2016-05-28-09,Normal,-92.99,37.34
15,75,2016-05-28-09,Normal,-91.93,34.81
26,42,2016-05-28-09,Normal,-92.48,37.8
13,40,2016-05-28-09,Normal,-89.91,40.86
11,98,2016-05-28-09,Normal,-93.58,41.62
30,18,2016-05-28-09,Normal,-88.07,41.48
31,58,2016-05-28-09,Normal,-90.82,41.66
25,17,2016-05-28-09,Normal,-89.8,35.94
16,77,2016-05-28-09,Normal,-94.31,37.31
14,43,2016-05-28-09,Normal,-90.29,40.96
31,58,2016-05-28-09,Normal,-91.24,41.67
17,97,2016-05-28-09,Normal,-90.21,38.65
31,58,2016-05-28-09,Normal,-94.58,37.03
12,81,2016-05-28-09,Normal,-90.35,38.43
23,26,2016-05-28-09,Normal,-89.91,40.86
17,97,2016-05-28-09,Normal,-90.41,38.75
28,41,2016-05-28-09,Normal,-89.96,39.74
11,98,2016-05-28-09,Normal,-89.63,39.84
32,66,2016-05-28-09,Normal,-90.68,35.12
28,41,2016-05-28-09,Normal,-90.14,39.76
27,11,2016-05-28-09,Normal,-90.67,38.82
11,98,2016-05-28-09,Normal,-89.17,40.38
29,78,2016-05-28-09,Normal,-97.37,36.91
11,98,2016-05-28-09,Normal,-90.2,38.65
21,46,2016-05-28-09,Normal,-94.58,37.03
28,41,2016-05-28-09,Normal,-89.78,39.77
24,61,2016-05-28-09,Normal,-89.74,39.1
21,46,2016-05-28-09,Normal,-94.46,37.16
22,83,2016-05-28-09,Normal,-90.68,35.12
20,20,2016-05-28-09,Normal,-93.04,41.71
23,26,2016-05-28-09,Normal,-90.29,40.96
18,104,2016-05-28-09,Normal,-90.14,39.76
30,18,2016-05-28-09,Normal,-92.74,41.75
17,97,2016-05-28-09,Normal,-90.67,38.82
28,41,2016-05-28-09,Normal,-90.24,39.72
18,104,2016-05-28-09,Normal,-90.24,39.72
24,61,2016-05-28-09,Normal,-88.77,40.76
32,66,2016-05-28-09,Normal,-91.14,34.96
25,17,2016-05-28-09,Normal,-89.71,37.47
22,83,2016-05-28-09,Normal,-91.38,34.83
19,90,2016-05-28-09,Normal,-97.37,36.79
17,97,2016-05-28-09,Normal,-90.93,38.82
18,104,2016-05-28-09,Normal,-90.24,39.72
21,46,2016-05-28-09,Normal,-94.35,38.33
32,66,2016-05-28-09,Normal,-91.38,34.83
21,46,2016-05-28-09,Normal,-94.38,38.67
11,98,2016-05-28-09,Normal,-88.07,41.48
15,75,2016-05-28-09,Normal,-91.74,34.89
13,40,2016-05-28-09,Normal,-91.94,41.71
26,42,2016-05-28-09,Normal,-91.18,38.22
27,11,2016-05-28-09,Normal,-91.19,38.83
31,58,2016-05-28-09,Normal,-94.38,38.67
29,78,2016-05-28-09,Normal,-97.35,36.4
31,58,2016-05-28-09,Normal,-94.38,38.99
18,104,2016-05-28-09,Normal,-90.52,39.71
22,83,2016-05-28-09,Normal,-92.09,34.8
17,97,2016-05-28-09,Normal,-91.19,38.83
30,18,2016-05-28-09,Normal,-91.24,41.67
18,104,2016-05-28-09,Normal,-90.63,39.7
29,78,2016-05-28-09,Normal,-97.14,36.41
23,26,2016-05-28-09,Normal,-91.78,42.23
17,97,2016-05-28-11,Normal,-91.74,38.94
29,78,2016-05-28-11,Normal,-97.14,36.41
13,69,2016-05-28-11,Normal,-93.58,41.62
10,79,2016-05-28-11,Normal,-92.74,37.6
15,92,2016-05-28-11,Normal,-90.04,35.19
27,60,2016-05-28-11,Normal,-90.21,38.65
21,54,2016-05-28-11,Normal,-94.58,37.03
14,56,2016-05-28-11,Normal,-94.58,37.03
12,22,2016-05-28-11,Normal,-90.15,38.62
20,33,2016-05-28-11,Normal,-93.36,41.69
22,29,2016-05-28-11,Normal,-90.37,35.21
26,38,2016-05-28-11,Normal,-90.34,38.58
18,11,2016-05-28-11,Normal,-89.96,39.74
15,92,2016-05-28-11,Normal,-90.68,35.12
30,58,2016-05-28-11,Normal,-93.04,41.71
20,33,2016-05-28-11,Normal,-92.74,41.75
15,92,2016-05-28-11,Normal,-90.94,35.03
21,54,2016-05-28-11,Normal,-94.46,37.16
15,92,2016-05-28-11,Normal,-90.37,35.21
17,27,2016-05-28-11,Normal,-90.41,38.75
23,44,2016-05-28-11,Normal,-90.29,40.96
14,56,2016-05-28-11,Normal,-94.31,37.31
27,60,2016-05-28-11,Normal,-90.55,38.81
11,39,2016-05-28-11,Normal,-89.17,40.38
29,68,2016-05-28-11,Normal,-97.32,37.15
27,60,2016-05-28-11,Normal,-90.67,38.82
20,33,2016-05-28-11,Normal,-92.4,41.78
11,39,2016-05-28-11,Normal,-88.77,40.76
30,58,2016-05-28-11,Normal,-92.74,41.75
24,89,2016-05-28-11,Normal,-88.77,40.76
28,90,2016-05-28-11,Normal,-90.24,39.72
11,39,2016-05-28-11,Normal,-88.42,41.11
12,22,2016-05-28-11,Normal,-89.56,37.2
18,11,2016-05-28-11,Normal,-90.37,39.71
11,39,2016-05-28-11,Normal,-88.07,41.48
17,27,2016-05-28-11,Normal,-91.1,38.83
21,54,2016-05-28-11,Normal,-94.38,38.67
12,22,2016-05-28-11,Normal,-89.65,36.37
24,89,2016-05-28-11,Normal,-87.67,41.87
13,69,2016-05-28-11,Normal,-92.4,41.78
15,92,2016-05-28-11,Normal,-91.38,34.83
23,44,2016-05-28-11,Normal,-91.05,41.72
26,38,2016-05-28-11,Normal,-91.07,38.31
10,43,2016-05-28-11,Normal,-91.18,38.22
19,65,2016-05-28-11,Normal,-97.34,36.63
30,58,2016-05-28-11,Normal,-91.94,41.71
10,43,2016-05-28-11,Normal,-91.3,38.14
29,68,2016-05-28-11,Normal,-97.35,36.4
17,27,2016-05-28-11,Normal,-91.19,38.83
13,69,2016-05-28-11,Normal,-91.59,41.7
18,11,2016-05-28-11,Normal,-90.63,39.7
15,92,2016-05-28-11,Normal,-92.09,34.8
16,71,2016-05-28-11,Normal,-91.63,41.72
20,33,2016-05-28-11,Normal,-90.82,41.66
29,68,2016-05-28-11,Normal,-97.14,36.41
12,22,2016-05-28-11,Normal,-90.07,35.68
23,44,2016-05-28-11,Normal,-91.78,42.23
30,58,2016-05-28-11,Normal,-90.82,41.66
17,27,2016-05-28-11,Normal,-91.56,38.93
20,33,2016-05-28-11,Normal,-90.64,41.56
15,92,2016-05-28-11,Normal,-92.31,34.78
28,90,2016-05-28-11,Normal,-90.79,39.69
10,43,2016-05-28-11,Normal,-91.69,37.99
20,33,2016-05-28-11,Normal,-90.2,41.59
14,56,2016-05-28-11,Normal,-94.38,38.99
23,44,2016-05-28-11,Normal,-91.63,41.72
15,92,2016-05-28-11,Normal,-92.31,34.78
29,68,2016-05-28-11,Normal,-96.44,36.23
32,21,2016-05-28-11,Normal,-92.09,34.8
10,43,2016-05-28-11,Normal,-91.99,37.94
15,92,2016-05-28-11,Normal,-92.09,34.8
30,58,2016-05-28-11,Normal,-90.2,41.59
27,60,2016-05-28-11,Normal,-92.03,38.97
12,22,2016-05-28-11,Normal,-90.07,35.1
11,39,2016-05-28-11,Normal,-89.17,40.38
17,27,2016-05-28-11,Normal,-92.22,38.96
20,33,2016-05-28-11,Normal,-89.6,41.76
12,22,2016-05-28-11,Normal,-90.24,35.35
29,68,2016-05-28-11,Normal,-95.99,36.17
15,92,2016-05-28-11,Normal,-91.74,34.89
14,56,2016-05-28-11,Normal,-94.3,37.66
22,29,2016-05-28-11,Normal,-91.38,34.83
28,90,2016-05-28-11,Normal,-91.8,39.67
29,68,2016-05-28-11,Normal,-95.56,35.97
24,89,2016-05-28-11,Normal,-90.2,38.65
18,11,2016-05-28-11,Normal,-92.27,39.76
11,39,2016-05-28-11,Normal,-90.2,38.65
13,69,2016-05-28-11,Normal,-89.88,41.77
27,60,2016-05-28-11,Normal,-92.22,38.96
25,106,2016-05-28-11,Normal,-90.24,35.35
22,29,2016-05-28-11,Normal,-91.74,34.89
19,65,2016-05-28-11,Normal,-95.76,36.08
30,58,2016-05-28-11,Normal,-89.29,41.85
24,89,2016-05-28-11,Normal,-89.74,39.1
27,60,2016-05-28-11,Normal,-92.53,38.98
12,22,2016-05-28-11,Normal,-89.8,35.94
26,38,2016-05-28-11,Normal,-92.61,37.7
14,56,2016-05-28-11,Normal,-94.46,37.16
27,60,2016-05-28-11,Normal,-92.63,38.95
31,86,2016-05-28-11,Normal,-94.46,37.16
26,38,2016-05-28-11,Normal,-92.74,37.6
14,56,2016-05-28-11,Normal,-94.58,37.03
32,21,2016-05-28-11,Normal,-90.68,35.12
17,27,2016-05-28-11,Normal,-93.01,38.97
20,33,2016-05-28-11,Normal,-88.41,42.11
23,44,2016-05-28-11,Normal,-89.91,40.86
26,38,2016-05-28-11,Normal,-92.89,37.51
15,92,2016-05-28-11,Normal,-90.68,35.12
16,71,2016-05-28-11,Normal,-89.91,40.86
24,89,2016-05-28-11,Normal,-89.63,39.84
23,44,2016-05-28-11,Normal,-89.52,40.7
17,27,2016-05-28-11,Normal,-93.45,38.99
25,106,2016-05-28-11,Normal,-89.71,37.47
28,90,2016-05-28-11,Normal,-92.74,39.76
11,39,2016-05-28-11,Normal,-89.63,39.84
17,27,2016-05-28-11,Normal,-93.2,38.98
15,92,2016-05-28-11,Normal,-90.37,35.21
22,29,2016-05-28-11,Normal,-90.04,35.19
24,89,2016-05-28-11,Normal,-89.17,40.38
23,44,2016-05-28-11,Normal,-89.52,40.7
22,29,2016-05-28-11,Normal,-90.04,35.19
24,89,2016-05-28-11,Normal,-88.77,40.76
25,106,2016-05-28-11,Normal,-90.0,37.72
11,39,2016-05-28-11,Normal,-88.42,41.11
30,58,2016-05-28-11,Normal,-87.66,41.89
23,44,2016-05-28-11,Normal,-89.91,40.86
20,33,2016-05-28-11,Normal,-88.02,42.04
21,54,2016-05-28-11,Normal,-94.3,37.66
25,106,2016-05-28-11,Normal,-90.24,38.0
10,43,2016-05-28-11,Normal,-93.96,37.08
31,86,2016-05-28-11,Normal,-94.37,38.0
10,43,2016-05-28-11,Normal,-94.23,37.09
19,65,2016-05-28-11,Normal,-93.61,35.51
25,106,2016-05-28-11,Normal,-90.15,38.62
14,56,2016-05-28-11,Normal,-94.38,38.67
11,39,2016-05-28-11,Normal,-87.67,41.87
20,33,2016-05-28-11,Normal,-88.96,42.25
11,39,2016-05-28-11,Normal,-88.07,41.48
19,65,2016-05-28-11,Normal,-93.92,35.53
21,54,2016-05-28-11,Normal,-94.37,38.0
14,56,2016-05-28-11,Normal,-94.35,38.33
30,58,2016-05-28-11,Normal,-88.41,42.11
24,89,2016-05-28-11,Normal,-87.67,41.87
29,68,2016-05-28-11,Normal,-93.36,35.4
13,69,2016-05-28-11,Normal,-88.64,42.21
16,71,2016-05-28-11,Normal,-90.7,41.62
14,56,2016-05-28-11,Normal,-94.38,38.99
18,11,2016-05-28-11,Normal,-94.15,39.77
16,71,2016-05-28-11,Normal,-91.05,41.72
25,106,2016-05-28-11,Normal,-90.35,38.43
17,27,2016-05-28-11,Normal,-94.44,39.1
24,89,2016-05-28-11,Normal,-88.07,41.48
16,71,2016-05-28-11,Normal,-91.32,41.71
27,60,2016-05-28-11,Normal,-94.44,39.1
26,38,2016-05-28-11,Normal,-95.01,36.73
22,29,2016-05-28-11,Normal,-91.93,34.81
13,69,2016-05-28-11,Normal,-89.29,41.85
10,43,2016-05-28-11,Normal,-95.35,36.47
11,39,2016-05-28-11,Normal,-88.42,41.11
25,106,2016-05-28-11,Normal,-90.24,38.0
12,22,2016-05-28-11,Normal,-90.24,38.0
29,68,2016-05-28-11,Normal,-92.25,34.92
20,33,2016-05-28-11,Normal,-89.88,41.77
18,11,2016-05-28-11,Normal,-94.36,39.37
19,65,2016-05-28-11,Normal,-92.53,35.15
32,21,2016-05-28-11,Normal,-91.93,34.81
12,22,2016-05-28-11,Normal,-90.0,37.72
28,90,2016-05-28-11,Normal,-94.24,39.63
23,44,2016-05-28-11,Normal,-91.63,41.72
30,58,2016-05-28-11,Normal,-89.6,41.76
19,65,2016-05-28-11,Normal,-92.25,34.75
22,29,2016-05-28-11,Normal,-92.31,34.78
13,69,2016-05-28-11,Normal,-89.88,41.77
27,60,2016-05-28-11,Normal,-94.16,39.04
24,89,2016-05-28-11,Normal,-89.63,39.84
11,39,2016-05-28-11,Normal,-89.74,39.1
29,68,2016-05-28-11,Normal,-92.25,34.75
18,11,2016-05-28-11,Normal,-94.42,39.27
12,22,2016-05-28-11,Normal,-89.54,36.84
14,56,2016-05-28-11,Normal,-94.37,38.0
17,27,2016-05-28-11,Normal,-93.85,39.01
32,21,2016-05-28-11,Normal,-92.09,34.8
24,89,2016-05-28-11,Normal,-90.2,38.65
19,65,2016-05-28-11,Normal,-92.53,35.15
15,92,2016-05-28-11,Normal,-91.93,34.81
24,89,2016-05-28-11,Normal,-90.2,38.65
11,39,2016-05-28-11,Normal,-90.2,38.65
14,56,2016-05-28-11,Normal,-94.31,37.31
26,38,2016-05-28-11,Normal,-95.99,36.17
29,68,2016-05-28-11,Normal,-92.25,34.92
15,92,2016-05-28-11,Normal,-92.09,34.8
27,60,2016-05-28-11,Normal,-93.85,39.01
26,38,2016-05-28-11,Normal,-95.99,36.17
12,22,2016-05-28-11,Normal,-89.8,35.94
28,90,2016-05-28-11,Normal,-94.57,39.15
29,68,2016-05-28-11,Normal,-92.87,35.25
22,29,2016-05-28-11,Normal,-91.74,34.89
11,39,2016-05-28-11,Normal,-89.63,39.84
14,56,2016-05-28-11,Normal,-94.46,37.16
29,68,2016-05-28-11,Normal,-93.12,35.31
13,69,2016-05-28-11,Normal,-91.59,41.7
22,29,2016-05-28-11,Normal,-91.38,34.83
30,58,2016-05-28-11,Normal,-91.94,41.71
12,22,2016-05-28-11,Normal,-90.07,35.1
16,71,2016-05-28-11,Normal,-90.7,41.62
19,65,2016-05-28-11,Normal,-93.61,35.51
20,33,2016-05-28-11,Normal,-92.4,41.78
16,71,2016-05-28-11,Normal,-90.44,41.54
17,27,2016-05-28-11,Normal,-92.53,38.98
25,106,2016-05-28-11,Normal,-90.24,35.35
24,89,2016-05-28-11,Normal,-89.63,39.84
17,27,2016-05-28-11,Normal,-93.01,38.97
11,39,2016-05-28-11,Normal,-88.07,41.48
19,65,2016-05-28-11,Normal,-93.36,35.4
23,44,2016-05-28-11,Normal,-90.7,41.62
10,43,2016-05-28-11,Normal,-95.5,36.37
18,11,2016-05-28-11,Normal,-94.24,39.63
32,21,2016-05-28-11,Normal,-90.94,35.03
10,43,2016-05-28-11,Normal,-95.35,36.47
21,54,2016-05-28-11,Normal,-94.46,37.16
23,44,2016-05-28-11,Normal,-90.29,40.96
20,33,2016-05-28-11,Normal,-92.74,41.75
15,92,2016-05-28-11,Normal,-90.37,35.21
26,38,2016-05-28-11,Normal,-95.14,36.66
32,21,2016-05-28-11,Normal,-90.37,35.21
13,69,2016-05-28-11,Normal,-92.74,41.75
29,68,2016-05-28-11,Normal,-94.57,35.37
15,92,2016-05-28-11,Normal,-90.04,35.19
13,69,2016-05-28-11,Normal,-93.04,41.71
28,90,2016-05-28-11,Normal,-93.93,39.76
21,54,2016-05-28-11,Normal,-94.3,37.66
17,27,2016-05-28-11,Normal,-92.22,38.96
32,21,2016-05-28-11,Normal,-90.04,35.19
24,89,2016-05-28-11,Normal,-87.67,41.87
22,29,2016-05-28-11,Normal,-90.04,35.19
18,11,2016-05-28-11,Normal,-93.33,39.77
15,92,2016-05-28-11,Normal,-90.04,35.19
13,69,2016-05-28-11,Normal,-93.36,41.69
20,33,2016-05-28-11,Normal,-93.58,41.62
19,65,2016-05-28-11,Normal,-95.3,35.64
29,68,2016-05-28-11,Normal,-95.3,35.64
29,68,2016-05-28-11,Normal,-95.15,35.51
30,58,2016-05-28-11,Normal,-93.58,41.62
10,43,2016-05-28-11,Normal,-94.23,37.09
18,11,2016-05-28-11,Normal,-93.13,39.78
15,92,2016-05-28-11,Normal,-90.68,35.12
22,29,2016-05-28-11,Normal,-90.68,35.12
23,44,2016-05-28-11,Normal,-90.29,40.96
29,68,2016-05-28-11,Normal,-95.42,35.87
11,39,2016-05-28-11,Normal,-88.77,40.76
19,65,2016-05-28-11,Normal,-95.42,35.87
28,90,2016-05-28-11,Normal,-93.13,39.78
10,43,2016-05-28-11,Normal,-93.69,37.16
26,38,2016-05-28-11,Normal,-93.96,37.08
13,69,2016-05-28-11,Normal,-93.36,41.69
28,90,2016-05-28-11,Normal,-92.94,39.77
12,22,2016-05-28-11,Normal,-89.71,37.47
13,69,2016-05-28-11,Normal,-93.04,41.71
14,56,2016-05-28-11,Normal,-94.59,39.1
25,106,2016-05-28-11,Normal,-90.0,37.72
19,65,2016-05-28-11,Normal,-95.76,36.08
16,71,2016-05-28-11,Normal,-90.7,41.62
14,56,2016-05-28-11,Normal,-94.59,39.1
17,27,2016-05-28-11,Normal,-91.1,38.83
31,86,2016-05-28-11,Normal,-94.59,39.1
10,43,2016-05-28-11,Normal,-93.14,37.26
16,71,2016-05-28-11,Normal,-91.05,41.72
17,27,2016-05-28-11,Normal,-90.93,38.82
28,90,2016-05-28-11,Normal,-92.57,39.77
18,11,2016-05-28-11,Normal,-92.42,39.76
25,106,2016-05-28-11,Normal,-90.35,38.43
10,43,2016-05-28-11,Normal,-92.99,37.34
21,54,2016-05-28-11,Normal,-94.38,38.67
10,43,2016-05-28-11,Normal,-90.86,38.46
19,65,2016-05-28-11,Normal,-97.32,37.48
14,56,2016-05-28-11,Normal,-94.38,38.99
12,22,2016-05-28-11,Normal,-90.24,35.35
27,60,2016-05-28-11,Normal,-91.19,38.83
31,86,2016-05-28-11,Normal,-94.38,38.67
14,56,2016-05-28-11,Normal,-94.59,39.1
12,22,2016-05-28-11,Normal,-90.07,35.68
20,33,2016-05-28-11,Normal,-87.66,41.89
27,60,2016-05-28-11,Normal,-91.33,38.87
26,38,2016-05-28-11,Normal,-90.69,38.5
14,56,2016-05-28-11,Normal,-94.59,39.1
18,11,2016-05-28-11,Normal,-89.66,39.78
25,106,2016-05-28-11,Normal,-89.8,35.94
30,58,2016-05-28-11,Normal,-88.02,42.04
10,43,2016-05-28-11,Normal,-90.69,38.5
17,27,2016-05-28-11,Normal,-91.56,38.93
16,71,2016-05-28-11,Normal,-89.91,40.86
10,43,2016-05-28-11,Normal,-90.53,38.51
18,11,2016-05-28-11,Normal,-89.66,39.78
15,92,2016-05-28-11,Normal,-90.94,35.03
20,33,2016-05-28-11,Normal,-88.41,42.11
26,38,2016-05-28-11,Normal,-90.53,38.51
10,43,2016-05-28-11,Normal,-90.18,38.64
22,29,2016-05-28-11,Normal,-91.14,34.96
21,54,2016-05-28-11,Normal,-94.38,38.99
12,22,2016-05-28-11,Normal,-89.65,36.37
31,86,2016-05-28-11,Normal,-94.59,39.1
27,60,2016-05-28-11,Normal,-92.22,38.96
32,21,2016-05-28-11,Normal,-91.38,34.83
24,89,2016-05-28-11,Normal,-89.74,39.1
18,11,2016-05-28-11,Normal,-89.96,39.74
27,60,2016-05-28-11,Normal,-92.38,38.98
20,33,2016-05-28-11,Normal,-88.96,42.25
32,21,2016-05-28-11,Normal,-91.74,34.89
10,43,2016-05-28-11,Normal,-90.34,38.58
27,60,2016-05-28-11,Normal,-92.53,38.98
25,106,2016-05-28-11,Normal,-89.54,36.84
19,65,2016-05-28-11,Normal,-97.35,36.4
10,43,2016-05-28-11,Normal,-90.53,38.51
16,71,2016-05-28-11,Normal,-91.32,41.71
27,60,2016-05-28-11,Normal,-92.63,38.95
26,38,2016-05-28-11,Normal,-90.18,38.64
32,21,2016-05-28-11,Normal,-92.09,34.8
21,54,2016-05-28-11,Normal,-94.37,38.0
17,27,2016-05-28-11,Normal,-92.63,38.95
12,22,2016-05-28-11,Normal,-90.0,37.72
30,58,2016-05-28-11,Normal,-89.03,41.92
17,27,2016-05-28-11,Normal,-92.85,38.93
28,90,2016-05-28-11,Normal,-90.24,39.72
23,44,2016-05-28-11,Normal,-91.63,41.72
24,89,2016-05-28-11,Normal,-88.42,41.11
14,56,2016-05-28-11,Normal,-94.31,37.31
10,43,2016-05-28-11,Normal,-90.86,38.46
25,106,2016-05-28-11,Normal,-90.0,37.72
18,11,2016-05-28-11,Normal,-90.37,39.71
28,90,2016-05-28-11,Normal,-90.24,39.72
15,92,2016-05-28-11,Normal,-92.31,34.78
13,69,2016-05-28-11,Normal,-89.6,41.76
28,90,2016-05-28-11,Normal,-90.37,39.71
24,89,2016-05-28-11,Normal,-87.67,41.87
13,69,2016-05-28-11,Normal,-89.88,41.77
32,21,2016-05-28-11,Normal,-91.93,34.81
26,38,2016-05-28-11,Normal,-90.69,38.5
16,71,2016-05-28-11,Normal,-91.63,41.72
11,39,2016-05-28-11,Normal,-87.67,41.87
12,22,2016-05-28-11,Normal,-90.15,38.62
23,44,2016-05-28-11,Normal,-91.78,42.23
17,27,2016-05-28-11,Normal,-93.45,38.99
10,43,2016-05-28-11,Normal,-91.18,38.22
19,65,2016-05-28-11,Normal,-96.21,36.19
18,11,2016-05-28-11,Normal,-90.79,39.69
21,54,2016-05-28-11,Normal,-94.58,37.03
32,21,2016-05-28-11,Normal,-91.74,34.89
18,11,2016-05-28-11,Normal,-91.8,39.67
27,60,2016-05-28-11,Normal,-94.44,39.1
11,39,2016-05-28-11,Normal,-89.74,39.1
10,43,2016-05-28-11,Normal,-92.08,37.81
24,89,2016-05-28-11,Normal,-89.74,39.1
26,38,2016-05-28-11,Normal,-91.99,37.94
32,21,2016-05-28-11,Normal,-90.04,35.19
20,33,2016-05-28-11,Normal,-92.74,41.75
12,22,2016-05-28-11,Normal,-89.54,36.84
15,92,2016-05-28-11,Normal,-90.04,35.19
23,44,2016-05-28-11,Normal,-89.52,40.7
19,65,2016-05-28-11,Normal,-94.88,35.47
25,106,2016-05-28-11,Normal,-89.54,36.84
32,21,2016-05-28-11,Normal,-90.04,35.19
15,92,2016-05-28-11,Normal,-90.04,35.19
27,60,2016-05-28-11,Normal,-94.16,39.04
28,90,2016-05-28-11,Normal,-92.07,39.71
21,54,2016-05-28-11,Normal,-94.59,39.1
13,69,2016-05-28-11,Normal,-93.04,41.71
30,58,2016-05-28-11,Normal,-92.74,41.75
23,44,2016-05-28-11,Normal,-89.52,40.7
16,71,2016-05-28-11,Normal,-89.52,40.7
19,65,2016-05-28-11,Normal,-96.21,36.19
28,90,2016-05-28-11,Normal,-92.42,39.76
30,58,2016-05-28-11,Normal,-92.19,41.74
27,60,2016-05-28-11,Normal,-90.93,38.82
17,27,2016-05-28-11,Normal,-90.79,38.83
28,90,2016-05-28-11,Normal,-92.27,39.76
12,22,2016-05-28-11,Normal,-90.15,38.62
31,86,2016-05-28-11,Normal,-94.38,38.67
13,69,2016-05-28-11,Normal,-91.94,41.71
15,92,2016-05-28-11,Normal,-92.31,34.78
14,56,2016-05-28-11,Normal,-94.37,38.0
25,106,2016-05-28-11,Normal,-90.35,38.43
19,65,2016-05-28-11,Normal,-96.97,36.24
26,38,2016-05-28-11,Normal,-92.61,37.7
24,89,2016-05-28-11,Normal,-89.63,39.84
26,38,2016-05-28-11,Normal,-92.99,37.34
16,71,2016-05-28-11,Normal,-91.47,41.74
17,27,2016-05-28-11,Normal,-90.67,38.82
19,65,2016-05-28-11,Normal,-96.68,36.2
30,58,2016-05-28-11,Normal,-91.59,41.7
29,68,2016-05-28-11,Normal,-96.97,36.24
24,89,2016-05-28-11,Normal,-89.74,39.1
14,56,2016-05-28-11,Normal,-94.3,37.66
23,44,2016-05-28-11,Normal,-91.78,42.23
13,69,2016-05-28-11,Normal,-91.24,41.67
21,54,2016-05-28-11,Normal,-94.31,37.31
26,38,2016-05-28-11,Normal,-92.48,37.8
20,33,2016-05-28-11,Normal,-93.58,41.62
16,71,2016-05-28-11,Normal,-89.91,40.86
18,11,2016-05-28-11,Normal,-92.74,39.76
30,58,2016-05-28-11,Normal,-93.36,41.69
20,33,2016-05-28-11,Normal,-93.58,41.62
14,56,2016-05-28-11,Normal,-94.38,38.99
17,27,2016-05-28-11,Normal,-93.85,39.01
11,39,2016-05-28-11,Normal,-92.74,41.75
30,58,2016-05-28-11,Normal,-93.58,41.62
32,21,2016-05-28-11,Normal,-90.94,35.03
13,69,2016-05-28-11,Normal,-93.58,41.62
32,21,2016-05-28-11,Normal,-91.14,34.96
30,58,2016-05-28-11,Normal,-93.58,41.62
22,29,2016-05-28-11,Normal,-91.14,34.96
11,39,2016-05-28-11,Normal,-92.19,41.74
26,38,2016-05-28-11,Normal,-92.99,37.34
12,22,2016-05-28-11,Normal,-90.07,35.1
29,68,2016-05-28-11,Normal,-93.12,35.31
11,39,2016-05-28-11,Normal,-92.4,41.78
21,54,2016-05-28-11,Normal,-94.35,38.33
16,71,2016-05-28-11,Normal,-90.7,41.62
10,43,2016-05-28-11,Normal,-93.14,37.26
23,44,2016-05-28-11,Normal,-91.05,41.72
27,60,2016-05-28-11,Normal,-93.2,38.98
17,27,2016-05-28-11,Normal,-92.38,38.98
26,38,2016-05-28-11,Normal,-94.54,37.02
27,60,2016-05-28-11,Normal,-92.22,38.96
14,56,2016-05-28-11,Normal,-89.52,40.7
28,90,2016-05-28-11,Normal,-94.24,39.63
27,60,2016-05-28-11,Normal,-92.03,38.97
15,92,2016-05-28-11,Normal,-91.93,34.81
12,22,2016-05-28-11,Normal,-89.56,37.2
29,68,2016-05-28-11,Normal,-92.53,35.15
31,86,2016-05-28-11,Normal,-94.58,37.03
32,21,2016-05-28-11,Normal,-92.09,34.8
21,54,2016-05-28-11,Normal,-90.29,40.96
22,29,2016-05-28-11,Normal,-92.09,34.8
11,39,2016-05-28-11,Normal,-89.88,41.77
22,29,2016-05-28-11,Normal,-91.74,34.89
16,71,2016-05-28-11,Normal,-91.32,41.71
10,43,2016-05-28-11,Normal,-95.35,36.47
10,43,2016-05-28-11,Normal,-95.01,36.73
24,89,2016-05-28-11,Normal,-94.35,38.33
28,90,2016-05-28-11,Normal,-94.28,39.53
19,65,2016-05-28-11,Normal,-92.87,35.25
31,86,2016-05-28-11,Normal,-90.37,35.21
21,54,2016-05-28-11,Normal,-90.44,41.54
31,86,2016-05-28-11,Normal,-90.68,35.12
27,60,2016-05-28-11,Normal,-90.41,38.75
23,44,2016-05-28-11,Normal,-91.63,41.72
29,68,2016-05-28-11,Normal,-97.35,36.4
22,29,2016-05-28-11,Normal,-92.09,34.8
15,92,2016-05-28-11,Normal,-91.93,34.81
24,89,2016-05-28-11,Normal,-89.17,40.38
16,71,2016-05-28-11,Normal,-91.63,41.72
14,56,2016-05-28-11,Normal,-94.46,37.16
28,90,2016-05-28-11,Normal,-91.2,39.75
27,60,2016-05-28-11,Normal,-90.21,38.65
30,58,2016-05-28-11,Normal,-90.2,41.59
13,69,2016-05-28-11,Normal,-90.2,41.59
16,71,2016-05-28-11,Normal,-91.32,41.71
26,38,2016-05-28-11,Normal,-91.99,37.94
22,29,2016-05-28-11,Normal,-91.38,34.83
24,89,2016-05-28-11,Normal,-88.07,41.48
22,29,2016-05-28-11,Normal,-91.93,34.81
19,65,2016-05-28-11,Normal,-97.34,36.63
29,68,2016-05-28-11,Normal,-97.37,36.79
10,43,2016-05-28-11,Normal,-91.99,37.94
11,39,2016-05-28-11,Normal,-88.07,41.48
15,92,2016-05-28-11,Normal,-91.38,34.83
10,43,2016-05-28-11,Normal,-91.69,37.99
27,60,2016-05-28-11,Normal,-90.55,38.81
14,56,2016-05-28-11,Normal,-94.46,37.16
13,69,2016-05-28-11,Normal,-89.6,41.76
31,86,2016-05-28-11,Normal,-94.58,37.03
20,33,2016-05-28-11,Normal,-89.03,41.92
16,71,2016-05-28-11,Normal,-90.7,41.62
28,90,2016-05-28-11,Normal,-90.63,39.7
12,22,2016-05-28-11,Normal,-89.8,35.94
18,11,2016-05-28-11,Normal,-90.37,39.71
29,68,2016-05-28-11,Normal,-97.32,37.27
20,33,2016-05-28-11,Normal,-88.96,42.25
28,90,2016-05-28-11,Normal,-90.52,39.71
25,106,2016-05-28-11,Normal,-89.8,35.94
23,44,2016-05-28-11,Normal,-90.29,40.96
10,43,2016-05-28-11,Normal,-91.3,38.14
13,69,2016-05-28-11,Normal,-89.03,41.92
28,90,2016-05-28-11,Normal,-90.37,39.71
12,22,2016-05-28-11,Normal,-90.24,35.35
18,11,2016-05-28-11,Normal,-90.24,39.72
27,60,2016-05-28-11,Normal,-90.93,38.82
30,58,2016-05-28-11,Normal,-88.64,42.21
32,21,2016-05-28-11,Normal,-90.37,35.21
10,43,2016-05-28-11,Normal,-91.07,38.31
31,86,2016-05-28-11,Normal,-94.3,37.66
26,38,2016-05-28-11,Normal,-91.18,38.22
27,60,2016-05-28-11,Normal,-91.1,38.83
15,92,2016-05-28-11,Normal,-90.04,35.19
18,11,2016-05-28-11,Normal,-90.14,39.76
22,29,2016-05-28-11,Normal,-91.74,34.89
13,69,2016-05-28-11,Normal,-90.64,41.56
17,27,2016-05-28-11,Normal,-93.85,39.01
28,90,2016-05-28-11,Normal,-90.79,39.69
11,39,2016-05-28-11,Normal,-88.42,41.11
26,38,2016-05-28-11,Normal,-91.3,38.14
15,92,2016-05-28-11,Normal,-91.38,34.83
18,11,2016-05-28-11,Normal,-91.2,39.75
25,106,2016-05-28-11,Normal,-90.35,38.43
32,21,2016-05-28-11,Normal,-91.14,34.96
16,71,2016-05-28-11,Normal,-91.05,41.72
26,38,2016-05-28-11,Normal,-91.44,38.09
18,11,2016-05-28-11,Normal,-91.36,39.76
22,29,2016-05-28-11,Normal,-91.14,34.96
25,106,2016-05-28-11,Normal,-90.24,38.0
28,90,2016-05-28-11,Normal,-91.2,39.75
26,38,2016-05-28-11,Normal,-91.55,38.04
20,33,2016-05-28-11,Normal,-91.94,41.71
13,69,2016-05-28-11,Normal,-91.59,41.7
21,54,2016-05-28-11,Normal,-94.37,38.0
22,29,2016-05-28-11,Normal,-90.94,35.03
28,90,2016-05-28-11,Normal,-91.36,39.76
11,39,2016-05-28-11,Normal,-89.63,39.84
32,21,2016-05-28-11,Normal,-90.68,35.12
19,65,2016-05-28-11,Normal,-95.3,35.64
25,106,2016-05-28-11,Normal,-90.07,35.1
19,65,2016-05-28-11,Normal,-92.87,35.25
14,56,2016-05-28-11,Normal,-94.3,37.66
10,43,2016-05-28-11,Normal,-93.34,37.21
23,44,2016-05-28-11,Normal,-91.32,41.71
29,68,2016-05-28-11,Normal,-92.25,34.92
19,65,2016-05-28-11,Normal,-92.53,35.15
10,43,2016-05-28-11,Normal,-93.69,37.16
30,58,2016-05-28-11,Normal,-92.74,41.75
20,33,2016-05-28-11,Normal,-92.19,41.74
16,71,2016-05-28-11,Normal,-91.32,41.71
21,54,2016-05-28-11,Normal,-94.31,37.31
28,90,2016-05-28-11,Normal,-93.6,39.77
13,69,2016-05-28-11,Normal,-92.4,41.78
24,89,2016-05-28-11,Normal,-94.59,39.1
27,60,2016-05-28-11,Normal,-92.63,38.95
23,44,2016-05-28-11,Normal,-91.63,41.72
13,69,2016-05-28-11,Normal,-92.19,41.74
21,54,2016-05-28-11,Normal,-94.46,37.16
17,27,2016-05-28-11,Normal,-92.53,38.98
12,22,2016-05-28-11,Normal,-89.54,36.84
23,44,2016-05-28-11,Normal,-91.78,42.23
28,90,2016-05-28-11,Normal,-94.15,39.77
11,39,2016-05-28-11,Normal,-90.64,41.56
22,29,2016-05-28-11,Normal,-91.38,34.83
30,58,2016-05-28-11,Normal,-90.2,41.59
16,71,2016-05-28-11,Normal,-91.05,41.72
14,56,2016-05-28-11,Normal,-90.7,41.62
23,44,2016-05-28-11,Normal,-90.7,41.62
27,60,2016-05-28-11,Normal,-91.33,38.87
29,68,2016-05-28-11,Normal,-93.92,35.53
19,65,2016-05-28-11,Normal,-93.36,35.4
32,21,2016-05-28-11,Normal,-90.94,35.03
22,29,2016-05-28-11,Normal,-90.94,35.03
31,86,2016-05-28-11,Normal,-90.94,35.03
21,54,2016-05-28-11,Normal,-91.32,41.71
19,65,2016-05-28-11,Normal,-93.92,35.53
25,106,2016-05-28-11,Normal,-90.15,38.62
21,54,2016-05-28-11,Normal,-91.47,41.74
21,54,2016-05-28-11,Normal,-91.05,41.72
24,89,2016-05-28-11,Normal,-94.58,37.03
18,11,2016-05-28-11,Normal,-94.24,39.63
10,43,2016-05-28-11,Normal,-95.69,36.25
25,106,2016-05-28-11,Normal,-90.15,38.62
13,69,2016-05-28-11,Normal,-89.6,41.76
31,86,2016-05-28-11,Normal,-91.38,34.83
27,60,2016-05-28-11,Normal,-90.93,38.82
14,56,2016-05-28-11,Normal,-91.47,41.74
16,71,2016-05-28-11,Normal,-89.91,40.86
25,106,2016-05-28-11,Normal,-90.24,38.0
27,60,2016-05-28-11,Normal,-90.67,38.82
18,11,2016-05-28-11,Normal,-94.25,39.73
32,21,2016-05-28-11,Normal,-90.04,35.19
22,29,2016-05-28-11,Normal,-90.04,35.19
12,22,2016-05-28-11,Normal,-89.71,37.47
24,89,2016-05-28-11,Normal,-94.31,37.31
26,38,2016-05-28-11,Normal,-95.76,36.18
12,22,2016-05-28-11,Normal,-89.56,37.2
20,33,2016-05-28-11,Normal,-88.02,42.04
23,44,2016-05-28-11,Normal,-89.91,40.86
16,71,2016-05-28-11,Normal,-90.2,38.65
17,27,2016-05-28-11,Normal,-90.41,38.75
21,54,2016-05-28-11,Normal,-91.63,41.72
10,43,2016-05-28-11,Normal,-95.69,36.25
15,92,2016-05-28-11,Normal,-89.63,39.84
30,58,2016-05-28-11,Normal,-88.02,42.04
24,89,2016-05-28-11,Normal,-94.37,38.0
23,44,2016-05-28-11,Normal,-90.29,40.96
15,92,2016-05-28-11,Normal,-89.17,40.38
12,22,2016-05-28-11,Normal,-89.65,36.37
21,54,2016-05-28-11,Normal,-91.47,41.74
25,106,2016-05-28-11,Normal,-89.54,36.84
23,44,2016-05-28-11,Normal,-90.44,41.54
16,71,2016-05-28-11,Normal,-89.63,39.84
29,68,2016-05-28-11,Normal,-95.76,36.08
15,92,2016-05-28-11,Normal,-88.77,40.76
32,21,2016-05-28-11,Normal,-89.71,37.47
13,69,2016-05-28-11,Normal,-87.66,41.89
20,33,2016-05-28-11,Normal,-88.41,42.11
10,43,2016-05-28-11,Normal,-95.01,36.73
27,60,2016-05-28-11,Normal,-90.41,38.75
21,54,2016-05-28-11,Normal,-91.05,41.72
31,86,2016-05-28-11,Normal,-91.74,34.89
19,65,2016-05-28-11,Normal,-95.76,36.08
16,71,2016-05-28-11,Normal,-88.77,40.76
31,86,2016-05-28-11,Normal,-91.38,34.83
25,106,2016-05-28-11,Normal,-90.07,35.68
29,68,2016-05-28-11,Normal,-96.21,36.19
30,58,2016-05-28-11,Normal,-88.41,42.11
18,11,2016-05-28-11,Normal,-92.94,39.77
17,27,2016-05-28-11,Normal,-90.55,38.81
15,92,2016-05-28-11,Normal,-87.67,41.87
31,86,2016-05-28-11,Normal,-91.14,34.96
11,39,2016-05-28-11,Normal,-89.6,41.76
30,58,2016-05-28-11,Normal,-88.64,42.21
12,22,2016-05-28-11,Normal,-90.07,35.1
16,71,2016-05-28-11,Normal,-88.07,41.48
31,86,2016-05-28-11,Normal,-90.94,35.03
29,68,2016-05-28-11,Normal,-96.68,36.2
15,92,2016-05-28-11,Normal,-87.67,41.87
24,89,2016-05-28-11,Normal,-94.38,38.99
19,65,2016-05-28-11,Normal,-96.44,36.23
25,106,2016-05-28-11,Normal,-90.07,35.1
15,92,2016-05-28-11,Normal,-88.07,41.48
29,68,2016-05-28-11,Normal,-97.14,36.41
14,56,2016-05-28-11,Normal,-89.52,40.7
16,71,2016-05-28-11,Normal,-88.07,41.48
27,60,2016-05-28-11,Normal,-91.19,38.83
18,11,2016-05-28-11,Normal,-92.42,39.76
10,43,2016-05-28-11,Normal,-93.96,37.08
30,58,2016-05-28-11,Normal,-89.03,41.92
31,86,2016-05-28-11,Normal,-90.04,35.19
18,11,2016-05-28-11,Normal,-92.27,39.76
11,39,2016-05-28-11,Normal,-90.82,41.66
17,27,2016-05-28-11,Normal,-91.19,38.83
31,86,2016-05-28-11,Normal,-90.37,35.21
22,29,2016-05-28-11,Normal,-88.42,41.11
21,54,2016-05-28-11,Normal,-89.91,40.86
10,43,2016-05-28-11,Normal,-93.34,37.21
23,44,2016-05-28-11,Normal,-91.63,41.72
27,60,2016-05-28-11,Normal,-91.33,38.87
18,11,2016-05-28-11,Normal,-91.8,39.67
31,86,2016-05-28-11,Normal,-90.04,35.19
22,29,2016-05-28-11,Normal,-89.17,40.38
17,27,2016-05-28-11,Normal,-91.33,38.87
24,89,2016-05-28-11,Normal,-94.3,37.66
11,39,2016-05-28-11,Normal,-91.59,41.7
25,106,2016-05-28-11,Normal,-89.65,36.37
31,86,2016-05-28-11,Normal,-90.37,35.21
28,90,2016-05-28-11,Normal,-91.8,39.67
26,38,2016-05-28-11,Normal,-92.99,37.34
22,29,2016-05-28-11,Normal,-89.63,39.84
20,33,2016-05-28-11,Normal,-90.82,41.66
25,106,2016-05-28-11,Normal,-89.54,36.84
17,27,2016-05-28-11,Normal,-91.74,38.94
30,58,2016-05-28-11,Normal,-90.64,41.56
25,106,2016-05-28-11,Normal,-89.56,37.2
22,29,2016-05-28-11,Normal,-89.74,39.1
29,68,2016-05-28-11,Normal,-97.32,37.15
16,71,2016-05-28-11,Normal,-89.74,39.1
31,86,2016-05-28-11,Normal,-90.94,35.03
23,44,2016-05-28-11,Normal,-90.7,41.62
10,43,2016-05-28-11,Normal,-92.61,37.7
12,22,2016-05-28-11,Normal,-90.0,37.72
21,54,2016-05-28-11,Normal,-91.05,41.72
16,71,2016-05-28-11,Normal,-90.2,38.65
32,21,2016-05-28-11,Normal,-89.65,36.37
17,27,2016-05-28-11,Normal,-92.22,38.96
22,29,2016-05-28-11,Normal,-90.2,38.65
20,33,2016-05-28-11,Normal,-91.94,41.71
21,54,2016-05-28-11,Normal,-91.32,41.71
11,39,2016-05-28-11,Normal,-92.74,41.75
27,60,2016-05-28-11,Normal,-92.53,38.98
32,21,2016-05-28-11,Normal,-89.54,36.84
12,22,2016-05-28-11,Normal,-90.35,38.43
18,11,2016-05-28-11,Normal,-90.63,39.7
19,65,2016-05-28-11,Normal,-97.32,37.48
31,86,2016-05-28-11,Normal,-91.74,34.89
22,29,2016-05-28-11,Normal,-89.63,39.84
21,54,2016-05-28-11,Normal,-91.47,41.74
12,22,2016-05-28-11,Normal,-90.15,38.62
31,86,2016-05-28-11,Normal,-91.93,34.81
23,44,2016-05-28-11,Normal,-89.52,40.7
16,71,2016-05-28-11,Normal,-89.63,39.84
18,11,2016-05-28-11,Normal,-90.37,39.71
29,68,2016-05-28-11,Normal,-97.32,37.48
20,33,2016-05-28-11,Normal,-92.74,41.75
24,89,2016-05-28-11,Normal,-94.3,37.66
28,90,2016-05-28-11,Normal,-90.52,39.71
19,65,2016-05-28-11,Normal,-97.36,37.69
30,58,2016-05-28-11,Normal,-92.4,41.78
20,33,2016-05-28-11,Normal,-93.04,41.71
14,56,2016-05-28-11,Normal,-91.78,42.23
31,86,2016-05-28-11,Normal,-92.31,34.78
11,39,2016-05-28-11,Normal,-93.58,41.62
21,54,2016-05-28-11,Normal,-91.78,42.23
25,106,2016-05-28-11,Normal,-93.36,41.69
14,56,2016-05-28-11,Normal,-91.63,41.72
20,33,2016-05-28-11,Normal,-93.36,41.69
24,89,2016-05-28-11,Normal,-94.35,38.33
13,69,2016-05-28-11,Normal,-93.04,41.71
26,38,2016-05-28-11,Normal,-91.55,38.04
21,54,2016-05-28-11,Normal,-91.63,41.72
24,89,2016-05-28-11,Normal,-94.38,38.67
31,86,2016-05-28-11,Normal,-92.09,34.8
17,27,2016-05-28-11,Normal,-93.45,38.99
10,43,2016-05-28-11,Normal,-91.3,38.14
11,39,2016-05-28-11,Normal,-93.04,41.71
14,56,2016-05-28-11,Normal,-91.32,41.71
27,60,2016-05-28-11,Normal,-93.65,39.0
16,71,2016-05-28-11,Normal,-87.67,41.87
18,11,2016-05-28-11,Normal,-89.96,39.74
19,65,2016-05-28-11,Normal,-97.37,36.91
15,92,2016-05-28-11,Normal,-88.07,41.48
12,22,2016-05-28-11,Normal,-94.35,38.33
21,54,2016-05-28-11,Normal,-91.32,41.71
14,56,2016-05-28-11,Normal,-91.05,41.72
13,69,2016-05-28-11,Normal,-93.58,41.62
32,21,2016-05-28-11,Normal,-90.35,38.43
10,43,2016-05-28-11,Normal,-91.07,38.31
28,90,2016-05-28-11,Normal,-89.78,39.77
24,89,2016-05-28-11,Normal,-94.59,39.1
13,69,2016-05-28-11,Normal,-93.36,41.69
19,65,2016-05-28-11,Normal,-97.34,36.63
10,43,2016-05-28-11,Normal,-90.86,38.46
27,60,2016-05-28-11,Normal,-94.16,39.04
21,54,2016-05-28-11,Normal,-90.7,41.62
31,86,2016-05-28-11,Normal,-91.14,34.96
16,71,2016-05-28-11,Normal,-88.42,41.11
24,89,2016-05-28-11,Normal,-94.38,38.99
24,89,2016-05-28-11,Normal,-94.38,38.67
19,65,2016-05-28-11,Normal,-97.14,36.41
27,60,2016-05-28-11,Normal,-94.44,39.1
32,21,2016-05-28-11,Normal,-90.0,37.72
11,39,2016-05-28-11,Normal,-91.94,41.71
13,69,2016-05-28-11,Normal,-92.74,41.75
17,27,2016-05-28-11,Normal,-94.31,39.04
19,65,2016-05-28-11,Normal,-96.97,36.24
16,71,2016-05-28-11,Normal,-89.17,40.38
23,44,2016-05-28-11,Normal,-91.78,42.23
28,90,2016-05-28-11,Normal,-89.78,39.77
30,58,2016-05-28-11,Normal,-92.4,41.78
12,22,2016-05-28-11,Normal,-94.38,38.99
28,90,2016-05-28-11,Normal,-89.96,39.74
25,106,2016-05-28-11,Normal,-90.82,41.66
32,21,2016-05-28-11,Normal,-89.54,36.84
17,27,2016-05-28-11,Normal,-94.44,39.1
16,71,2016-05-28-11,Normal,-89.63,39.84
30,58,2016-05-28-11,Normal,-91.94,41.71
13,69,2016-05-28-11,Normal,-91.94,41.71
10,43,2016-05-28-11,Normal,-90.18,38.64
28,90,2016-05-28-11,Normal,-90.14,39.76
20,33,2016-05-28-11,Normal,-91.24,41.67
13,69,2016-05-28-11,Normal,-91.59,41.7
24,89,2016-05-28-11,Normal,-94.3,37.66
11,39,2016-05-28-11,Normal,-90.64,41.56
18,11,2016-05-28-11,Normal,-90.24,39.72
17,27,2016-05-28-11,Normal,-94.16,39.04
25,106,2016-05-28-11,Normal,-90.2,41.59
23,44,2016-05-28-11,Normal,-91.32,41.71
28,90,2016-05-28-11,Normal,-90.24,39.72
27,60,2016-05-28-11,Normal,-93.85,39.01
22,29,2016-05-28-11,Normal,-89.74,39.1
29,68,2016-05-28-11,Normal,-95.56,35.97
19,65,2016-05-28-11,Normal,-95.99,36.17
29,68,2016-05-28-11,Normal,-95.76,36.08
14,56,2016-05-28-11,Normal,-90.29,40.96
25,106,2016-05-28-11,Normal,-89.6,41.76
14,56,2016-05-28-11,Normal,-90.44,41.54
27,60,2016-05-28-11,Normal,-93.65,39.0
32,21,2016-05-28-11,Normal,-90.24,35.35
11,39,2016-05-28-11,Normal,-89.6,41.76
20,33,2016-05-28-11,Normal,-90.2,41.59
32,21,2016-05-28-11,Normal,-90.07,35.1
12,22,2016-05-28-11,Normal,-94.46,37.16
11,39,2016-05-28-11,Normal,-89.29,41.85
17,27,2016-05-28-11,Normal,-93.65,39.0
12,22,2016-05-28-11,Normal,-94.58,37.03
13,69,2016-05-28-11,Normal,-90.2,41.59
10,43,2016-05-28-11,Normal,-90.86,38.46
22,29,2016-05-28-11,Normal,-88.77,40.76
28,90,2016-05-28-11,Normal,-90.79,39.69
27,60,2016-05-28-11,Normal,-93.01,38.97
30,58,2016-05-28-11,Normal,-89.6,41.76
29,68,2016-05-28-11,Normal,-94.88,35.47
13,69,2016-05-28-11,Normal,-89.6,41.76
32,21,2016-05-28-11,Normal,-90.07,35.1
27,60,2016-05-28-11,Normal,-93.2,38.98
21,54,2016-05-28-11,Normal,-91.05,41.72
25,106,2016-05-28-11,Normal,-88.96,42.25
24,89,2016-05-28-11,Normal,-94.31,37.31
22,29,2016-05-28-11,Normal,-88.42,41.11
23,44,2016-05-28-11,Normal,-89.52,40.7
31,86,2016-05-28-11,Normal,-91.74,34.89
15,92,2016-05-28-11,Normal,-87.67,41.87
20,33,2016-05-28-11,Normal,-89.03,41.92
14,56,2016-05-28-11,Normal,-91.63,41.72
10,43,2016-05-28-11,Normal,-91.3,38.14
19,65,2016-05-28-11,Normal,-94.57,35.37
24,89,2016-05-28-11,Normal,-94.37,38.0
32,21,2016-05-28-11,Normal,-89.65,36.37
11,39,2016-05-28-11,Normal,-88.41,42.11
26,38,2016-05-28-11,Normal,-91.44,38.09
31,86,2016-05-28-11,Normal,-92.09,34.8
13,69,2016-05-28-11,Normal,-89.03,41.92
18,11,2016-05-28-11,Normal,-91.8,39.67
17,27,2016-05-28-11,Normal,-92.63,38.95
29,68,2016-05-28-11,Normal,-93.92,35.53
17,27,2016-05-28-11,Normal,-92.53,38.98
31,86,2016-05-28-11,Normal,-92.31,34.78
16,71,2016-05-28-11,Normal,-87.67,41.87
14,56,2016-05-28-11,Normal,-91.78,42.23
29,68,2016-05-28-11,Normal,-93.61,35.51
18,11,2016-05-28-11,Normal,-92.07,39.71
19,65,2016-05-28-11,Normal,-93.61,35.51
23,44,2016-05-28-11,Normal,-90.44,41.54
26,38,2016-05-28-11,Normal,-91.69,37.99
15,92,2016-05-28-11,Normal,-88.77,40.76
22,29,2016-05-28-11,Normal,-88.42,41.11
13,69,2016-05-28-11,Normal,-88.41,42.11
18,11,2016-05-28-11,Normal,-92.27,39.76
24,89,2016-05-28-11,Normal,-94.59,39.1
26,38,2016-05-28-11,Normal,-91.99,37.94
29,68,2016-05-28-11,Normal,-93.12,35.31
13,69,2016-05-28-11,Normal,-88.02,42.04
14,56,2016-05-28-11,Normal,-91.32,41.71
19,65,2016-05-28-11,Normal,-93.12,35.31
16,71,2016-05-28-11,Normal,-88.77,40.76
29,68,2016-05-28-11,Normal,-92.87,35.25
11,39,2016-05-28-11,Normal,-88.41,42.11
18,11,2016-05-28-11,Normal,-92.57,39.77
13,69,2016-05-28-11,Normal,-87.66,41.89
24,89,2016-05-28-11,Normal,-94.38,38.99
16,71,2016-05-28-11,Normal,-89.17,40.38
23,44,2016-05-28-11,Normal,-91.47,41.74
22,29,2016-05-28-11,Normal,-89.63,39.84
15,92,2016-05-28-11,Normal,-89.74,39.1
25,106,2016-05-28-11,Normal,-89.03,41.92
15,92,2016-05-28-11,Normal,-90.2,38.65
26,38,2016-05-28-11,Normal,-92.48,37.8
28,90,2016-05-28-11,Normal,-92.57,39.77
11,39,2016-05-28-11,Normal,-88.96,42.25
13,69,2016-05-28-11,Normal,-88.02,42.04
27,60,2016-05-28-11,Normal,-91.19,38.83
12,22,2016-05-28-11,Normal,-94.38,38.99
22,29,2016-05-28-11,Normal,-90.2,38.65
26,38,2016-05-28-11,Normal,-92.74,37.6
14,56,2016-05-28-11,Normal,-90.29,40.96
25,106,2016-05-28-11,Normal,-89.29,41.85
19,65,2016-05-28-11,Normal,-92.25,34.92
23,44,2016-05-28-11,Normal,-91.78,42.23
15,92,2016-05-28-11,Normal,-89.74,39.1
20,33,2016-05-28-11,Normal,-88.96,42.25
32,21,2016-05-28-11,Normal,-90.35,38.43
16,71,2016-05-28-11,Normal,-90.2,38.65
14,56,2016-05-28-11,Normal,-89.91,40.86
28,90,2016-05-28-11,Normal,-93.13,39.78
16,71,2016-05-28-11,Normal,-89.74,39.1
18,11,2016-05-28-11,Normal,-93.6,39.77
11,39,2016-05-28-11,Normal,-89.6,41.76
26,38,2016-05-28-11,Normal,-92.99,37.34
19,65,2016-05-28-11,Normal,-92.25,34.92
11,39,2016-05-28-11,Normal,-89.88,41.77
29,68,2016-05-28-11,Normal,-92.87,35.25
15,92,2016-05-28-11,Normal,-89.17,40.38
17,27,2016-05-28-11,Normal,-90.93,38.82
20,33,2016-05-28-11,Normal,-89.29,41.85
14,56,2016-05-28-11,Normal,-89.52,40.7
32,21,2016-05-28-11,Normal,-89.71,37.47
23,44,2016-05-28-11,Normal,-91.32,41.71
22,29,2016-05-28-11,Normal,-89.17,40.38
18,11,2016-05-28-11,Normal,-94.15,39.77
11,39,2016-05-28-11,Normal,-90.2,41.59
22,29,2016-05-28-11,Normal,-88.77,40.76
29,68,2016-05-28-11,Normal,-93.36,35.4
10,43,2016-05-28-11,Normal,-93.69,37.16
32,21,2016-05-28-11,Normal,-89.56,37.2
28,90,2016-05-28-11,Normal,-94.15,39.77
19,65,2016-05-28-11,Normal,-93.12,35.31
24,89,2016-05-28-11,Normal,-94.46,37.16
13,69,2016-05-28-11,Normal,-89.6,41.76
25,106,2016-05-28-11,Normal,-91.24,41.67
20,33,2016-05-28-11,Normal,-90.2,41.59
19,65,2016-05-28-11,Normal,-93.36,35.4
18,11,2016-05-28-11,Normal,-94.24,39.63
22,29,2016-05-28-11,Normal,-88.07,41.48
14,56,2016-05-28-11,Normal,-90.7,41.62
15,92,2016-05-28-11,Normal,-87.67,41.87
15,92,2016-05-28-11,Normal,-87.67,41.87
16,71,2016-05-28-11,Normal,-88.07,41.48
13,69,2016-05-28-11,Normal,-90.2,41.59
22,29,2016-05-28-11,Normal,-87.67,41.87
20,33,2016-05-28-11,Normal,-90.82,41.66
14,56,2016-05-28-11,Normal,-91.05,41.72
26,38,2016-05-28-11,Normal,-94.54,37.02
18,11,2016-05-28-11,Normal,-94.36,39.37
25,106,2016-05-28-11,Normal,-92.19,41.74
27,60,2016-05-28-11,Normal,-90.41,38.75
21,54,2016-05-28-11,Normal,-91.05,41.72
13,69,2016-05-28-11,Normal,-90.82,41.66
14,56,2016-05-28-11,Normal,-91.32,41.71
18,11,2016-05-28-11,Normal,-94.42,39.27
25,106,2016-05-28-11,Normal,-92.4,41.78
26,38,2016-05-28-11,Normal,-95.01,36.73
23,44,2016-05-28-11,Normal,-89.52,40.7
22,29,2016-05-28-11,Normal,-88.07,41.48
14,56,2016-05-28-11,Normal,-91.47,41.74
24,89,2016-05-28-11,Normal,-94.35,38.33
12,22,2016-05-28-11,Normal,-94.3,37.66
15,92,2016-05-28-11,Normal,-88.77,40.76
24,89,2016-05-28-11,Normal,-94.38,38.67
26,38,2016-05-28-11,Normal,-95.35,36.47
29,68,2016-05-28-11,Normal,-95.15,35.51
18,11,2016-05-28-11,Normal,-94.57,39.15
25,106,2016-05-28-11,Normal,-93.04,41.71
15,92,2016-05-28-11,Normal,-89.17,40.38
23,44,2016-05-28-11,Normal,-89.91,40.86
11,39,2016-05-28-11,Normal,-92.74,41.75
14,56,2016-05-28-11,Normal,-91.78,42.23
19,65,2016-05-28-11,Normal,-95.15,35.51
15,92,2016-05-28-11,Normal,-89.63,39.84
24,89,2016-05-28-11,Normal,-94.59,39.1
31,86,2016-05-28-11,Normal,-92.31,34.78
25,106,2016-05-28-11,Normal,-93.58,41.62
15,92,2016-05-28-11,Normal,-89.74,39.1
31,86,2016-05-28-11,Normal,-92.31,34.78
14,56,2016-05-28-11,Normal,-91.78,42.23
21,54,2016-05-28-11,Normal,-91.78,42.23
28,90,2016-05-28-11,Normal,-94.42,39.27
15,92,2016-05-28-11,Normal,-90.2,38.65
14,56,2016-05-28-11,Normal,-91.63,41.72
23,44,2016-05-28-11,Normal,-90.7,41.62
19,65,2016-05-28-11,Normal,-95.42,35.87
12,22,2016-05-28-11,Normal,-94.59,39.1
17,27,2016-05-28-11,Normal,-91.1,38.83
17,27,2016-05-28-11,Normal,-91.19,38.83
20,33,2016-05-28-11,Normal,-93.04,41.71
21,54,2016-05-28-11,Normal,-91.47,41.74
32,21,2016-05-28-11,Normal,-89.65,36.37
23,44,2016-05-28-11,Normal,-91.05,41.72
28,90,2016-05-28-11,Normal,-94.28,39.53
16,71,2016-05-28-11,Normal,-90.2,38.65
15,92,2016-05-28-11,Normal,-89.74,39.1
13,69,2016-05-28-11,Normal,-93.36,41.69
27,60,2016-05-28-11,Normal,-91.74,38.94
10,43,2016-05-28-11,Normal,-95.76,36.18
13,69,2016-05-28-11,Normal,-93.58,41.62
25,106,2016-05-28-11,Normal,-93.04,41.71
23,44,2016-05-28-11,Normal,-91.47,41.74
12,22,2016-05-28-11,Normal,-94.38,38.67
31,86,2016-05-28-11,Normal,-91.14,34.96
11,39,2016-05-28-11,Normal,-93.36,41.69
23,44,2016-05-28-11,Normal,-91.32,41.71
19,65,2016-05-28-11,Normal,-96.44,36.23
27,60,2016-05-28-11,Normal,-92.22,38.96
19,65,2016-05-28-11,Normal,-95.99,36.17
29,68,2016-05-28-11,Normal,-96.44,36.23
31,86,2016-05-28-11,Normal,-90.94,35.03
27,60,2016-05-28-11,Normal,-92.03,38.97
32,21,2016-05-28-11,Normal,-89.71,37.47
30,58,2016-05-28-11,Normal,-93.58,41.62
21,54,2016-05-28-11,Normal,-90.29,40.96
15,92,2016-05-28-11,Normal,-88.77,40.76
10,43,2016-05-28-11,Normal,-95.5,36.37
13,69,2016-05-28-11,Normal,-93.04,41.71
11,39,2016-05-28-11,Normal,-92.4,41.78
27,60,2016-05-28-11,Normal,-92.38,38.98
14,56,2016-05-28-11,Normal,-89.91,40.86
30,58,2016-05-28-11,Normal,-93.04,41.71
15,92,2016-05-28-11,Normal,-88.07,41.48
19,65,2016-05-28-11,Normal,-96.97,36.24
31,86,2016-05-28-11,Normal,-90.37,35.21
16,71,2016-05-28-11,Normal,-88.77,40.76
15,92,2016-05-28-11,Normal,-87.67,41.87
13,69,2016-05-28-11,Normal,-92.74,41.75
18,11,2016-05-28-11,Normal,-92.94,39.77
25,106,2016-05-28-11,Normal,-91.24,41.67
22,29,2016-05-28-11,Normal,-88.07,41.48
10,43,2016-05-28-11,Normal,-95.01,36.73
28,90,2016-05-28-11,Normal,-93.13,39.78
18,11,2016-05-28-11,Normal,-92.74,39.76
17,27,2016-05-28-11,Normal,-92.63,38.95
21,54,2016-05-28-11,Normal,-89.52,40.7
31,86,2016-05-28-11,Normal,-90.04,35.19
21,54,2016-05-28-11,Normal,-89.91,40.86
27,60,2016-05-28-11,Normal,-92.85,38.93
25,106,2016-05-28-11,Normal,-90.82,41.66
13,69,2016-05-28-11,Normal,-91.94,41.71
29,68,2016-05-28-11,Normal,-97.37,36.91
18,11,2016-05-28-11,Normal,-92.57,39.77
25,106,2016-05-28-11,Normal,-90.64,41.56
20,33,2016-05-28-11,Normal,-91.59,41.7
21,54,2016-05-28-11,Normal,-90.29,40.96
23,44,2016-05-28-11,Normal,-91.05,41.72
13,69,2016-05-28-11,Normal,-91.59,41.7
26,38,2016-05-28-11,Normal,-93.96,37.08
25,106,2016-05-28-11,Normal,-89.88,41.77
16,71,2016-05-28-11,Normal,-87.67,41.87
29,68,2016-05-28-11,Normal,-97.32,37.15
13,69,2016-05-28-11,Normal,-91.24,41.67
22,29,2016-05-28-11,Normal,-88.07,41.48
30,58,2016-05-28-11,Normal,-91.24,41.67
17,27,2016-05-28-11,Normal,-93.45,38.99
19,65,2016-05-28-11,Normal,-97.37,36.91
15,92,2016-05-28-11,Normal,-89.63,39.84
16,71,2016-05-28-11,Normal,-88.77,40.76
12,22,2016-05-28-11,Normal,-94.46,37.16
11,39,2016-05-28-11,Normal,-90.2,41.59
23,44,2016-05-28-11,Normal,-90.44,41.54
29,68,2016-05-28-11,Normal,-97.32,37.48
14,56,2016-05-28-11,Normal,-91.05,41.72
13,69,2016-05-28-11,Normal,-90.64,41.56
18,11,2016-05-28-11,Normal,-91.59,39.68
21,54,2016-05-28-11,Normal,-91.32,41.71
20,33,2016-05-28-11,Normal,-90.2,41.59
14,56,2016-05-28-11,Normal,-91.32,41.71
16,71,2016-05-28-11,Normal,-89.17,40.38
17,27,2016-05-28-11,Normal,-93.85,39.01
12,22,2016-05-28-11,Normal,-94.37,38.0
31,86,2016-05-28-11,Normal,-91.74,34.89
21,54,2016-05-28-11,Normal,-91.47,41.74
29,68,2016-05-28-11,Normal,-97.32,37.48
23,44,2016-05-28-11,Normal,-89.52,40.7
19,65,2016-05-28-11,Normal,-97.36,37.69
23,44,2016-05-28-11,Normal,-89.52,40.7
27,60,2016-05-28-11,Normal,-94.16,39.04
28,90,2016-05-28-11,Normal,-91.36,39.76
11,39,2016-05-28-11,Normal,-88.96,42.25
14,56,2016-05-28-11,Normal,-91.63,41.72
21,54,2016-05-28-11,Normal,-91.63,41.72
24,89,2016-05-28-11,Normal,-91.78,42.23
31,86,2016-05-28-11,Normal,-92.09,34.8
29,68,2016-05-28-11,Normal,-97.32,37.15
16,71,2016-05-28-11,Normal,-90.2,38.65
15,92,2016-05-28-11,Normal,-94.46,37.16
30,58,2016-05-28-11,Normal,-89.29,41.85
29,68,2016-05-28-11,Normal,-97.37,36.91
19,65,2016-05-28-11,Normal,-97.32,37.48
30,58,2016-05-28-11,Normal,-89.6,41.76
15,92,2016-05-28-11,Normal,-94.31,37.31
19,65,2016-05-28-11,Normal,-97.32,37.27
31,86,2016-05-28-11,Normal,-92.31,34.78
32,21,2016-05-28-11,Normal,-89.54,36.84
11,39,2016-05-28-11,Normal,-91.59,41.7
17,27,2016-05-28-11,Normal,-91.1,38.83
28,90,2016-05-28-11,Normal,-93.13,39.78
29,68,2016-05-28-11,Normal,-93.61,35.51
10,43,2016-05-28-11,Normal,-92.89,37.51
16,71,2016-05-28-11,Normal,-91.32,41.71
11,39,2016-05-28-11,Normal,-91.24,41.67
20,33,2016-05-28-11,Normal,-92.09,34.8
16,71,2016-05-28-11,Normal,-91.05,41.72
10,43,2016-05-28-11,Normal,-92.99,37.34
13,69,2016-05-28-11,Normal,-89.65,36.37
17,27,2016-05-28-11,Normal,-91.19,38.83
28,90,2016-05-28-11,Normal,-93.33,39.77
28,90,2016-05-28-11,Normal,-93.6,39.77
32,21,2016-05-28-11,Normal,-89.71,37.47
17,27,2016-05-28-11,Normal,-91.33,38.87
20,33,2016-05-28-11,Normal,-92.31,34.78
25,106,2016-05-28-11,Normal,-90.2,41.59
23,44,2016-05-28-11,Normal,-90.37,35.21
24,89,2016-05-28-11,Normal,-91.47,41.74
18,11,2016-05-28-11,Normal,-94.15,39.77
11,39,2016-05-28-11,Normal,-90.2,41.59
23,44,2016-05-28-11,Normal,-90.04,35.19
12,22,2016-05-28-11,Normal,-91.24,41.67
15,92,2016-05-28-11,Normal,-94.38,38.67
26,38,2016-05-28-11,Normal,-95.69,36.25
29,68,2016-05-28-11,Normal,-96.68,36.2
31,86,2016-05-28-11,Normal,-94.58,37.03
16,71,2016-05-28-11,Normal,-91.32,41.71
15,92,2016-05-28-11,Normal,-94.35,38.33
28,90,2016-05-28-11,Normal,-94.36,39.37
23,44,2016-05-28-11,Normal,-92.31,34.78
20,33,2016-05-28-11,Normal,-90.37,35.21
30,58,2016-05-28-11,Normal,-89.17,40.38
18,11,2016-05-28-11,Normal,-94.24,39.63
28,90,2016-05-28-11,Normal,-94.28,39.53
26,38,2016-05-28-11,Normal,-95.99,36.17
22,29,2016-05-28-11,Normal,-91.63,41.72
13,69,2016-05-28-11,Normal,-90.0,37.72
25,106,2016-05-28-11,Normal,-88.41,42.11
10,43,2016-05-28-11,Normal,-95.76,36.18
31,86,2016-05-28-11,Normal,-94.31,37.31
32,21,2016-05-28-11,Normal,-88.07,41.48
28,90,2016-05-28-11,Normal,-94.24,39.63
20,33,2016-05-28-11,Normal,-90.94,35.03
27,60,2016-05-28-11,Normal,-94.16,39.04
30,58,2016-05-28-11,Normal,-88.42,41.11
12,22,2016-05-28-11,Normal,-87.66,41.89
26,38,2016-05-28-11,Normal,-95.76,36.18
13,69,2016-05-28-11,Normal,-90.24,38.0
18,11,2016-05-28-11,Normal,-92.94,39.77
12,22,2016-05-28-11,Normal,-89.03,41.92
17,27,2016-05-28-11,Normal,-94.31,39.04
20,33,2016-05-28-11,Normal,-92.31,34.78
11,39,2016-05-28-11,Normal,-89.88,41.77
28,90,2016-05-28-11,Normal,-93.13,39.78
22,29,2016-05-28-11,Normal,-90.44,41.54
31,86,2016-05-28-11,Normal,-94.59,39.1
26,38,2016-05-28-11,Normal,-95.01,36.73
29,68,2016-05-28-11,Normal,-97.36,37.69
32,21,2016-05-28-11,Normal,-90.2,38.65
30,58,2016-05-28-11,Normal,-88.77,40.76
19,65,2016-05-28-11,Normal,-97.32,37.27
26,38,2016-05-28-11,Normal,-94.54,37.02
26,38,2016-05-28-11,Normal,-94.83,36.84
18,11,2016-05-28-11,Normal,-92.42,39.76
30,58,2016-05-28-11,Normal,-89.63,39.84
16,71,2016-05-28-11,Normal,-90.44,41.54
13,69,2016-05-28-11,Normal,-89.54,36.84
28,90,2016-05-28-11,Normal,-92.74,39.76
13,69,2016-05-28-11,Normal,-89.56,37.2
21,54,2016-05-28-11,Normal,-90.2,38.65
28,90,2016-05-28-11,Normal,-92.57,39.77
29,68,2016-05-28-11,Normal,-97.32,37.48
23,44,2016-05-28-11,Normal,-90.44,41.54
16,71,2016-05-28-11,Normal,-89.91,40.86
18,11,2016-05-28-11,Normal,-90.63,39.7
31,86,2016-05-28-11,Normal,-92.09,34.8
28,90,2016-05-28-11,Normal,-90.79,39.69
18,11,2016-05-28-11,Normal,-90.52,39.71
11,39,2016-05-28-11,Normal,-88.02,42.04
13,69,2016-05-28-11,Normal,-88.96,42.25
23,44,2016-05-28-11,Normal,-90.7,41.62
28,90,2016-05-28-11,Normal,-90.63,39.7
32,21,2016-05-28-11,Normal,-90.07,35.1
23,44,2016-05-28-11,Normal,-91.05,41.72
17,27,2016-05-28-11,Normal,-94.16,39.04
28,90,2016-05-28-11,Normal,-90.52,39.71
25,106,2016-05-28-11,Normal,-88.02,42.04
30,58,2016-05-28-11,Normal,-88.41,42.11
26,38,2016-05-28-11,Normal,-91.69,37.99
24,89,2016-05-28-11,Normal,-90.44,41.54
22,29,2016-05-28-11,Normal,-90.44,41.54
18,11,2016-05-28-11,Normal,-90.37,39.71
21,54,2016-05-28-11,Normal,-91.32,41.71
15,92,2016-05-28-11,Normal,-94.38,38.67
20,33,2016-05-28-11,Normal,-87.66,41.89
12,22,2016-05-28-11,Normal,-94.35,38.33
28,90,2016-05-28-11,Normal,-90.37,39.71
17,27,2016-05-28-11,Normal,-93.85,39.01
26,38,2016-05-28-11,Normal,-91.55,38.04
13,69,2016-05-28-11,Normal,-87.66,41.89
11,39,2016-05-28-11,Normal,-88.02,42.04
31,86,2016-05-28-11,Normal,-91.14,34.96
24,89,2016-05-28-11,Normal,-90.29,40.96
11,39,2016-05-28-11,Normal,-88.41,42.11
32,21,2016-05-28-11,Normal,-89.8,35.94
13,69,2016-05-28-11,Normal,-87.66,41.89
28,90,2016-05-28-11,Normal,-90.24,39.72
21,54,2016-05-28-11,Normal,-90.29,40.96
12,22,2016-05-28-11,Normal,-94.31,37.31
32,21,2016-05-28-11,Normal,-89.65,36.37
28,90,2016-05-28-11,Normal,-90.14,39.76
20,33,2016-05-28-11,Normal,-88.41,42.11
19,65,2016-05-28-11,Normal,-96.68,36.2
29,68,2016-05-28-11,Normal,-96.21,36.19
31,86,2016-05-28-11,Normal,-90.37,35.21
30,58,2016-05-28-11,Normal,-88.41,42.11
10,43,2016-05-28-11,Normal,-91.44,38.09
25,106,2016-05-28-11,Normal,-89.03,41.92
15,92,2016-05-28-11,Normal,-94.38,38.67
14,56,2016-05-28-11,Normal,-89.52,40.7
21,54,2016-05-28-11,Normal,-89.52,40.7
32,21,2016-05-28-11,Normal,-89.56,37.2
27,60,2016-05-28-11,Normal,-92.85,38.93
10,43,2016-05-28-11,Normal,-91.18,38.22
28,90,2016-05-28-11,Normal,-89.78,39.77
16,71,2016-05-28-11,Normal,-91.78,42.23
22,29,2016-05-28-11,Normal,-91.63,41.72
10,43,2016-05-28-11,Normal,-91.07,38.31
15,92,2016-05-28-11,Normal,-94.37,38.0
27,60,2016-05-28-11,Normal,-92.63,38.95
13,69,2016-05-28-11,Normal,-88.96,42.25
21,54,2016-05-28-11,Normal,-89.74,39.1
22,29,2016-05-28-11,Normal,-91.47,41.74
11,39,2016-05-28-11,Normal,-89.6,41.76
26,38,2016-05-28-11,Normal,-90.69,38.5
30,58,2016-05-28-11,Normal,-89.03,41.92
32,21,2016-05-28-11,Normal,-90.24,38.0
27,60,2016-05-28-11,Normal,-92.38,38.98
31,86,2016-05-28-11,Normal,-94.46,37.16
18,11,2016-05-28-11,Normal,-89.96,39.74
19,65,2016-05-28-11,Normal,-95.76,36.08
23,44,2016-05-28-11,Normal,-90.7,41.62
13,69,2016-05-28-11,Normal,-89.29,41.85
15,92,2016-05-28-11,Normal,-94.46,37.16
30,58,2016-05-28-11,Normal,-89.29,41.85
16,71,2016-05-28-11,Normal,-91.32,41.71
20,33,2016-05-28-11,Normal,-90.2,41.59
17,27,2016-05-28-11,Normal,-92.22,38.96
18,11,2016-05-28-11,Normal,-90.24,39.72
12,22,2016-05-28-11,Normal,-94.37,38.0
24,89,2016-05-28-11,Normal,-91.05,41.72
14,56,2016-05-28-11,Normal,-94.35,38.33
23,44,2016-05-28-11,Normal,-90.29,40.96
12,22,2016-05-28-11,Normal,-94.35,38.33
30,58,2016-05-28-11,Normal,-89.88,41.77
14,56,2016-05-28-11,Normal,-94.38,38.67
26,38,2016-05-28-11,Normal,-90.18,38.64
30,58,2016-05-28-11,Normal,-90.2,41.59
16,71,2016-05-28-11,Normal,-90.44,41.54
27,60,2016-05-28-11,Normal,-91.56,38.93
20,33,2016-05-28-11,Normal,-90.82,41.66
28,90,2016-05-28-11,Normal,-90.24,39.72
11,39,2016-05-28-11,Normal,-91.59,41.7
28,90,2016-05-28-11,Normal,-90.24,39.72
29,68,2016-05-28-11,Normal,-94.57,35.37
13,69,2016-05-28-11,Normal,-90.82,41.66
29,68,2016-05-28-11,Normal,-93.92,35.53
17,27,2016-05-28-11,Normal,-91.56,38.93
23,44,2016-05-28-11,Normal,-89.52,40.7
28,90,2016-05-28-11,Normal,-90.37,39.71
18,11,2016-05-28-11,Normal,-90.63,39.7
10,43,2016-05-28-11,Normal,-90.53,38.51
22,29,2016-05-28-11,Normal,-89.52,40.7
16,71,2016-05-28-11,Normal,-89.52,40.7
18,11,2016-05-28-11,Normal,-90.79,39.69
10,43,2016-05-28-11,Normal,-90.69,38.5
27,60,2016-05-28-11,Normal,-91.1,38.83
24,89,2016-05-28-11,Normal,-91.63,41.72
32,21,2016-05-28-11,Normal,-89.56,37.2
23,44,2016-05-28-11,Normal,-90.94,35.03
17,27,2016-05-28-11,Normal,-90.93,38.82
26,38,2016-05-28-11,Normal,-91.18,38.22
29,68,2016-05-28-11,Normal,-93.12,35.31
25,106,2016-05-28-11,Normal,-92.74,41.75
16,71,2016-05-28-11,Normal,-89.52,40.7
22,29,2016-05-28-11,Normal,-90.44,41.54
27,60,2016-05-28-11,Normal,-90.93,38.82
25,106,2016-05-28-11,Normal,-93.04,41.71
10,43,2016-05-28-11,Normal,-91.07,38.31
32,21,2016-05-28-11,Normal,-89.65,36.37
24,89,2016-05-28-11,Normal,-91.32,41.71
25,106,2016-05-28-11,Normal,-93.36,41.69
23,44,2016-05-28-11,Normal,-91.38,34.83
20,33,2016-05-28-11,Normal,-93.04,41.71
30,58,2016-05-28-11,Normal,-92.4,41.78
13,69,2016-05-28-11,Normal,-92.4,41.78
11,39,2016-05-28-11,Normal,-93.36,41.69
15,92,2016-05-28-11,Normal,-94.59,39.1
23,44,2016-05-28-11,Normal,-91.74,34.89
17,27,2016-05-28-11,Normal,-90.55,38.81
21,54,2016-05-28-11,Normal,-89.74,39.1
12,22,2016-05-28-11,Normal,-94.3,37.66
25,106,2016-05-28-11,Normal,-93.58,41.62
31,86,2016-05-28-11,Normal,-94.3,37.66
15,92,2016-05-28-11,Normal,-94.59,39.1
23,44,2016-05-28-11,Normal,-91.93,34.81
31,86,2016-05-28-11,Normal,-94.31,37.31
28,90,2016-05-28-11,Normal,-91.59,39.68
11,39,2016-05-28-11,Normal,-93.58,41.62
19,65,2016-05-28-11,Normal,-92.53,35.15
23,44,2016-05-28-11,Normal,-92.09,34.8
12,22,2016-05-28-11,Normal,-94.46,37.16
27,60,2016-05-28-11,Normal,-90.21,38.65
23,44,2016-05-28-11,Normal,-92.31,34.78
28,90,2016-05-28-11,Normal,-91.8,39.67
12,22,2016-05-28-11,Normal,-94.58,37.03
25,106,2016-05-28-11,Normal,-92.74,41.75
19,65,2016-05-28-11,Normal,-92.25,34.92
15,92,2016-05-28-11,Normal,-94.38,38.67
22,29,2016-05-28-11,Normal,-91.63,41.72
19,65,2016-05-28-11,Normal,-92.25,34.75
15,92,2016-05-28-11,Normal,-94.35,38.33
28,90,2016-05-28-11,Normal,-92.27,39.76
17,27,2016-05-28-11,Normal,-90.41,38.75
26,38,2016-05-28-11,Normal,-92.31,37.81
29,68,2016-05-28-11,Normal,-92.53,35.15
18,11,2016-05-28-11,Normal,-92.57,39.77
14,56,2016-05-28-11,Normal,-94.46,37.16
15,92,2016-05-28-11,Normal,-94.37,38.0
32,21,2016-05-28-11,Normal,-90.07,35.68
24,89,2016-05-28-11,Normal,-89.52,40.7
27,60,2016-05-28-11,Normal,-90.67,38.82
17,27,2016-05-28-11,Normal,-90.67,38.82
24,89,2016-05-28-11,Normal,-89.91,40.86
15,92,2016-05-28-11,Normal,-94.3,37.66
27,60,2016-05-28-11,Normal,-90.79,38.83
21,54,2016-05-28-11,Normal,-88.42,41.11
13,69,2016-05-28-11,Normal,-90.24,38.0
32,21,2016-05-28-11,Normal,-89.8,35.94
14,56,2016-05-28-11,Normal,-94.3,37.66
13,69,2016-05-28-11,Normal,-90.0,37.72
23,44,2016-05-28-11,Normal,-91.38,34.83
24,89,2016-05-28-11,Normal,-90.29,40.96
26,38,2016-05-28-11,Normal,-92.74,37.6
18,11,2016-05-28-11,Normal,-93.13,39.78
13,69,2016-05-28-11,Normal,-89.71,37.47
21,54,2016-05-28-11,Normal,-88.07,41.48
13,69,2016-05-28-11,Normal,-90.07,35.68
17,27,2016-05-28-11,Normal,-91.74,38.94
14,56,2016-05-28-11,Normal,-94.38,38.99
30,58,2016-05-28-11,Normal,-88.07,41.48
23,44,2016-05-28-11,Normal,-90.04,35.19
17,27,2016-05-28-11,Normal,-92.03,38.97
11,39,2016-05-28-11,Normal,-89.88,41.77
27,60,2016-05-28-11,Normal,-92.22,38.96
25,106,2016-05-28-11,Normal,-89.6,41.76
12,22,2016-05-28-11,Normal,-90.64,41.56
24,89,2016-05-28-11,Normal,-91.78,42.23
10,43,2016-05-28-11,Normal,-93.96,37.08
30,58,2016-05-28-11,Normal,-88.77,40.76
17,27,2016-05-28-11,Normal,-92.22,38.96
24,89,2016-05-28-11,Normal,-91.78,42.23
15,92,2016-05-28-11,Normal,-94.35,38.33
32,21,2016-05-28-11,Normal,-90.15,38.62
24,89,2016-05-28-11,Normal,-91.63,41.72
19,65,2016-05-28-11,Normal,-95.15,35.51
16,71,2016-05-28-11,Normal,-89.52,40.7
12,22,2016-05-28-11,Normal,-89.88,41.77
32,21,2016-05-28-11,Normal,-89.74,39.1
14,56,2016-05-28-11,Normal,-94.37,38.0
19,65,2016-05-28-11,Normal,-95.3,35.64
13,69,2016-05-28-11,Normal,-90.24,35.35
24,89,2016-05-28-11,Normal,-91.47,41.74
28,90,2016-05-28-11,Normal,-94.36,39.37
29,68,2016-05-28-11,Normal,-95.76,36.08
23,44,2016-05-28-11,Normal,-91.14,34.96
20,33,2016-05-28-11,Normal,-90.94,35.03
17,27,2016-05-28-11,Normal,-92.63,38.95
22,29,2016-05-28-11,Normal,-90.44,41.54
19,65,2016-05-28-11,Normal,-95.56,35.97
11,39,2016-05-28-11,Normal,-88.41,42.11
15,92,2016-05-28-11,Normal,-94.59,39.1
11,39,2016-05-28-11,Normal,-88.64,42.21
29,68,2016-05-28-11,Normal,-95.99,36.17
30,58,2016-05-28-11,Normal,-90.2,38.65
13,69,2016-05-28-11,Normal,-89.65,36.37
21,54,2016-05-28-11,Normal,-89.63,39.84
18,11,2016-05-28-11,Normal,-94.36,39.37
32,21,2016-05-28-11,Normal,-89.17,40.38
24,89,2016-05-28-11,Normal,-91.05,41.72
22,29,2016-05-28-11,Normal,-90.7,41.62
16,71,2016-05-28-11,Normal,-90.7,41.62
27,60,2016-05-28-11,Normal,-93.2,38.98
32,21,2016-05-28-11,Normal,-88.42,41.11
17,27,2016-05-28-11,Normal,-93.2,38.98
11,39,2016-05-28-11,Normal,-87.66,41.89
18,11,2016-05-28-11,Normal,-93.93,39.76
31,86,2016-05-28-11,Normal,-94.3,37.66
21,54,2016-05-28-11,Normal,-87.67,41.87
16,71,2016-05-28-11,Normal,-91.78,42.23
27,60,2016-05-28-11,Normal,-94.31,39.04
31,86,2016-05-28-11,Normal,-94.37,38.0
29,68,2016-05-28-11,Normal,-97.37,36.79
32,21,2016-05-28-11,Normal,-88.77,40.76
24,89,2016-05-28-11,Normal,-90.29,40.96
27,60,2016-05-28-11,Normal,-94.44,39.1
31,86,2016-05-28-11,Normal,-94.35,38.33
21,54,2016-05-28-11,Normal,-88.42,41.11
18,11,2016-05-28-11,Normal,-93.13,39.78
14,56,2016-05-28-11,Normal,-94.38,38.67
29,68,2016-05-28-11,Normal,-97.37,36.91
25,106,2016-05-28-11,Normal,-89.6,41.76
30,58,2016-05-28-11,Normal,-88.07,41.48
15,92,2016-05-28-11,Normal,-94.46,37.16
13,69,2016-05-28-11,Normal,-90.15,38.62
20,33,2016-05-28-11,Normal,-91.93,34.81
28,90,2016-05-28-11,Normal,-93.6,39.77
24,89,2016-05-28-11,Normal,-90.7,41.62
11,39,2016-05-28-11,Normal,-89.6,41.76
15,92,2016-05-28-11,Normal,-94.38,38.67
26,38,2016-05-28-11,Normal,-93.96,37.08
20,33,2016-05-28-11,Normal,-91.74,34.89
29,68,2016-05-28-11,Normal,-97.32,37.27
31,86,2016-05-28-11,Normal,-94.35,38.33
15,92,2016-05-28-11,Normal,-94.38,38.99
18,11,2016-05-28-11,Normal,-91.8,39.67
14,56,2016-05-28-11,Normal,-94.3,37.66
30,58,2016-05-28-11,Normal,-90.2,38.65
21,54,2016-05-28-11,Normal,-89.63,39.84
23,44,2016-05-28-11,Normal,-90.68,35.12
15,92,2016-05-28-11,Normal,-94.59,39.1
18,11,2016-05-28-11,Normal,-91.59,39.68
28,90,2016-05-28-11,Normal,-92.07,39.71
22,29,2016-05-28-11,Normal,-89.91,40.86
11,39,2016-05-28-11,Normal,-91.94,41.71
18,11,2016-05-28-11,Normal,-91.36,39.76
30,58,2016-05-28-11,Normal,-89.74,39.1
31,86,2016-05-28-11,Normal,-94.31,37.31
15,92,2016-05-28-11,Normal,-94.59,39.1
26,38,2016-05-28-11,Normal,-93.14,37.26
28,90,2016-05-28-11,Normal,-91.8,39.67
23,44,2016-05-28-11,Normal,-91.14,34.96
17,27,2016-05-28-11,Normal,-92.85,38.93
30,58,2016-05-28-11,Normal,-89.63,39.84
10,43,2016-05-28-11,Normal,-93.14,37.26
28,90,2016-05-28-11,Normal,-91.59,39.68
30,58,2016-05-28-11,Normal,-89.17,40.38
16,71,2016-05-28-11,Normal,-90.44,41.54
21,54,2016-05-28-11,Normal,-88.42,41.11
11,39,2016-05-28-11,Normal,-92.74,41.75
19,65,2016-05-28-11,Normal,-97.34,36.63
32,21,2016-05-28-11,Normal,-87.67,41.87
14,56,2016-05-28-11,Normal,-94.58,37.03
12,22,2016-05-28-11,Normal,-92.19,41.74
28,90,2016-05-28-11,Normal,-91.2,39.75
29,68,2016-05-28-11,Normal,-97.14,36.41
30,58,2016-05-28-11,Normal,-88.77,40.76
32,21,2016-05-28-11,Normal,-88.07,41.48
14,56,2016-05-28-11,Normal,-94.31,37.31
22,29,2016-05-28-11,Normal,-91.05,41.72
15,92,2016-05-28-11,Normal,-94.37,38.0
21,54,2016-05-28-11,Normal,-87.67,41.87
32,21,2016-05-28-11,Normal,-88.42,41.11
19,65,2016-05-28-11,Normal,-97.35,36.4
29,68,2016-05-28-11,Normal,-96.97,36.24
23,44,2016-05-28-11,Normal,-92.09,34.8
19,90,2016-05-28-11,Normal,-96.97,36.24
10,79,2016-05-28-11,Normal,-92.48,37.8
20,33,2016-05-28-11,Normal,-93.58,41.62
32,21,2016-05-28-11,Normal,-90.04,35.19
26,38,2016-05-28-11,Normal,-90.18,38.64
14,56,2016-05-28-11,Normal,-94.46,37.16
24,89,2016-05-28-11,Normal,-89.74,39.1
28,90,2016-05-28-11,Normal,-89.78,39.77
11,39,2016-05-28-11,Normal,-89.63,39.84
22,29,2016-05-28-11,Normal,-90.68,35.12
23,44,2016-05-28-11,Normal,-90.44,41.54
14,56,2016-05-28-11,Normal,-94.3,37.66
16,77,2016-05-28-11,Normal,-94.35,38.33
10,43,2016-05-28-11,Normal,-90.18,38.64
17,27,2016-05-28-11,Normal,-90.21,38.65
30,58,2016-05-28-11,Normal,-93.58,41.62
31,86,2016-05-28-11,Normal,-94.46,37.16
16,71,2016-05-28-11,Normal,-89.91,40.86
10,43,2016-05-28-11,Normal,-90.53,38.51
31,86,2016-05-28-11,Normal,-94.31,37.31
13,69,2016-05-28-11,Normal,-93.04,41.71
18,11,2016-05-28-11,Normal,-90.14,39.76
31,86,2016-05-28-11,Normal,-94.3,37.66
28,90,2016-05-28-11,Normal,-90.14,39.76
19,65,2016-05-28-11,Normal,-97.37,36.91
25,106,2016-05-28-11,Normal,-90.0,37.72
14,56,2016-05-28-11,Normal,-94.37,38.0
10,43,2016-05-28-11,Normal,-90.86,38.46
32,21,2016-05-28-11,Normal,-91.14,34.96
29,68,2016-05-28-11,Normal,-97.37,36.91
19,65,2016-05-28-11,Normal,-97.37,36.79
14,56,2016-05-28-11,Normal,-94.35,38.33
13,69,2016-05-28-11,Normal,-92.19,41.74
23,44,2016-05-28-11,Normal,-91.32,41.71
16,71,2016-05-28-11,Normal,-91.32,41.71
20,33,2016-05-28-11,Normal,-91.59,41.7
16,71,2016-05-28-11,Normal,-91.47,41.74
31,86,2016-05-28-11,Normal,-94.38,38.99
22,29,2016-05-28-11,Normal,-91.14,34.96
18,11,2016-05-28-11,Normal,-90.24,39.72
16,71,2016-05-28-11,Normal,-91.05,41.72
17,27,2016-05-28-11,Normal,-90.93,38.82
32,21,2016-05-28-11,Normal,-91.74,34.89
12,22,2016-05-28-11,Normal,-89.54,36.84
13,69,2016-05-28-11,Normal,-91.94,41.71
32,21,2016-05-28-11,Normal,-91.93,34.81
25,106,2016-05-28-11,Normal,-89.65,36.37
21,54,2016-05-28-11,Normal,-94.38,38.99
23,44,2016-05-28-11,Normal,-91.63,41.72
32,21,2016-05-28-11,Normal,-92.09,34.8
10,43,2016-05-28-11,Normal,-91.44,38.09
17,27,2016-05-28-11,Normal,-91.33,38.87
31,86,2016-05-28-11,Normal,-94.59,39.1
16,71,2016-05-28-11,Normal,-91.78,42.23
30,58,2016-05-28-11,Normal,-91.24,41.67
27,60,2016-05-28-11,Normal,-91.33,38.87
25,106,2016-05-28-11,Normal,-90.07,35.68
21,54,2016-05-28-11,Normal,-94.59,39.1
13,69,2016-05-28-11,Normal,-90.82,41.66
31,86,2016-05-28-11,Normal,-94.59,39.1
18,11,2016-05-28-11,Normal,-90.97,39.72
29,68,2016-05-28-11,Normal,-96.68,36.2
16,71,2016-05-28-11,Normal,-91.78,42.23
21,54,2016-05-28-11,Normal,-94.38,38.99
19,65,2016-05-28-11,Normal,-96.44,36.23
22,29,2016-05-28-11,Normal,-92.31,34.78
16,71,2016-05-28-11,Normal,-91.63,41.72
31,86,2016-05-28-11,Normal,-94.38,38.99
13,69,2016-05-28-11,Normal,-90.2,41.59
21,54,2016-05-28-11,Normal,-94.38,38.67
26,38,2016-05-28-11,Normal,-91.99,37.94
18,11,2016-05-28-11,Normal,-91.36,39.76
25,106,2016-05-28-11,Normal,-90.07,35.1
19,65,2016-05-28-11,Normal,-96.21,36.19
21,54,2016-05-28-11,Normal,-94.35,38.33
31,86,2016-05-28-11,Normal,-94.35,38.33
23,44,2016-05-28-11,Normal,-91.32,41.71
24,89,2016-05-28-11,Normal,-89.63,39.84
31,86,2016-05-28-11,Normal,-94.37,38.0
27,60,2016-05-28-11,Normal,-92.38,38.98
29,68,2016-05-28-11,Normal,-95.76,36.08
26,38,2016-05-28-11,Normal,-92.48,37.8
10,43,2016-05-28-11,Normal,-92.61,37.7
25,106,2016-05-28-11,Normal,-89.8,35.94
28,90,2016-05-28-11,Normal,-92.07,39.71
10,43,2016-05-28-11,Normal,-92.74,37.6
15,92,2016-05-28-11,Normal,-91.93,34.81
32,21,2016-05-28-11,Normal,-91.74,34.89
21,54,2016-05-28-11,Normal,-94.37,38.0
26,38,2016-05-28-11,Normal,-92.31,37.81
10,43,2016-05-28-11,Normal,-92.48,37.8
16,71,2016-05-28-11,Normal,-91.05,41.72
13,69,2016-05-28-11,Normal,-89.29,41.85
11,39,2016-05-28-11,Normal,-90.2,38.65
21,54,2016-05-28-11,Normal,-94.31,37.31
19,65,2016-05-28-11,Normal,-95.42,35.87
21,54,2016-05-28-11,Normal,-94.46,37.16
17,27,2016-05-28-11,Normal,-92.85,38.93
13,69,2016-05-28-11,Normal,-88.96,42.25
20,33,2016-05-28-11,Normal,-88.64,42.21
23,44,2016-05-28-11,Normal,-90.29,40.96
16,71,2016-05-28-11,Normal,-90.29,40.96
11,39,2016-05-28-11,Normal,-89.74,39.1
31,86,2016-05-28-11,Normal,-94.58,37.03
18,11,2016-05-28-11,Normal,-92.57,39.77
21,54,2016-05-28-11,Normal,-94.58,37.03
31,86,2016-05-28-11,Normal,-94.58,37.03
14,56,2016-05-28-11,Normal,-94.46,37.16
12,22,2016-05-28-11,Normal,-89.71,37.47
20,33,2016-05-28-11,Normal,-87.66,41.89
19,65,2016-05-28-11,Normal,-94.57,35.37
27,60,2016-05-28-11,Normal,-93.45,38.99
24,89,2016-05-28-11,Normal,-89.74,39.1
25,106,2016-05-28-11,Normal,-89.54,36.84
30,58,2016-05-28-11,Normal,-88.41,42.11
20,33,2016-05-28-11,Normal,-88.02,42.04
32,21,2016-05-28-11,Normal,-90.04,35.19
27,60,2016-05-28-11,Normal,-93.2,38.98
26,38,2016-05-28-11,Normal,-93.14,37.26
18,11,2016-05-28-11,Normal,-92.94,39.77
17,27,2016-05-28-11,Normal,-93.65,39.0
20,33,2016-05-28-11,Normal,-87.66,41.89
18,11,2016-05-28-11,Normal,-93.13,39.78
32,21,2016-05-28-11,Normal,-90.37,35.21
14,56,2016-05-28-11,Normal,-94.3,37.66
26,38,2016-05-28-11,Normal,-93.69,37.16
19,65,2016-05-28-11,Normal,-94.22,35.5
27,60,2016-05-28-11,Normal,-93.65,39.0
28,90,2016-05-28-11,Normal,-93.13,39.78
26,38,2016-05-28-11,Normal,-93.96,37.08
12,22,2016-05-28-11,Normal,-90.35,38.43
23,44,2016-05-28-11,Normal,-90.44,41.54
22,29,2016-05-28-11,Normal,-90.94,35.03
31,86,2016-05-28-11,Normal,-94.35,38.33
32,21,2016-05-28-11,Normal,-91.14,34.96
17,27,2016-05-28-11,Normal,-94.31,39.04
15,92,2016-05-28-11,Normal,-90.37,35.21
23,44,2016-05-28-11,Normal,-90.29,40.96
20,33,2016-05-28-11,Normal,-88.41,42.11
28,90,2016-05-28-11,Normal,-93.33,39.77
29,68,2016-05-28-11,Normal,-93.61,35.51
21,54,2016-05-28-11,Normal,-94.35,38.33
10,43,2016-05-28-11,Normal,-94.54,37.02
23,44,2016-05-28-11,Normal,-90.7,41.62
26,38,2016-05-28-11,Normal,-94.54,37.02
28,90,2016-05-28-11,Normal,-93.93,39.76
19,65,2016-05-28-11,Normal,-93.12,35.31
11,39,2016-05-28-11,Normal,-88.07,41.48
26,38,2016-05-28-11,Normal,-94.83,36.84
31,86,2016-05-28-11,Normal,-94.38,38.99
30,58,2016-05-28-11,Normal,-88.96,42.25
18,11,2016-05-28-11,Normal,-94.25,39.73
28,90,2016-05-28-11,Normal,-94.15,39.77
20,33,2016-05-28-11,Normal,-89.29,41.85
15,92,2016-05-28-11,Normal,-91.74,34.89
14,56,2016-05-28-11,Normal,-94.59,39.1
15,92,2016-05-28-11,Normal,-91.93,34.81
25,106,2016-05-28-11,Normal,-90.0,37.72
21,54,2016-05-28-11,Normal,-94.59,39.1
23,44,2016-05-28-11,Normal,-91.32,41.71
17,27,2016-05-28-11,Normal,-94.16,39.04
22,29,2016-05-28-11,Normal,-92.09,34.8
12,22,2016-05-28-11,Normal,-89.71,37.47
31,86,2016-05-28-11,Normal,-94.59,39.1
27,60,2016-05-28-11,Normal,-94.44,39.1
30,58,2016-05-28-11,Normal,-89.29,41.85
19,65,2016-05-28-11,Normal,-92.25,34.92
13,69,2016-05-28-11,Normal,-89.6,41.76
26,38,2016-05-28-11,Normal,-95.35,36.47
29,68,2016-05-28-11,Normal,-92.25,34.75
15,92,2016-05-28-11,Normal,-92.31,34.78
26,38,2016-05-28-11,Normal,-95.5,36.37
20,33,2016-05-28-11,Normal,-90.2,41.59
31,86,2016-05-28-11,Normal,-94.38,38.67
25,106,2016-05-28-11,Normal,-89.56,37.2
23,44,2016-05-28-11,Normal,-91.78,42.23
31,86,2016-05-28-11,Normal,-94.35,38.33
32,21,2016-05-28-11,Normal,-92.31,34.78
30,58,2016-05-28-11,Normal,-90.2,41.59
21,54,2016-05-28-11,Normal,-94.37,38.0
26,38,2016-05-28-11,Normal,-95.76,36.18
27,60,2016-05-28-11,Normal,-94.0,39.03
20,33,2016-05-28-11,Normal,-90.82,41.66
29,68,2016-05-28-11,Normal,-92.53,35.15
13,69,2016-05-28-11,Normal,-90.82,41.66
25,106,2016-05-28-11,Normal,-89.8,35.94
18,11,2016-05-28-11,Normal,-94.42,39.27
10,43,2016-05-28-11,Normal,-95.76,36.18
23,44,2016-05-28-11,Normal,-91.63,41.72
17,27,2016-05-28-11,Normal,-93.65,39.0
14,56,2016-05-28-11,Normal,-94.3,37.66
22,29,2016-05-28-11,Normal,-91.93,34.81
16,71,2016-05-28-11,Normal,-91.47,41.74
27,60,2016-05-28-11,Normal,-93.65,39.0
23,44,2016-05-28-11,Normal,-91.32,41.71
15,92,2016-05-28-11,Normal,-91.74,34.89
32,21,2016-05-28-11,Normal,-91.74,34.89
19,65,2016-05-28-11,Normal,-93.12,35.31
28,90,2016-05-28-11,Normal,-94.42,39.27
12,22,2016-05-28-11,Normal,-90.24,35.35
11,39,2016-05-28-11,Normal,-89.17,40.38
14,56,2016-05-28-11,Normal,-94.58,37.03
27,60,2016-05-28-11,Normal,-93.01,38.97
14,56,2016-05-28-11,Normal,-94.58,37.03
24,89,2016-05-28-11,Normal,-88.77,40.76
12,22,2016-05-28-11,Normal,-90.07,35.1
14,56,2016-05-28-11,Normal,-94.46,37.16
26,38,2016-05-28-11,Normal,-95.35,36.47
32,21,2016-05-28-11,Normal,-90.68,35.12
16,71,2016-05-28-11,Normal,-91.05,41.72
25,106,2016-05-28-11,Normal,-90.24,35.35
28,90,2016-05-28-11,Normal,-94.36,39.37
24,89,2016-05-28-11,Normal,-89.17,40.38
20,33,2016-05-28-11,Normal,-92.19,41.74
28,90,2016-05-28-11,Normal,-94.28,39.53
15,92,2016-05-28-11,Normal,-90.94,35.03
18,11,2016-05-28-11,Normal,-94.25,39.73
19,65,2016-05-28-11,Normal,-93.92,35.53
24,89,2016-05-28-11,Normal,-88.42,41.11
28,90,2016-05-28-11,Normal,-94.25,39.73
18,11,2016-05-28-11,Normal,-94.15,39.77
31,86,2016-05-28-11,Normal,-94.46,37.16
30,58,2016-05-28-11,Normal,-92.74,41.75
20,33,2016-05-28-11,Normal,-93.04,41.71
25,106,2016-05-28-11,Normal,-90.07,35.68
16,71,2016-05-28-11,Normal,-89.91,40.86
28,90,2016-05-28-11,Normal,-94.15,39.77
30,58,2016-05-28-11,Normal,-93.04,41.71
16,71,2016-05-28-11,Normal,-89.52,40.7
14,56,2016-05-28-11,Normal,-94.37,38.0
26,38,2016-05-28-11,Normal,-95.01,36.73
25,106,2016-05-28-11,Normal,-89.8,35.94
21,54,2016-05-28-11,Normal,-94.37,38.0
25,106,2016-05-28-11,Normal,-89.65,36.37
14,56,2016-05-28-11,Normal,-94.35,38.33
11,39,2016-05-28-11,Normal,-87.67,41.87
20,33,2016-05-28-11,Normal,-93.58,41.62
24,89,2016-05-28-11,Normal,-88.07,41.48
25,106,2016-05-28-11,Normal,-89.54,36.84
30,58,2016-05-28-11,Normal,-93.58,41.62
31,86,2016-05-28-11,Normal,-94.35,38.33
27,60,2016-05-28-11,Normal,-92.22,38.96
31,86,2016-05-28-11,Normal,-94.37,38.0
22,29,2016-05-28-11,Normal,-90.37,35.21
32,21,2016-05-28-11,Normal,-90.37,35.21
24,89,2016-05-28-11,Normal,-88.42,41.11
25,106,2016-05-28-11,Normal,-89.56,37.2
21,54,2016-05-28-11,Normal,-94.38,38.99
18,11,2016-05-28-11,Normal,-92.94,39.77
31,86,2016-05-28-11,Normal,-94.38,38.67
20,33,2016-05-28-11,Normal,-93.04,41.71
24,89,2016-05-28-11,Normal,-88.77,40.76
18,11,2016-05-28-11,Normal,-92.74,39.76
11,39,2016-05-28-11,Normal,-89.17,40.38
25,106,2016-05-28-11,Normal,-89.71,37.47
20,33,2016-05-28-11,Normal,-92.74,41.75
21,54,2016-05-28-11,Normal,-94.59,39.1
24,89,2016-05-28-11,Normal,-89.17,40.38
26,38,2016-05-28-11,Normal,-93.69,37.16
18,11,2016-05-28-11,Normal,-92.57,39.77
23,44,2016-05-28-11,Normal,-91.05,41.72
19,65,2016-05-28-11,Normal,-95.99,36.17
11,39,2016-05-28-11,Normal,-89.74,39.1
31,86,2016-05-28-11,Normal,-94.59,39.1
32,21,2016-05-28-11,Normal,-91.74,34.89
28,90,2016-05-28-11,Normal,-92.74,39.76
21,54,2016-05-28-11,Normal,-94.59,39.1
22,29,2016-05-28-11,Normal,-91.38,34.83
32,21,2016-05-28-11,Normal,-91.38,34.83
27,60,2016-05-28-11,Normal,-91.1,38.83
23,44,2016-05-28-11,Normal,-91.32,41.71
28,90,2016-05-28-11,Normal,-90.24,39.72
18,11,2016-05-28-11,Normal,-89.96,39.74
31,86,2016-05-28-11,Normal,-94.35,38.33
21,54,2016-05-28-11,Normal,-94.38,38.99
23,44,2016-05-28-11,Normal,-89.91,40.86
25,106,2016-05-28-11,Normal,-90.07,35.1
28,90,2016-05-28-11,Normal,-89.96,39.74
14,56,2016-05-28-11,Normal,-94.38,38.67
11,39,2016-05-28-11,Normal,-90.2,38.65
22,29,2016-05-28-11,Normal,-90.04,35.19
17,27,2016-05-28-11,Normal,-91.74,38.94
24,89,2016-05-28-11,Normal,-89.74,39.1
32,21,2016-05-28-11,Normal,-90.94,35.03
17,27,2016-05-28-11,Normal,-92.03,38.97
31,86,2016-05-28-11,Normal,-94.59,39.1
11,39,2016-05-28-11,Normal,-89.74,39.1
29,68,2016-05-28-11,Normal,-97.32,37.27
27,60,2016-05-28-11,Normal,-91.56,38.93
30,58,2016-05-28-11,Normal,-87.66,41.89
22,29,2016-05-28-11,Normal,-90.68,35.12
19,65,2016-05-28-11,Normal,-97.32,37.15
25,106,2016-05-28-11,Normal,-90.07,35.68
11,39,2016-05-28-11,Normal,-90.2,38.65
16,71,2016-05-28-11,Normal,-90.44,41.54
15,92,2016-05-28-11,Normal,-91.14,34.96
32,21,2016-05-28-11,Normal,-91.14,34.96
11,39,2016-05-28-11,Normal,-89.74,39.1
23,44,2016-05-28-11,Normal,-90.7,41.62
28,90,2016-05-28-11,Normal,-89.66,39.78
16,71,2016-05-28-11,Normal,-90.7,41.62
21,54,2016-05-28-11,Normal,-94.38,38.67
11,39,2016-05-28-11,Normal,-89.63,39.84
22,29,2016-05-28-11,Normal,-91.38,34.83
19,65,2016-05-28-11,Normal,-97.34,36.63
30,58,2016-05-28-11,Normal,-88.64,42.21
29,68,2016-05-28-11,Normal,-97.35,36.4
18,11,2016-05-28-11,Normal,-90.14,39.76
31,86,2016-05-28-11,Normal,-94.38,38.67
24,89,2016-05-28-11,Normal,-89.63,39.84
25,106,2016-05-28-11,Normal,-89.56,37.2
15,92,2016-05-28-11,Normal,-91.93,34.81
11,39,2016-05-28-11,Normal,-89.17,40.38
16,71,2016-05-28-11,Normal,-91.47,41.74
29,68,2016-05-28-11,Normal,-97.14,36.41
24,89,2016-05-28-11,Normal,-88.77,40.76
14,56,2016-05-28-11,Normal,-94.37,38.0
22,29,2016-05-28-11,Normal,-91.93,34.81
19,65,2016-05-28-11,Normal,-97.14,36.41
14,56,2016-05-28-11,Normal,-94.3,37.66
10,43,2016-05-28-11,Normal,-90.69,38.5
19,65,2016-05-28-11,Normal,-96.97,36.24
31,86,2016-05-28-11,Normal,-94.37,38.0
32,21,2016-05-28-11,Normal,-92.31,34.78
29,68,2016-05-28-11,Normal,-96.68,36.2
11,39,2016-05-28-11,Normal,-88.07,41.48
19,65,2016-05-28-11,Normal,-96.68,36.2
20,33,2016-05-28-11,Normal,-89.88,41.77
30,58,2016-05-28-11,Normal,-89.6,41.76
21,54,2016-05-28-11,Normal,-94.46,37.16
31,86,2016-05-28-11,Normal,-94.31,37.31
18,11,2016-05-28-11,Normal,-90.63,39.7
25,106,2016-05-28-11,Normal,-90.35,38.43
24,89,2016-05-28-11,Normal,-88.07,41.48
31,86,2016-05-28-11,Normal,-94.46,37.16
22,29,2016-05-28-11,Normal,-92.31,34.78
13,69,2016-05-28-11,Normal,-90.2,41.59
10,43,2016-05-28-11,Normal,-91.07,38.31
27,60,2016-05-28-11,Normal,-93.65,39.0
32,21,2016-05-28-11,Normal,-92.09,34.8
14,56,2016-05-28-11,Normal,-94.58,37.03
20,33,2016-05-28-11,Normal,-90.64,41.56
24,89,2016-05-28-11,Normal,-87.67,41.87
17,27,2016-05-28-11,Normal,-93.65,39.0
28,90,2016-05-28-11,Normal,-90.63,39.7
21,54,2016-05-28-11,Normal,-94.35,38.33
17,27,2016-05-28-11,Normal,-94.44,39.1
22,29,2016-05-28-11,Normal,-90.68,35.12
16,71,2016-05-28-11,Normal,-90.29,40.96
25,106,2016-05-28-11,Normal,-89.71,37.47
13,69,2016-05-28-11,Normal,-92.19,41.74
31,86,2016-05-28-11,Normal,-94.37,38.0
21,54,2016-05-28-11,Normal,-94.38,38.67
25,106,2016-05-28-11,Normal,-89.56,37.2
13,69,2016-05-28-11,Normal,-92.4,41.78
10,43,2016-05-28-11,Normal,-92.31,37.81
22,29,2016-05-28-11,Normal,-90.04,35.19
26,38,2016-05-28-11,Normal,-92.08,37.81
16,71,2016-05-28-11,Normal,-89.52,40.7
13,69,2016-05-28-11,Normal,-92.74,41.75
21,54,2016-05-28-11,Normal,-94.38,38.99
20,33,2016-05-28-11,Normal,-93.04,41.71
17,27,2016-05-28-11,Normal,-94.16,39.04
19,65,2016-05-28-11,Normal,-94.22,35.5
14,56,2016-05-28-11,Normal,-94.59,39.1
31,86,2016-05-28-11,Normal,-94.38,38.67
25,106,2016-05-28-11,Normal,-89.65,36.37
20,33,2016-05-28-11,Normal,-93.36,41.69
12,22,2016-05-28-11,Normal,-90.35,38.43
18,11,2016-05-28-11,Normal,-92.27,39.76
21,54,2016-05-28-11,Normal,-94.38,38.67
20,33,2016-05-28-11,Normal,-91.94,41.71
24,89,2016-05-28-11,Normal,-90.2,38.65
20,33,2016-05-28-11,Normal,-91.59,41.7
27,60,2016-05-28-11,Normal,-90.79,38.83
13,69,2016-05-28-11,Normal,-92.19,41.74
10,43,2016-05-28-11,Normal,-92.74,37.6
10,43,2016-05-28-11,Normal,-92.89,37.51
18,11,2016-05-28-11,Normal,-92.07,39.71
18,11,2016-05-28-11,Normal,-91.8,39.67
31,86,2016-05-28-11,Normal,-94.35,38.33
32,21,2016-05-28-11,Normal,-92.31,34.78
21,54,2016-05-28-11,Normal,-94.3,37.66
22,29,2016-05-28-11,Normal,-92.31,34.78
11,39,2016-05-28-11,Normal,-89.17,40.38
24,89,2016-05-28-11,Normal,-90.2,38.65
12,22,2016-05-28-11,Normal,-90.15,38.62
22,29,2016-05-28-11,Normal,-92.31,34.78
17,27,2016-05-28-11,Normal,-90.55,38.81
30,58,2016-05-28-11,Normal,-91.24,41.67
16,71,2016-05-28-11,Normal,-91.78,42.23
25,106,2016-05-28-11,Normal,-90.24,38.0
18,11,2016-05-28-11,Normal,-91.36,39.76
27,60,2016-05-28-11,Normal,-94.0,39.03
25,106,2016-05-28-11,Normal,-89.8,35.94
21,54,2016-05-28-11,Normal,-94.59,39.1
10,43,2016-05-28-11,Normal,-92.74,37.6
32,21,2016-05-28-11,Normal,-90.68,35.12
15,92,2016-05-28-11,Normal,-90.68,35.12
28,90,2016-05-28-11,Normal,-92.42,39.76
21,54,2016-05-28-11,Normal,-94.38,38.99
28,90,2016-05-28-11,Normal,-92.57,39.77
25,106,2016-05-28-11,Normal,-90.07,35.68
29,68,2016-05-28-11,Normal,-93.36,35.4
24,89,2016-05-28-11,Normal,-94.3,37.66
31,86,2016-05-28-11,Normal,-94.59,39.1
21,54,2016-05-28-11,Normal,-94.38,38.67
26,38,2016-05-28-11,Normal,-92.89,37.51
27,60,2016-05-28-11,Normal,-93.45,38.99
30,58,2016-05-28-11,Normal,-93.36,41.69
15,92,2016-05-28-11,Normal,-91.38,34.83
14,56,2016-05-28-11,Normal,-94.37,38.0
14,56,2016-05-28-11,Normal,-94.38,38.67
18,11,2016-05-28-11,Normal,-93.13,39.78
24,89,2016-05-28-11,Normal,-94.37,38.0
12,22,2016-05-28-11,Normal,-90.07,35.1
28,90,2016-05-28-11,Normal,-92.94,39.77
19,65,2016-05-28-11,Normal,-93.12,35.31
21,54,2016-05-28-11,Normal,-94.58,37.03
22,29,2016-05-28-11,Normal,-92.31,34.78
28,90,2016-05-28-11,Normal,-94.25,39.73
24,89,2016-05-28-11,Normal,-94.38,38.67
16,71,2016-05-28-11,Normal,-91.63,41.72
30,58,2016-05-28-11,Normal,-91.24,41.67
14,56,2016-05-28-11,Normal,-89.91,40.86
32,21,2016-05-28-11,Normal,-92.31,34.78
14,56,2016-05-28-11,Normal,-94.58,37.03
11,39,2016-05-28-11,Normal,-90.2,41.59
21,54,2016-05-28-11,Normal,-94.58,37.03
20,33,2016-05-28-11,Normal,-90.82,41.66
16,71,2016-05-28-11,Normal,-91.47,41.74
13,69,2016-05-28-11,Normal,-90.82,41.66
18,11,2016-05-28-11,Normal,-94.36,39.37
25,106,2016-05-28-11,Normal,-90.0,37.72
24,89,2016-05-28-11,Normal,-94.37,38.0
14,56,2016-05-28-11,Normal,-90.44,41.54
19,65,2016-05-28-11,Normal,-93.12,35.31
19,65,2016-05-28-11,Normal,-92.53,35.15
25,106,2016-05-28-11,Normal,-89.71,37.47
27,60,2016-05-28-11,Normal,-91.74,38.94
14,56,2016-05-28-11,Normal,-90.29,40.96
23,44,2016-05-28-11,Normal,-91.32,41.71
30,58,2016-05-28-11,Normal,-90.64,41.56
20,33,2016-05-28-11,Normal,-89.88,41.77
32,21,2016-05-28-11,Normal,-92.09,34.8
10,43,2016-05-28-11,Normal,-92.31,37.81
28,90,2016-05-28-11,Normal,-91.36,39.76
18,11,2016-05-28-11,Normal,-91.2,39.75
20,33,2016-05-28-11,Normal,-90.2,41.59
30,58,2016-05-28-11,Normal,-90.64,41.56
26,38,2016-05-28-11,Normal,-92.31,37.81
10,43,2016-05-28-11,Normal,-92.08,37.81
31,86,2016-05-28-11,Normal,-94.31,37.31
20,33,2016-05-28-11,Normal,-89.88,41.77
32,21,2016-05-28-11,Normal,-91.74,34.89
25,106,2016-05-28-11,Normal,-89.56,37.2
28,90,2016-05-28-11,Normal,-90.97,39.72
30,58,2016-05-28-11,Normal,-89.88,41.77
11,39,2016-05-28-11,Normal,-87.67,41.87
15,92,2016-05-28-11,Normal,-91.14,34.96
32,21,2016-05-28-11,Normal,-91.14,34.96
12,22,2016-05-28-11,Normal,-89.71,37.47
15,92,2016-05-28-11,Normal,-91.74,34.89
23,44,2016-05-28-11,Normal,-91.32,41.71
19,65,2016-05-28-11,Normal,-97.37,36.79
12,22,2016-05-28-11,Normal,-89.54,36.84
13,69,2016-05-28-11,Normal,-89.88,41.77
28,90,2016-05-28-11,Normal,-90.79,39.69
30,58,2016-05-28-11,Normal,-89.6,41.76
27,60,2016-05-28-11,Normal,-90.67,38.82
17,27,2016-05-28-11,Normal,-90.67,38.82
25,106,2016-05-28-11,Normal,-89.65,36.37
11,39,2016-05-28-11,Normal,-88.07,41.48
21,54,2016-05-28-11,Normal,-94.31,37.31
32,21,2016-05-28-11,Normal,-90.94,35.03
31,86,2016-05-28-11,Normal,-94.46,37.16
13,69,2016-05-28-11,Normal,-89.29,41.85
21,54,2016-05-28-11,Normal,-94.3,37.66
15,92,2016-05-28-11,Normal,-90.68,35.12
29,68,2016-05-28-11,Normal,-97.32,37.48
11,39,2016-05-28-11,Normal,-88.42,41.11
20,33,2016-05-28-11,Normal,-88.64,42.21
16,71,2016-05-28-11,Normal,-90.29,40.96
14,56,2016-05-28-11,Normal,-94.37,38.0
24,89,2016-05-28-11,Normal,-88.42,41.11
17,27,2016-05-28-11,Normal,-90.93,38.82
15,92,2016-05-28-11,Normal,-90.37,35.21
14,56,2016-05-28-11,Normal,-94.35,38.33
12,22,2016-05-28-11,Normal,-90.07,35.1
13,69,2016-05-28-11,Normal,-88.96,42.25
17,27,2016-05-28-11,Normal,-91.1,38.83
13,69,2016-05-28-11,Normal,-88.64,42.21
16,71,2016-05-28-11,Normal,-89.52,40.7
23,44,2016-05-28-11,Normal,-91.47,41.74
16,71,2016-05-28-11,Normal,-91.47,41.74
25,106,2016-05-28-11,Normal,-90.15,38.62
18,11,2016-05-28-11,Normal,-90.97,39.72
10,43,2016-05-28-11,Normal,-91.44,38.09
31,86,2016-05-28-11,Normal,-94.58,37.03
32,21,2016-05-28-11,Normal,-91.38,34.83
23,44,2016-05-28-11,Normal,-91.32,41.71
12,22,2016-05-28-11,Normal,-90.24,38.0
27,60,2016-05-28-11,Normal,-94.0,39.03
10,43,2016-05-28-11,Normal,-91.55,38.04
20,33,2016-05-28-11,Normal,-91.59,41.7
30,58,2016-05-28-11,Normal,-91.24,41.67
15,92,2016-05-28-11,Normal,-91.14,34.96
21,54,2016-05-28-11,Normal,-94.3,37.66
29,68,2016-05-28-11,Normal,-95.3,35.64
14,56,2016-05-28-11,Normal,-94.3,37.66
10,43,2016-05-28-11,Normal,-91.69,37.99
19,65,2016-05-28-11,Normal,-95.42,35.87
25,106,2016-05-28-11,Normal,-90.0,37.72
14,56,2016-05-28-11,Normal,-94.37,38.0
10,43,2016-05-28-11,Normal,-91.99,37.94
16,71,2016-05-28-11,Normal,-90.44,41.54
29,68,2016-05-28-11,Normal,-95.15,35.51
13,69,2016-05-28-11,Normal,-91.94,41.71
24,89,2016-05-28-11,Normal,-89.63,39.84
16,71,2016-05-28-11,Normal,-91.05,41.72
26,38,2016-05-28-11,Normal,-93.14,37.26
15,92,2016-05-28-11,Normal,-91.74,34.89
31,86,2016-05-28-11,Normal,-94.35,38.33
27,60,2016-05-28-11,Normal,-93.01,38.97
20,33,2016-05-28-11,Normal,-92.4,41.78
15,92,2016-05-28-11,Normal,-91.93,34.81
17,27,2016-05-28-11,Normal,-92.85,38.93
18,11,2016-05-28-11,Normal,-93.93,39.76
23,44,2016-05-28-11,Normal,-91.47,41.74
27,60,2016-05-28-11,Normal,-92.85,38.93
26,38,2016-05-28-11,Normal,-93.69,37.16
16,71,2016-05-28-11,Normal,-91.47,41.74
10,43,2016-05-28-11,Normal,-93.96,37.08
31,86,2016-05-28-11,Normal,-94.3,37.66
12,22,2016-05-28-11,Normal,-89.65,36.37
26,38,2016-05-28-11,Normal,-93.96,37.08
22,29,2016-05-28-11,Normal,-92.09,34.8
18,11,2016-05-28-11,Normal,-94.25,39.73
15,92,2016-05-28-11,Normal,-92.31,34.78
20,33,2016-05-28-11,Normal,-91.59,41.7
22,29,2016-05-28-11,Normal,-92.31,34.78
29,68,2016-05-28-11,Normal,-92.25,34.92
18,11,2016-05-28-11,Normal,-94.24,39.63
26,38,2016-05-28-11,Normal,-94.23,37.09
28,90,2016-05-28-11,Normal,-94.42,39.27
18,11,2016-05-28-11,Normal,-94.57,39.15
11,39,2016-05-28-11,Normal,-89.03,41.92
25,106,2016-05-28-11,Normal,-90.35,38.43
15,92,2016-05-28-11,Normal,-91.14,34.96
26,38,2016-05-28-11,Normal,-95.5,36.37
15,92,2016-05-28-11,Normal,-90.94,35.03
12,22,2016-05-28-11,Normal,-90.15,38.62
24,89,2016-05-28-11,Normal,-94.46,37.16
27,60,2016-05-28-11,Normal,-91.1,38.83
24,89,2016-05-28-11,Normal,-94.31,37.31
18,11,2016-05-28-11,Normal,-94.36,39.37
11,39,2016-05-28-11,Normal,-88.41,42.11
30,58,2016-05-28-11,Normal,-89.88,41.77
26,38,2016-05-28-11,Normal,-95.76,36.18
12,22,2016-05-28-11,Normal,-90.24,38.0
22,29,2016-05-28-11,Normal,-90.37,35.21
31,86,2016-05-28-11,Normal,-91.14,34.96
16,71,2016-05-28-11,Normal,-90.44,41.54
29,68,2016-05-28-11,Normal,-94.22,35.5
14,56,2016-05-28-11,Normal,-91.32,41.71
23,44,2016-05-28-11,Normal,-90.29,40.96
32,21,2016-05-28-11,Normal,-90.37,35.21
19,65,2016-05-28-11,Normal,-94.22,35.5
21,54,2016-05-28-11,Normal,-91.63,41.72
29,68,2016-05-28-11,Normal,-95.15,35.51
11,39,2016-05-28-11,Normal,-87.66,41.89
31,86,2016-05-28-11,Normal,-92.09,34.8
13,69,2016-05-28-11,Normal,-88.96,42.25
23,44,2016-05-28-11,Normal,-89.52,40.7
17,27,2016-05-28-11,Normal,-90.55,38.81
10,43,2016-05-28-11,Normal,-95.76,36.18
14,56,2016-05-28-11,Normal,-91.78,42.23
29,68,2016-05-28-11,Normal,-95.3,35.64
21,54,2016-05-28-11,Normal,-91.78,42.23
29,68,2016-05-28-11,Normal,-95.42,35.87
31,86,2016-05-28-11,Normal,-92.31,34.78
32,21,2016-05-28-11,Normal,-90.35,38.43
16,71,2016-05-28-11,Normal,-89.74,39.1
27,60,2016-05-28-11,Normal,-90.21,38.65
14,56,2016-05-28-11,Normal,-91.63,41.72
32,21,2016-05-28-11,Normal,-90.24,38.0
25,106,2016-05-28-11,Normal,-89.56,37.2
18,11,2016-05-28-11,Normal,-93.6,39.77
17,27,2016-05-28-11,Normal,-90.21,38.65
14,56,2016-05-28-11,Normal,-91.47,41.74
11,39,2016-05-28-11,Normal,-88.64,42.21
27,60,2016-05-28-11,Normal,-90.21,38.65
30,58,2016-05-28-11,Normal,-87.66,41.89
26,38,2016-05-28-11,Normal,-95.35,36.47
17,27,2016-05-28-11,Normal,-90.21,38.65
28,90,2016-05-28-11,Normal,-93.6,39.77
23,44,2016-05-28-11,Normal,-90.7,41.62
24,89,2016-05-28-11,Normal,-94.38,38.99
25,106,2016-05-28-11,Normal,-89.8,35.94
16,71,2016-05-28-11,Normal,-89.17,40.38
29,68,2016-05-28-11,Normal,-95.99,36.17
32,21,2016-05-28-11,Normal,-89.56,37.2
14,56,2016-05-28-11,Normal,-90.7,41.62
12,22,2016-05-28-11,Normal,-90.07,35.68
26,38,2016-05-28-11,Normal,-95.01,36.73
24,89,2016-05-28-11,Normal,-94.59,39.1
30,58,2016-05-28-11,Normal,-88.02,42.04
22,29,2016-05-28-11,Normal,-88.07,41.48
28,90,2016-05-28-11,Normal,-93.13,39.78
21,54,2016-05-28-11,Normal,-90.7,41.62
27,60,2016-05-28-11,Normal,-90.67,38.82
25,106,2016-05-28-11,Normal,-90.24,35.35
24,89,2016-05-28-11,Normal,-94.59,39.1
21,54,2016-05-28-11,Normal,-90.44,41.54
28,90,2016-05-28-11,Normal,-92.94,39.77
18,11,2016-05-28-11,Normal,-92.57,39.77
13,69,2016-05-28-11,Normal,-88.64,42.21
25,106,2016-05-28-11,Normal,-90.07,35.1
12,22,2016-05-28-11,Normal,-90.07,35.1
28,90,2016-05-28-11,Normal,-92.74,39.76
23,44,2016-05-28-11,Normal,-91.63,41.72
14,56,2016-05-28-11,Normal,-89.91,40.86
19,65,2016-05-28-11,Normal,-96.68,36.2
17,27,2016-05-28-11,Normal,-90.93,38.82
25,106,2016-05-28-11,Normal,-90.24,35.35
15,92,2016-05-28-11,Normal,-88.42,41.11
26,38,2016-05-28-11,Normal,-93.69,37.16
27,60,2016-05-28-11,Normal,-90.93,38.82
11,39,2016-05-28-11,Normal,-90.2,41.59
28,90,2016-05-28-11,Normal,-92.57,39.77
32,21,2016-05-28-11,Normal,-90.07,35.1
10,43,2016-05-28-11,Normal,-93.69,37.16
16,71,2016-05-28-11,Normal,-88.42,41.11
13,69,2016-05-28-11,Normal,-89.6,41.76
28,90,2016-05-28-11,Normal,-92.42,39.76
25,106,2016-05-28-11,Normal,-89.8,35.94
17,27,2016-05-28-11,Normal,-91.1,38.83
20,33,2016-05-28-11,Normal,-89.88,41.77
25,106,2016-05-28-11,Normal,-90.07,35.68
32,21,2016-05-28-11,Normal,-90.07,35.1
30,58,2016-05-28-11,Normal,-89.6,41.76
10,43,2016-05-28-11,Normal,-93.14,37.26
28,90,2016-05-28-11,Normal,-92.07,39.71
19,65,2016-05-28-11,Normal,-97.35,36.4
14,56,2016-05-28-11,Normal,-90.29,40.96
12,22,2016-05-28-11,Normal,-89.54,36.84
21,54,2016-05-28-11,Normal,-90.29,40.96
30,58,2016-05-28-11,Normal,-90.2,41.59
32,21,2016-05-28-11,Normal,-90.24,35.35
19,65,2016-05-28-11,Normal,-97.34,36.63
21,54,2016-05-28-11,Normal,-90.44,41.54
10,43,2016-05-28-11,Normal,-92.89,37.51
28,90,2016-05-28-11,Normal,-91.59,39.68
23,44,2016-05-28-11,Normal,-91.05,41.72
32,21,2016-05-28-11,Normal,-90.07,35.68
13,69,2016-05-28-11,Normal,-90.64,41.56
11,39,2016-05-28-11,Normal,-92.19,41.74
24,89,2016-05-28-11,Normal,-94.46,37.16
19,65,2016-05-28-11,Normal,-97.37,36.91
15,92,2016-05-28-11,Normal,-90.2,38.65
22,29,2016-05-28-11,Normal,-90.2,38.65
27,60,2016-05-28-11,Normal,-92.22,38.96
18,11,2016-05-28-11,Normal,-90.97,39.72
20,33,2016-05-28-11,Normal,-91.59,41.7
28,90,2016-05-28-11,Normal,-91.2,39.75
30,58,2016-05-28-11,Normal,-91.24,41.67
26,38,2016-05-28-11,Normal,-92.61,37.7
25,106,2016-05-28-11,Normal,-90.0,37.72
29,68,2016-05-28-11,Normal,-97.32,37.48
31,86,2016-05-28-11,Normal,-91.38,34.83
28,90,2016-05-28-11,Normal,-90.97,39.72
15,92,2016-05-28-11,Normal,-89.63,39.84
20,33,2016-05-28-11,Normal,-92.19,41.74
19,65,2016-05-28-11,Normal,-97.32,37.27
14,56,2016-05-28-11,Normal,-91.47,41.74
16,71,2016-05-28-11,Normal,-89.74,39.1
32,21,2016-05-28-11,Normal,-89.56,37.2
29,68,2016-05-28-11,Normal,-97.36,37.69
30,58,2016-05-28-11,Normal,-91.94,41.71
15,92,2016-05-28-11,Normal,-89.17,40.38
11,39,2016-05-28-11,Normal,-93.36,41.69
17,27,2016-05-28-11,Normal,-92.63,38.95
30,58,2016-05-28-11,Normal,-92.19,41.74
27,60,2016-05-28-11,Normal,-92.85,38.93
10,43,2016-05-28-11,Normal,-91.99,37.94
12,22,2016-05-28-11,Normal,-90.15,38.62
31,86,2016-05-28-11,Normal,-92.09,34.8
17,27,2016-05-28-11,Normal,-92.85,38.93
13,69,2016-05-28-11,Normal,-92.4,41.78
10,43,2016-05-28-11,Normal,-91.69,37.99
25,106,2016-05-28-11,Normal,-90.15,38.62
12,22,2016-05-28-11,Normal,-94.46,37.16
24,89,2016-05-28-11,Normal,-94.37,38.0
13,69,2016-05-28-11,Normal,-92.74,41.75
30,58,2016-05-28-11,Normal,-92.74,41.75
26,38,2016-05-28-11,Normal,-91.69,37.99
12,22,2016-05-28-11,Normal,-94.31,37.31
28,90,2016-05-28-11,Normal,-90.24,39.72
30,58,2016-05-28-11,Normal,-93.04,41.71
19,65,2016-05-28-11,Normal,-97.32,37.27
29,68,2016-05-28-11,Normal,-97.37,36.91
32,21,2016-05-28-11,Normal,-90.35,38.43
20,33,2016-05-28-11,Normal,-93.58,41.62
10,43,2016-05-28-11,Normal,-91.44,38.09
22,29,2016-05-28-11,Normal,-87.67,41.87
23,44,2016-05-28-11,Normal,-90.7,41.62
30,58,2016-05-28-11,Normal,-93.36,41.69
32,21,2016-05-28-11,Normal,-90.15,38.62
30,58,2016-05-28-11,Normal,-93.58,41.62
10,43,2016-05-28-11,Normal,-91.18,38.22
27,60,2016-05-28-11,Normal,-93.85,39.01
31,86,2016-05-28-11,Normal,-91.93,34.81
28,90,2016-05-28-11,Normal,-90.14,39.76
29,68,2016-05-28-11,Normal,-97.34,36.63
17,27,2016-05-28-11,Normal,-93.85,39.01
25,106,2016-05-28-11,Normal,-92.4,41.78
16,71,2016-05-28-11,Normal,-87.67,41.87
11,39,2016-05-28-11,Normal,-92.4,41.78
12,22,2016-05-28-11,Normal,-94.38,38.67
23,44,2016-05-28-11,Normal,-91.32,41.71
18,11,2016-05-28-11,Normal,-89.66,39.78
26,38,2016-05-28-11,Normal,-91.07,38.31
32,21,2016-05-28-11,Normal,-90.24,38.0
11,39,2016-05-28-11,Normal,-92.19,41.74
12,22,2016-05-28-11,Normal,-94.38,38.99
20,33,2016-05-28-11,Normal,-92.74,41.75
13,69,2016-05-28-11,Normal,-93.04,41.71
28,90,2016-05-28-11,Normal,-89.66,39.78
29,68,2016-05-28-11,Normal,-96.97,36.24
19,65,2016-05-28-11,Normal,-97.35,36.4
20,33,2016-05-28-11,Normal,-92.4,41.78
27,60,2016-05-28-11,Normal,-94.31,39.04
30,58,2016-05-28-11,Normal,-92.74,41.75
29,68,2016-05-28-11,Normal,-96.68,36.2
26,38,2016-05-28-11,Normal,-90.69,38.5
18,11,2016-05-28-11,Normal,-89.96,39.74
22,29,2016-05-28-11,Normal,-89.17,40.38
12,22,2016-05-28-11,Normal,-94.59,39.1
14,56,2016-05-28-11,Normal,-89.91,40.86
11,39,2016-05-28-11,Normal,-91.24,41.67
32,21,2016-05-28-11,Normal,-89.56,37.2
31,86,2016-05-28-11,Normal,-90.68,35.12
13,69,2016-05-28-11,Normal,-92.19,41.74
30,58,2016-05-28-11,Normal,-92.19,41.74
20,33,2016-05-28-11,Normal,-91.94,41.71
15,92,2016-05-28-11,Normal,-90.2,38.65
10,43,2016-05-28-11,Normal,-90.18,38.64
14,56,2016-05-28-11,Normal,-89.52,40.7
12,22,2016-05-28-11,Normal,-94.35,38.33
31,86,2016-05-28-11,Normal,-90.04,35.19
21,54,2016-05-28-11,Normal,-89.52,40.7
22,29,2016-05-28-11,Normal,-89.74,39.1
19,65,2016-05-28-11,Normal,-96.44,36.23
14,56,2016-05-28-11,Normal,-89.52,40.7
15,92,2016-05-28-11,Normal,-90.2,38.65
12,22,2016-05-28-11,Normal,-94.37,38.0
30,58,2016-05-28-11,Normal,-91.59,41.7
11,39,2016-05-28-11,Normal,-90.2,41.59
22,29,2016-05-28-11,Normal,-90.2,38.65
18,11,2016-05-28-11,Normal,-90.37,39.71
24,89,2016-05-28-11,Normal,-94.46,37.16
26,38,2016-05-28-11,Normal,-90.34,38.58
31,86,2016-05-28-11,Normal,-90.04,35.19
32,21,2016-05-28-11,Normal,-90.07,35.68
17,27,2016-05-28-11,Normal,-94.0,39.03
21,54,2016-05-28-11,Normal,-90.29,40.96
28,90,2016-05-28-11,Normal,-90.37,39.71
30,58,2016-05-28-11,Normal,-90.82,41.66
12,22,2016-05-28-11,Normal,-94.31,37.31
10,43,2016-05-28-11,Normal,-90.69,38.5
22,29,2016-05-28-11,Normal,-89.63,39.84
18,11,2016-05-28-11,Normal,-90.63,39.7
28,90,2016-05-28-11,Normal,-90.52,39.71
13,69,2016-05-28-11,Normal,-90.64,41.56
27,60,2016-05-28-11,Normal,-93.45,38.99
16,71,2016-05-28-11,Normal,-89.63,39.84
20,33,2016-05-28-11,Normal,-89.88,41.77
24,89,2016-05-28-11,Normal,-94.46,37.16
19,65,2016-05-28-11,Normal,-95.3,35.64
28,90,2016-05-28-11,Normal,-90.63,39.7
29,68,2016-05-28-11,Normal,-95.15,35.51
17,27,2016-05-28-11,Normal,-93.2,38.98
21,54,2016-05-28-11,Normal,-91.32,41.71
12,22,2016-05-28-11,Normal,-94.46,37.16
16,71,2016-05-28-11,Normal,-89.17,40.38
26,38,2016-05-28-11,Normal,-90.86,38.46
10,43,2016-05-28-11,Normal,-91.07,38.31
23,44,2016-05-28-11,Normal,-89.91,40.86
26,38,2016-05-28-11,Normal,-91.07,38.31
25,106,2016-05-28-11,Normal,-88.64,42.21
14,56,2016-05-28-11,Normal,-91.47,41.74
24,89,2016-05-28-11,Normal,-94.3,37.66
29,68,2016-05-28-11,Normal,-94.57,35.37
30,58,2016-05-28-11,Normal,-89.29,41.85
23,44,2016-05-28-11,Normal,-89.52,40.7
15,92,2016-05-28-11,Normal,-87.67,41.87
32,21,2016-05-28-11,Normal,-89.8,35.94
28,90,2016-05-28-11,Normal,-91.2,39.75
31,86,2016-05-28-11,Normal,-91.93,34.81
20,33,2016-05-28-11,Normal,-88.96,42.25
26,38,2016-05-28-11,Normal,-91.3,38.14
21,54,2016-05-28-11,Normal,-91.78,42.23
13,69,2016-05-28-11,Normal,-88.96,42.25
28,90,2016-05-28-11,Normal,-91.36,39.76
12,22,2016-05-28-11,Normal,-94.3,37.66
23,44,2016-05-28-11,Normal,-90.29,40.96
15,92,2016-05-28-11,Normal,-88.07,41.48
11,39,2016-05-28-11,Normal,-87.66,41.89
25,106,2016-05-28-11,Normal,-87.66,41.89
24,89,2016-05-28-11,Normal,-94.38,38.67
15,92,2016-05-28-11,Normal,-88.42,41.11
13,69,2016-05-28-11,Normal,-88.64,42.21
12,22,2016-05-28-11,Normal,-94.35,38.33
10,43,2016-05-28-11,Normal,-91.99,37.94
32,21,2016-05-28-11,Normal,-89.56,37.2
28,90,2016-05-28-11,Normal,-91.8,39.67
29,68,2016-05-28-11,Normal,-93.36,35.4
23,44,2016-05-28-11,Normal,-90.7,41.62
30,58,2016-05-28-11,Normal,-88.41,42.11
27,60,2016-05-28-11,Normal,-92.03,38.97
15,92,2016-05-28-11,Normal,-89.17,40.38
32,21,2016-05-28-11,Normal,-90.0,37.72
17,27,2016-05-28-11,Normal,-92.22,38.96
21,54,2016-05-28-11,Normal,-91.47,41.74
26,38,2016-05-28-11,Normal,-92.08,37.81
15,92,2016-05-28-11,Normal,-89.63,39.84
18,11,2016-05-28-11,Normal,-92.42,39.76
21,54,2016-05-28-11,Normal,-91.32,41.71
32,21,2016-05-28-11,Normal,-90.24,38.0
20,33,2016-05-28-11,Normal,-87.66,41.89
30,58,2016-05-28-11,Normal,-87.66,41.89
31,86,2016-05-28-11,Normal,-91.74,34.89
28,90,2016-05-28-11,Normal,-92.42,39.76
10,43,2016-05-28-11,Normal,-92.48,37.8
18,11,2016-05-28-11,Normal,-92.74,39.76
25,106,2016-05-28-11,Normal,-88.96,42.25
14,56,2016-05-28-11,Normal,-90.7,41.62
20,33,2016-05-28-11,Normal,-88.02,42.04
10,43,2016-05-28-11,Normal,-92.61,37.7
17,27,2016-05-28-11,Normal,-91.56,38.93
26,38,2016-05-28-11,Normal,-92.61,37.7
20,33,2016-05-28-11,Normal,-88.41,42.11
29,68,2016-05-28-11,Normal,-92.25,34.75
24,89,2016-05-28-11,Normal,-94.35,38.33
20,33,2016-05-28-11,Normal,-88.64,42.21
13,69,2016-05-28-11,Normal,-88.41,42.11
21,54,2016-05-28-11,Normal,-90.44,41.54
11,39,2016-05-28-11,Normal,-89.03,41.92
18,11,2016-05-28-11,Normal,-93.13,39.78
19,65,2016-05-28-11,Normal,-92.25,34.75
30,58,2016-05-28-11,Normal,-88.64,42.21
12,22,2016-05-28-11,Normal,-94.38,38.67
23,44,2016-05-28-11,Normal,-91.78,42.23
27,60,2016-05-28-11,Normal,-90.93,38.82
18,11,2016-05-28-11,Normal,-93.33,39.77
15,92,2016-05-28-11,Normal,-89.63,39.84
25,106,2016-05-28-11,Normal,-89.88,41.77
23,44,2016-05-28-11,Normal,-91.63,41.72
27,60,2016-05-28-11,Normal,-90.79,38.83
24,89,2016-05-28-11,Normal,-94.31,37.31
21,54,2016-05-28-11,Normal,-89.52,40.7
14,56,2016-05-28-11,Normal,-89.52,40.7
32,21,2016-05-28-11,Normal,-90.0,37.72
13,69,2016-05-28-11,Normal,-89.03,41.92
10,43,2016-05-28-11,Normal,-93.14,37.26
31,86,2016-05-28-11,Normal,-90.04,35.19
12,22,2016-05-28-11,Normal,-94.3,37.66
21,54,2016-05-28-11,Normal,-89.52,40.7
17,27,2016-05-28-11,Normal,-90.79,38.83
16,71,2016-05-28-11,Normal,-89.17,40.38
29,68,2016-05-28-11,Normal,-93.12,35.31
12,22,2016-05-28-11,Normal,-94.31,37.31
25,106,2016-05-28-11,Normal,-90.82,41.66
14,56,2016-05-28-11,Normal,-89.91,40.86
11,39,2016-05-28-11,Normal,-90.64,41.56
15,92,2016-05-28-11,Normal,-88.42,41.11
18,11,2016-05-28-11,Normal,-94.25,39.73
30,58,2016-05-28-11,Normal,-89.6,41.76
26,38,2016-05-28-11,Normal,-93.96,37.08
23,44,2016-05-28-11,Normal,-90.7,41.62
25,106,2016-05-28-11,Normal,-91.59,41.7
12,22,2016-05-28-11,Normal,-94.46,37.16
17,27,2016-05-28-11,Normal,-90.55,38.81
13,69,2016-05-28-11,Normal,-89.88,41.77
20,33,2016-05-28-11,Normal,-90.64,41.56
29,68,2016-05-28-11,Normal,-93.92,35.53
17,27,2016-05-28-11,Normal,-90.41,38.75
32,21,2016-05-28-11,Normal,-89.65,36.37
28,90,2016-05-28-11,Normal,-94.24,39.63
17,27,2016-05-28-11,Normal,-90.21,38.65
18,11,2016-05-28-11,Normal,-94.28,39.53
25,106,2016-05-28-11,Normal,-91.94,41.71
32,21,2016-05-28-11,Normal,-89.8,35.94
11,39,2016-05-28-11,Normal,-91.59,41.7
24,89,2016-05-28-11,Normal,-94.3,37.66
19,65,2016-05-28-11,Normal,-93.92,35.53
17,27,2016-05-28-11,Normal,-90.21,38.65
30,58,2016-05-28-11,Normal,-90.82,41.66
23,44,2016-05-28-11,Normal,-89.91,40.86
11,39,2016-05-28-11,Normal,-91.94,41.71
28,90,2016-05-28-11,Normal,-94.36,39.37
19,65,2016-05-28-11,Normal,-94.22,35.5
17,27,2016-05-28-11,Normal,-90.41,38.75
30,58,2016-05-28-11,Normal,-91.24,41.67
11,39,2016-05-28-11,Normal,-92.19,41.74
31,86,2016-05-28-11,Normal,-91.74,34.89
21,54,2016-05-28-11,Normal,-91.47,41.74
26,38,2016-05-28-11,Normal,-95.14,36.66
30,58,2016-05-28-11,Normal,-91.59,41.7
10,43,2016-05-28-11,Normal,-95.14,36.66
25,106,2016-05-28-11,Normal,-92.74,41.75
16,71,2016-05-28-11,Normal,-88.42,41.11
28,90,2016-05-28-11,Normal,-94.57,39.15
32,21,2016-05-28-11,Normal,-90.07,35.1
10,43,2016-05-28-11,Normal,-95.35,36.47
22,29,2016-05-28-11,Normal,-88.77,40.76
20,33,2016-05-28-11,Normal,-92.19,41.74
10,43,2016-05-28-11,Normal,-95.5,36.37
27,60,2016-05-28-11,Normal,-90.93,38.82
25,106,2016-05-28-11,Normal,-93.36,41.69
29,68,2016-05-28-11,Normal,-95.42,35.87
11,39,2016-05-28-11,Normal,-93.04,41.71
22,29,2016-05-28-11,Normal,-89.17,40.38
27,60,2016-05-28-11,Normal,-91.1,38.83
22,29,2016-05-28-11,Normal,-89.63,39.84
29,68,2016-05-28-11,Normal,-95.56,35.97
21,54,2016-05-28-11,Normal,-91.63,41.72
18,11,2016-05-28-11,Normal,-94.36,39.37
13,69,2016-05-28-11,Normal,-92.4,41.78
11,39,2016-05-28-11,Normal,-93.36,41.69
32,21,2016-05-28-11,Normal,-89.8,35.94
18,11,2016-05-28-11,Normal,-94.24,39.63
26,38,2016-05-28-11,Normal,-95.99,36.17
26,38,2016-05-28-11,Normal,-95.76,36.18
24,89,2016-05-28-11,Normal,-94.38,38.99
11,39,2016-05-28-11,Normal,-93.58,41.62
22,29,2016-05-28-11,Normal,-90.2,38.65
24,89,2016-05-28-11,Normal,-94.38,38.67
27,60,2016-05-28-11,Normal,-91.33,38.87
12,22,2016-05-28-11,Normal,-94.59,39.1
19,65,2016-05-28-11,Normal,-95.76,36.08
10,43,2016-05-28-11,Normal,-95.99,36.17
31,86,2016-05-28-11,Normal,-91.74,34.89
14,56,2016-05-28-11,Normal,-91.05,41.72
12,22,2016-05-28-11,Normal,-94.38,38.99
30,58,2016-05-28-11,Normal,-93.58,41.62
17,27,2016-05-28-11,Normal,-91.33,38.87
18,11,2016-05-28-11,Normal,-93.93,39.76
10,43,2016-05-28-11,Normal,-95.69,36.25
32,21,2016-05-28-11,Normal,-89.54,36.84
14,56,2016-05-28-11,Normal,-90.44,41.54
15,92,2016-05-28-11,Normal,-89.63,39.84
18,11,2016-05-28-11,Normal,-93.6,39.77
20,33,2016-05-28-11,Normal,-93.04,41.71
17,27,2016-05-28-11,Normal,-91.56,38.93
14,56,2016-05-28-11,Normal,-90.29,40.96
31,86,2016-05-28-11,Normal,-91.38,34.83
26,38,2016-05-28-11,Normal,-95.69,36.25
24,89,2016-05-28-11,Normal,-94.3,37.66
23,44,2016-05-28-11,Normal,-91.78,42.23
23,44,2016-05-28-11,Normal,-91.63,41.72
26,38,2016-05-28-11,Normal,-95.5,36.37
24,89,2016-05-28-11,Normal,-94.31,37.31
29,68,2016-05-28-11,Normal,-96.97,36.24
24,89,2016-05-28-11,Normal,-94.46,37.16
26,38,2016-05-28-11,Normal,-95.35,36.47
21,54,2016-05-28-11,Normal,-89.91,40.86
29,68,2016-05-28-11,Normal,-97.14,36.41
26,38,2016-05-28-11,Normal,-95.14,36.66
23,44,2016-05-28-11,Normal,-91.78,42.23
18,11,2016-05-28-11,Normal,-93.13,39.78
22,29,2016-05-28-11,Normal,-88.42,41.11
27,60,2016-05-28-11,Normal,-92.53,38.98
17,27,2016-05-28-11,Normal,-92.53,38.98
24,89,2016-05-28-11,Normal,-94.58,37.03
30,58,2016-05-28-11,Normal,-92.74,41.75
12,22,2016-05-28-11,Normal,-94.31,37.31
30,58,2016-05-28-11,Normal,-92.4,41.78
14,56,2016-05-28-11,Normal,-89.52,40.7
32,21,2016-05-28-11,Normal,-90.15,38.62
29,68,2016-05-28-11,Normal,-97.34,36.63
19,65,2016-05-28-11,Normal,-97.35,36.4
16,71,2016-05-28-11,Normal,-88.07,41.48
28,90,2016-05-28-11,Normal,-92.94,39.77
19,65,2016-05-28-11,Normal,-97.34,36.63
10,43,2016-05-28-11,Normal,-94.54,37.02
30,58,2016-05-28-11,Normal,-92.19,41.74
11,39,2016-05-28-11,Normal,-91.24,41.67
11,39,2016-05-28-11,Normal,-90.82,41.66
12,22,2016-05-28-11,Normal,-94.58,37.03
14,56,2016-05-28-11,Normal,-90.29,40.96
32,21,2016-05-28-11,Normal,-90.35,38.43
27,60,2016-05-28-11,Normal,-93.2,38.98
14,56,2016-05-28-11,Normal,-90.44,41.54
30,58,2016-05-28-11,Normal,-91.59,41.7
15,92,2016-05-28-11,Normal,-88.42,41.11
16,71,2016-05-28-11,Normal,-88.07,41.48
12,22,2016-05-28-11,Normal,-94.58,37.03
31,86,2016-05-28-11,Normal,-90.68,35.12
28,90,2016-05-28-11,Normal,-92.42,39.76
24,89,2016-05-28-11,Normal,-91.05,41.72
27,60,2016-05-28-11,Normal,-93.65,39.0
27,60,2016-05-28-11,Normal,-93.45,38.99
28,90,2016-05-28-11,Normal,-92.27,39.76
21,54,2016-05-28-11,Normal,-91.05,41.72
20,33,2016-05-28-11,Normal,-90.82,41.66
22,29,2016-05-28-11,Normal,-88.42,41.11
21,54,2016-05-28-11,Normal,-90.7,41.62
31,86,2016-05-28-11,Normal,-91.14,34.96
27,60,2016-05-28-11,Normal,-93.85,39.01
24,89,2016-05-28-11,Normal,-91.32,41.71
10,43,2016-05-28-11,Normal,-93.34,37.21
19,65,2016-05-28-11,Normal,-97.32,37.27
17,27,2016-05-28-11,Normal,-93.65,39.0
30,58,2016-05-28-11,Normal,-90.64,41.56
23,44,2016-05-28-11,Normal,-89.91,40.86
27,60,2016-05-28-11,Normal,-94.0,39.03
25,106,2016-05-28-11,Normal,-89.03,41.92
10,43,2016-05-28-11,Normal,-93.14,37.26
32,21,2016-05-28-11,Normal,-89.54,36.84
19,65,2016-05-28-11,Normal,-97.36,37.69
28,90,2016-05-28-11,Normal,-91.8,39.67
25,106,2016-05-28-11,Normal,-88.96,42.25
16,71,2016-05-28-11,Normal,-89.74,39.1
29,68,2016-05-28-11,Normal,-97.32,37.27
23,44,2016-05-28-11,Normal,-89.91,40.86
12,22,2016-05-28-11,Normal,-94.35,38.33
13,69,2016-05-28-11,Normal,-89.88,41.77
22,29,2016-05-28-11,Normal,-89.74,39.1
26,38,2016-05-28-11,Normal,-92.89,37.51
26,38,2016-05-28-11,Normal,-92.74,37.6
22,29,2016-05-28-11,Normal,-90.2,38.65
13,69,2016-05-28-11,Normal,-89.6,41.76
24,89,2016-05-28-11,Normal,-91.63,41.72
21,54,2016-05-28-11,Normal,-91.78,42.23
16,71,2016-05-28-11,Normal,-90.2,38.65
22,29,2016-05-28-11,Normal,-89.91,40.86
27,60,2016-05-28-11,Normal,-94.44,39.1
10,43,2016-05-28-11,Normal,-92.74,37.6
20,33,2016-05-28-11,Normal,-88.96,42.25
27,60,2016-05-28-11,Normal,-94.44,39.1
26,38,2016-05-28-11,Normal,-92.89,37.51
23,44,2016-05-28-11,Normal,-91.14,34.96
25,106,2016-05-28-11,Normal,-91.24,41.67
18,11,2016-05-28-11,Normal,-93.33,39.77
27,60,2016-05-28-11,Normal,-91.19,38.83
26,38,2016-05-28-11,Normal,-92.99,37.34
22,29,2016-05-28-11,Normal,-90.7,41.62
24,89,2016-05-28-11,Normal,-90.7,41.62
14,56,2016-05-28-11,Normal,-94.38,38.67
24,89,2016-05-28-11,Normal,-91.05,41.72
25,106,2016-05-28-11,Normal,-90.64,41.56
18,11,2016-05-28-11,Normal,-93.93,39.76
29,68,2016-05-28-11,Normal,-93.92,35.53
15,92,2016-05-28-11,Normal,-94.58,37.03
12,22,2016-05-28-11,Normal,-91.94,41.71
19,65,2016-05-28-11,Normal,-93.61,35.51
14,56,2016-05-28-11,Normal,-94.59,39.1
31,86,2016-05-28-11,Normal,-94.38,38.99
11,39,2016-05-28-11,Normal,-90.64,41.56
29,68,2016-05-28-11,Normal,-94.57,35.37
32,21,2016-05-28-11,Normal,-90.0,37.72
17,27,2016-05-28-11,Normal,-91.56,38.93
10,43,2016-05-28-11,Normal,-93.34,37.21
16,71,2016-05-28-11,Normal,-90.44,41.54
19,65,2016-05-28-11,Normal,-94.22,35.5
19,65,2016-05-28-11,Normal,-96.21,36.19
14,56,2016-05-28-11,Normal,-94.58,37.03
10,43,2016-05-28-11,Normal,-95.5,36.37
18,11,2016-05-28-11,Normal,-94.28,39.53
24,89,2016-05-28-11,Normal,-90.29,40.96
25,106,2016-05-28-11,Normal,-87.66,41.89
22,29,2016-05-28-11,Normal,-91.47,41.74
32,21,2016-05-28-11,Normal,-87.67,41.87
27,60,2016-05-28-11,Normal,-93.65,39.0
31,86,2016-05-28-11,Normal,-94.58,37.03
24,89,2016-05-28-11,Normal,-89.91,40.86
13,69,2016-05-28-11,Normal,-89.71,37.47
29,68,2016-05-28-11,Normal,-97.14,36.41
30,58,2016-05-28-11,Normal,-88.77,40.76
14,56,2016-05-28-11,Normal,-94.31,37.31
19,65,2016-05-28-11,Normal,-96.97,36.24
20,33,2016-05-28-11,Normal,-90.68,35.12
10,43,2016-05-28-11,Normal,-95.99,36.17
17,27,2016-05-28-11,Normal,-93.85,39.01
25,106,2016-05-28-11,Normal,-88.64,42.21
11,39,2016-05-28-11,Normal,-88.64,42.21
21,54,2016-05-28-11,Normal,-88.07,41.48
17,27,2016-05-28-11,Normal,-94.0,39.03
24,89,2016-05-28-11,Normal,-89.52,40.7
20,33,2016-05-28-11,Normal,-91.14,34.96
10,43,2016-05-28-11,Normal,-95.99,36.17
29,68,2016-05-28-11,Normal,-97.32,37.27
24,89,2016-05-28-11,Normal,-91.05,41.72
21,54,2016-05-28-11,Normal,-89.17,40.38
13,69,2016-05-28-11,Normal,-90.0,37.72
23,44,2016-05-28-11,Normal,-90.68,35.12
32,21,2016-05-28-11,Normal,-90.2,38.65
20,33,2016-05-28-11,Normal,-92.31,34.78
10,43,2016-05-28-11,Normal,-95.14,36.66
17,27,2016-05-28-11,Normal,-94.0,39.03
17,27,2016-05-28-11,Normal,-94.16,39.04
24,89,2016-05-28-11,Normal,-91.32,41.71
24,89,2016-05-28-11,Normal,-91.47,41.74
10,43,2016-05-28-11,Normal,-95.01,36.73
14,56,2016-05-28-11,Normal,-94.38,38.99
27,60,2016-05-28-11,Normal,-93.85,39.01
23,44,2016-05-28-11,Normal,-90.37,35.21
16,71,2016-05-28-11,Normal,-90.29,40.96
32,21,2016-05-28-11,Normal,-89.74,39.1
20,33,2016-05-28-11,Normal,-91.93,34.81
30,58,2016-05-28-11,Normal,-89.17,40.38
12,22,2016-05-28-11,Normal,-89.88,41.77
22,29,2016-05-28-11,Normal,-89.91,40.86
26,38,2016-05-28-11,Normal,-94.23,37.09
25,106,2016-05-28-11,Normal,-91.24,41.67
17,27,2016-05-28-11,Normal,-93.65,39.0
26,38,2016-05-28-11,Normal,-92.48,37.8
19,65,2016-05-28-11,Normal,-97.32,37.15
29,68,2016-05-28-11,Normal,-97.37,36.79
21,54,2016-05-28-11,Normal,-91.63,41.72
16,71,2016-05-28-11,Normal,-90.29,40.96
22,29,2016-05-28-11,Normal,-90.29,40.96
17,27,2016-05-28-11,Normal,-94.31,39.04
19,65,2016-05-28-11,Normal,-97.37,36.91
15,92,2016-05-28-11,Normal,-94.35,38.33
12,22,2016-05-28-11,Normal,-94.38,38.99
14,56,2016-05-28-11,Normal,-91.32,41.71
11,39,2016-05-28-11,Normal,-87.66,41.89
22,29,2016-05-28-11,Normal,-90.7,41.62
16,71,2016-05-28-11,Normal,-90.7,41.62
21,54,2016-05-28-11,Normal,-91.05,41.72
10,43,2016-05-28-11,Normal,-91.99,37.94
13,69,2016-05-28-11,Normal,-88.02,42.04
16,71,2016-05-28-11,Normal,-90.44,41.54
30,58,2016-05-28-11,Normal,-88.64,42.21
19,65,2016-05-28-11,Normal,-97.37,36.79
13,69,2016-05-28-11,Normal,-88.41,42.11
24,89,2016-05-28-11,Normal,-90.7,41.62
22,29,2016-05-28-11,Normal,-91.05,41.72
14,56,2016-05-28-11,Normal,-90.7,41.62
18,11,2016-05-28-11,Normal,-90.24,39.72
19,65,2016-05-28-11,Normal,-97.35,36.4
27,60,2016-05-28-11,Normal,-93.65,39.0
15,92,2016-05-28-11,Normal,-94.59,39.1
25,106,2016-05-28-11,Normal,-88.64,42.21
19,65,2016-05-28-11,Normal,-97.14,36.41
16,71,2016-05-28-11,Normal,-91.32,41.71
30,58,2016-05-28-11,Normal,-87.66,41.89
27,60,2016-05-28-11,Normal,-93.45,38.99
26,38,2016-05-28-11,Normal,-91.44,38.09
25,106,2016-05-28-11,Normal,-88.96,42.25
18,11,2016-05-28-11,Normal,-89.96,39.74
11,39,2016-05-28-11,Normal,-88.64,42.21
29,68,2016-05-28-11,Normal,-96.44,36.23
13,69,2016-05-28-11,Normal,-88.02,42.04
30,58,2016-05-28-11,Normal,-88.02,42.04
27,60,2016-05-28-11,Normal,-93.01,38.97
23,44,2016-05-28-11,Normal,-91.63,41.72
18,11,2016-05-28-11,Normal,-89.66,39.78
14,56,2016-05-28-11,Normal,-89.91,40.86
31,86,2016-05-28-11,Normal,-90.68,35.12
24,89,2016-05-28-11,Normal,-89.52,40.7
10,43,2016-05-28-11,Normal,-91.3,38.14
17,27,2016-05-28-11,Normal,-93.01,38.97
24,89,2016-05-28-11,Normal,-89.52,40.7
11,39,2016-05-28-11,Normal,-89.03,41.92
13,69,2016-05-28-11,Normal,-88.64,42.21
31,86,2016-05-28-11,Normal,-90.04,35.19
30,58,2016-05-28-11,Normal,-88.64,42.21
12,22,2016-05-28-11,Normal,-94.58,37.03
19,65,2016-05-28-11,Normal,-96.21,36.19
17,27,2016-05-28-11,Normal,-92.63,38.95
20,33,2016-05-28-11,Normal,-89.29,41.85
16,71,2016-05-28-11,Normal,-91.63,41.72
30,58,2016-05-28-11,Normal,-88.96,42.25
32,21,2016-05-28-11,Normal,-90.0,37.72
19,65,2016-05-28-11,Normal,-95.99,36.17
17,27,2016-05-28-11,Normal,-92.53,38.98
10,43,2016-05-28-11,Normal,-90.86,38.46
13,69,2016-05-28-11,Normal,-89.03,41.92
22,29,2016-05-28-11,Normal,-91.32,41.71
14,56,2016-05-28-11,Normal,-94.3,37.66
21,54,2016-05-28-11,Normal,-89.63,39.84
26,38,2016-05-28-11,Normal,-90.53,38.51
28,90,2016-05-28-11,Normal,-89.78,39.77
21,54,2016-05-28-11,Normal,-89.17,40.38
31,86,2016-05-28-11,Normal,-94.3,37.66
20,33,2016-05-28-11,Normal,-89.88,41.77
22,29,2016-05-28-11,Normal,-91.05,41.72
26,38,2016-05-28-11,Normal,-90.34,38.58
30,58,2016-05-28-11,Normal,-89.6,41.76
13,69,2016-05-28-11,Normal,-89.6,41.76
32,21,2016-05-28-11,Normal,-90.15,38.62
16,71,2016-05-28-11,Normal,-91.05,41.72
11,39,2016-05-28-11,Normal,-90.64,41.56
15,92,2016-05-28-11,Normal,-94.58,37.03
18,11,2016-05-28-11,Normal,-90.24,39.72
13,69,2016-05-28-11,Normal,-89.88,41.77
24,89,2016-05-28-11,Normal,-91.32,41.71
31,86,2016-05-28-11,Normal,-94.35,38.33
22,29,2016-05-28-11,Normal,-90.29,40.96
18,11,2016-05-28-11,Normal,-90.37,39.71
15,92,2016-05-28-11,Normal,-94.58,37.03
20,33,2016-05-28-11,Normal,-91.24,41.67
32,21,2016-05-28-11,Normal,-90.24,38.0
21,54,2016-05-28-11,Normal,-88.07,41.48
29,68,2016-05-28-11,Normal,-94.22,35.5
26,38,2016-05-28-11,Normal,-90.69,38.5
14,56,2016-05-28-11,Normal,-94.38,38.99
23,44,2016-05-28-11,Normal,-90.37,35.21
30,58,2016-05-28-11,Normal,-91.24,41.67
25,106,2016-05-28-11,Normal,-91.94,41.71
31,86,2016-05-28-11,Normal,-94.38,38.99
12,22,2016-05-28-11,Normal,-94.59,39.1
19,65,2016-05-28-11,Normal,-94.57,35.37
13,69,2016-05-28-11,Normal,-91.24,41.67
32,21,2016-05-28-11,Normal,-89.71,37.47
23,44,2016-05-28-11,Normal,-90.68,35.12
19,65,2016-05-28-11,Normal,-94.22,35.5
21,54,2016-05-28-11,Normal,-88.42,41.11
13,69,2016-05-28-11,Normal,-91.59,41.7
11,39,2016-05-28-11,Normal,-92.4,41.78
10,43,2016-05-28-11,Normal,-90.86,38.46
30,58,2016-05-28-11,Normal,-91.94,41.71
31,86,2016-05-28-11,Normal,-94.38,38.67
22,29,2016-05-28-11,Normal,-89.91,40.86
28,90,2016-05-28-11,Normal,-90.97,39.72
30,58,2016-05-28-11,Normal,-92.19,41.74
19,65,2016-05-28-11,Normal,-93.92,35.53
14,56,2016-05-28-11,Normal,-94.38,38.67
16,71,2016-05-28-11,Normal,-90.29,40.96
22,29,2016-05-28-11,Normal,-90.29,40.96
16,71,2016-05-28-11,Normal,-89.91,40.86
27,60,2016-05-28-11,Normal,-90.79,38.83
18,11,2016-05-28-11,Normal,-91.36,39.76
11,39,2016-05-28-11,Normal,-93.04,41.71
19,65,2016-05-28-11,Normal,-93.36,35.4
17,27,2016-05-28-11,Normal,-90.67,38.82
22,29,2016-05-28-11,Normal,-90.7,41.62
32,21,2016-05-28-11,Normal,-89.8,35.94
31,86,2016-05-28-11,Normal,-94.37,38.0
14,56,2016-05-28-11,Normal,-94.3,37.66
22,29,2016-05-28-11,Normal,-91.05,41.72
24,89,2016-05-28-11,Normal,-90.7,41.62
18,11,2016-05-28-11,Normal,-91.8,39.67
14,56,2016-05-28-11,Normal,-94.31,37.31
24,89,2016-05-28-11,Normal,-90.44,41.54
27,60,2016-05-28-11,Normal,-90.41,38.75
10,43,2016-05-28-11,Normal,-91.44,38.09
12,22,2016-05-28-11,Normal,-94.31,37.31
30,58,2016-05-28-11,Normal,-93.04,41.71
18,11,2016-05-28-11,Normal,-92.07,39.71
32,21,2016-05-28-11,Normal,-90.24,35.35
17,27,2016-05-28-11,Normal,-90.21,38.65
15,92,2016-05-28-11,Normal,-94.38,38.99
18,11,2016-05-28-11,Normal,-92.27,39.76
21,54,2016-05-28-11,Normal,-89.74,39.1
24,89,2016-05-28-11,Normal,-89.91,40.86
22,29,2016-05-28-11,Normal,-91.47,41.74
32,21,2016-05-28-11,Normal,-90.07,35.1
31,86,2016-05-28-11,Normal,-94.46,37.16
21,54,2016-05-28-11,Normal,-89.63,39.84
28,90,2016-05-28-11,Normal,-92.07,39.71
27,60,2016-05-28-11,Normal,-90.41,38.75
31,86,2016-05-28-11,Normal,-94.58,37.03
20,33,2016-05-28-11,Normal,-90.68,35.12
16,71,2016-05-28-11,Normal,-91.63,41.72
25,106,2016-05-28-11,Normal,-92.4,41.78
19,65,2016-05-28-11,Normal,-92.25,34.75
21,54,2016-05-28-11,Normal,-89.17,40.38
23,44,2016-05-28-11,Normal,-92.09,34.8
12,22,2016-05-28-11,Normal,-93.36,41.69
30,58,2016-05-28-11,Normal,-89.74,39.1
26,38,2016-05-28-11,Normal,-92.48,37.8
30,58,2016-05-28-11,Normal,-89.63,39.84
23,44,2016-05-28-11,Normal,-91.93,34.81
11,39,2016-05-28-11,Normal,-92.4,41.78
25,106,2016-05-28-11,Normal,-91.94,41.71
21,54,2016-05-28-11,Normal,-88.77,40.76
20,33,2016-05-28-11,Normal,-91.38,34.83
11,39,2016-05-28-11,Normal,-92.19,41.74
23,44,2016-05-28-11,Normal,-91.74,34.89
22,29,2016-05-28-11,Normal,-91.47,41.74
27,60,2016-05-28-11,Normal,-90.93,38.82
16,71,2016-05-28-11,Normal,-91.63,41.72
10,43,2016-05-28-11,Normal,-92.61,37.7
19,65,2016-05-28-11,Normal,-92.87,35.25
22,29,2016-05-28-11,Normal,-91.32,41.71
17,27,2016-05-28-11,Normal,-90.93,38.82
12,22,2016-05-28-11,Normal,-92.4,41.78
27,60,2016-05-28-11,Normal,-91.1,38.83
22,29,2016-05-28-11,Normal,-89.91,40.86
21,54,2016-05-28-11,Normal,-88.77,40.76
12,22,2016-05-28-11,Normal,-90.82,41.66
24,89,2016-05-28-11,Normal,-91.63,41.72
31,86,2016-05-28-11,Normal,-94.59,39.1
18,11,2016-05-28-11,Normal,-94.24,39.63
30,58,2016-05-28-11,Normal,-88.42,41.11
23,44,2016-05-28-11,Normal,-90.37,35.21
19,65,2016-05-28-11,Normal,-94.57,35.37
15,92,2016-05-28-11,Normal,-94.37,38.0
25,106,2016-05-28-11,Normal,-89.29,41.85
22,29,2016-05-28-11,Normal,-89.52,40.7
20,33,2016-05-28-11,Normal,-91.74,34.89
10,43,2016-05-28-11,Normal,-94.23,37.09
11,39,2016-05-28-11,Normal,-89.29,41.85
26,38,2016-05-28-11,Normal,-94.54,37.02
18,11,2016-05-28-11,Normal,-94.36,39.37
12,22,2016-05-28-11,Normal,-90.2,41.59
30,58,2016-05-28-11,Normal,-89.17,40.38
11,39,2016-05-28-11,Normal,-89.03,41.92
22,29,2016-05-28-11,Normal,-89.91,40.86
23,44,2016-05-28-11,Normal,-90.94,35.03
20,33,2016-05-28-11,Normal,-91.14,34.96
31,86,2016-05-28-11,Normal,-94.35,38.33
18,11,2016-05-28-11,Normal,-94.42,39.27
12,22,2016-05-28-11,Normal,-89.6,41.76
14,56,2016-05-28-11,Normal,-94.3,37.66
25,106,2016-05-28-11,Normal,-88.64,42.21
13,69,2016-05-28-11,Normal,-90.07,35.68
10,43,2016-05-28-11,Normal,-95.01,36.73
23,44,2016-05-28-11,Normal,-91.38,34.83
30,58,2016-05-28-11,Normal,-90.2,38.65
30,58,2016-05-28-11,Normal,-89.74,39.1
23,44,2016-05-28-11,Normal,-91.74,34.89
18,11,2016-05-28-11,Normal,-94.57,39.15
32,21,2016-05-28-11,Normal,-88.77,40.76
14,56,2016-05-28-11,Normal,-94.31,37.31
24,89,2016-05-28-11,Normal,-90.7,41.62
14,56,2016-05-28-11,Normal,-94.58,37.03
16,71,2016-05-28-11,Normal,-91.05,41.72
25,106,2016-05-28-11,Normal,-87.66,41.89
17,27,2016-05-28-11,Normal,-92.85,38.93
13,69,2016-05-28-11,Normal,-89.8,35.94
19,65,2016-05-28-11,Normal,-95.76,36.08
20,33,2016-05-28-11,Normal,-90.37,35.21
11,39,2016-05-28-11,Normal,-88.02,42.04
26,38,2016-05-28-11,Normal,-95.5,36.37
30,58,2016-05-28-11,Normal,-89.74,39.1
28,90,2016-05-28-11,Normal,-94.42,39.27
30,58,2016-05-28-11,Normal,-88.07,41.48
12,22,2016-05-28-11,Normal,-88.02,42.04
11,39,2016-05-28-11,Normal,-88.96,42.25
25,106,2016-05-28-11,Normal,-88.96,42.25
17,27,2016-05-28-11,Normal,-94.31,39.04
20,33,2016-05-28-11,Normal,-91.38,34.83
16,71,2016-05-28-11,Normal,-91.63,41.72
13,69,2016-05-28-11,Normal,-90.15,38.62
21,54,2016-05-28-11,Normal,-88.07,41.48
20,33,2016-05-28-11,Normal,-91.74,34.89
17,27,2016-05-28-11,Normal,-94.44,39.1
22,29,2016-05-28-11,Normal,-91.32,41.71
14,56,2016-05-28-11,Normal,-94.38,38.99
10,43,2016-05-28-11,Normal,-95.5,36.37
20,33,2016-05-28-11,Normal,-92.09,34.8
10,43,2016-05-28-11,Normal,-95.35,36.47
23,44,2016-05-28-11,Normal,-91.38,34.83
24,89,2016-05-28-11,Normal,-90.44,41.54
27,60,2016-05-28-11,Normal,-94.44,39.1
29,68,2016-05-28-11,Normal,-97.32,37.15
17,27,2016-05-28-11,Normal,-94.44,39.1
14,56,2016-05-28-11,Normal,-94.59,39.1
31,86,2016-05-28-11,Normal,-94.38,38.99
24,89,2016-05-28-11,Normal,-91.78,42.23
28,90,2016-05-28-11,Normal,-92.42,39.76
13,69,2016-05-28-11,Normal,-89.65,36.37
17,27,2016-05-28-11,Normal,-93.45,38.99
24,89,2016-05-28-11,Normal,-91.78,42.23
21,54,2016-05-28-11,Normal,-89.74,39.1
22,29,2016-05-28-11,Normal,-89.52,40.7
10,43,2016-05-28-11,Normal,-93.96,37.08
31,86,2016-05-28-11,Normal,-94.37,38.0
12,22,2016-05-28-11,Normal,-90.82,41.66
10,43,2016-05-28-11,Normal,-93.69,37.16
29,68,2016-05-28-11,Normal,-97.37,36.91
29,68,2016-05-28-11,Normal,-97.32,37.15
16,71,2016-05-28-11,Normal,-89.52,40.7
14,56,2016-05-28-11,Normal,-94.31,37.31
31,86,2016-05-28-11,Normal,-94.3,37.66
27,60,2016-05-28-11,Normal,-93.01,38.97
11,39,2016-05-28-11,Normal,-92.19,41.74
13,69,2016-05-28-11,Normal,-90.24,35.35
16,71,2016-05-28-11,Normal,-89.91,40.86
22,29,2016-05-28-11,Normal,-90.29,40.96
25,106,2016-05-28-11,Normal,-92.4,41.78
32,21,2016-05-28-11,Normal,-88.07,41.48
19,65,2016-05-28-11,Normal,-97.37,36.91
16,71,2016-05-28-11,Normal,-90.29,40.96
27,60,2016-05-28-11,Normal,-92.63,38.95
17,27,2016-05-28-11,Normal,-92.63,38.95
13,69,2016-05-28-11,Normal,-90.07,35.1
10,43,2016-05-28-11,Normal,-92.99,37.34
25,106,2016-05-28-11,Normal,-93.04,41.71
21,54,2016-05-28-11,Normal,-88.07,41.48
24,89,2016-05-28-11,Normal,-91.05,41.72
16,71,2016-05-28-11,Normal,-90.7,41.62
26,38,2016-05-28-11,Normal,-92.89,37.51
27,60,2016-05-28-11,Normal,-92.53,38.98
32,21,2016-05-28-11,Normal,-87.67,41.87
23,44,2016-05-28-11,Normal,-91.93,34.81
30,58,2016-05-28-11,Normal,-88.42,41.11
20,33,2016-05-28-11,Normal,-90.04,35.19
10,43,2016-05-28-11,Normal,-92.74,37.6
31,86,2016-05-28-11,Normal,-94.46,37.16
21,54,2016-05-28-11,Normal,-87.67,41.87
25,106,2016-05-28-11,Normal,-93.36,41.69
25,106,2016-05-28-11,Normal,-93.58,41.62
22,29,2016-05-28-11,Normal,-91.32,41.71
27,60,2016-05-28-11,Normal,-92.22,38.96
29,78,2016-05-28-11,Normal,-97.35,36.4
29,78,2016-05-28-11,Normal,-96.97,36.24
29,68,2016-05-28-11,Normal,-97.36,37.69
11,39,2016-05-28-11,Normal,-90.2,38.65
31,86,2016-05-28-11,Normal,-94.58,37.03
14,43,2016-05-28-11,Normal,-89.91,40.86
18,11,2016-05-28-11,Normal,-89.66,39.78
16,71,2016-05-28-11,Normal,-89.52,40.7
23,44,2016-05-28-11,Normal,-89.52,40.7
10,43,2016-05-28-11,Normal,-90.34,38.58
23,44,2016-05-28-11,Normal,-89.91,40.86
29,68,2016-05-28-11,Normal,-97.32,37.48
20,33,2016-05-28-11,Normal,-93.04,41.71
29,68,2016-05-28-11,Normal,-97.32,37.27
17,27,2016-05-28-11,Normal,-90.55,38.81
10,43,2016-05-28-11,Normal,-90.69,38.5
24,89,2016-05-28-11,Normal,-89.17,40.38
32,21,2016-05-28-11,Normal,-90.37,35.21
12,22,2016-05-28-11,Normal,-90.35,38.43
30,58,2016-05-28-11,Normal,-93.36,41.69
19,65,2016-05-28-11,Normal,-97.32,37.27
12,22,2016-05-28-11,Normal,-90.24,38.0
19,65,2016-05-28-11,Normal,-97.32,37.15
12,22,2016-05-28-11,Normal,-90.0,37.72
21,54,2016-05-28-11,Normal,-94.3,37.66
22,29,2016-05-28-11,Normal,-90.94,35.03
23,44,2016-05-28-11,Normal,-90.7,41.62
25,106,2016-05-28-11,Normal,-89.71,37.47
26,38,2016-05-28-11,Normal,-90.69,38.5
16,71,2016-05-28-11,Normal,-90.7,41.62
21,54,2016-05-28-11,Normal,-94.37,38.0
32,21,2016-05-28-11,Normal,-91.38,34.83
29,68,2016-05-28-11,Normal,-97.37,36.79
30,58,2016-05-28-11,Normal,-92.19,41.74
15,92,2016-05-28-11,Normal,-91.74,34.89
31,86,2016-05-28-11,Normal,-94.38,38.67
27,60,2016-05-28-11,Normal,-91.1,38.83
23,44,2016-05-28-11,Normal,-91.47,41.74
14,56,2016-05-28-11,Normal,-94.38,38.99
26,38,2016-05-28-11,Normal,-90.86,38.46
20,33,2016-05-28-11,Normal,-92.19,41.74
22,29,2016-05-28-11,Normal,-91.38,34.83
31,86,2016-05-28-11,Normal,-94.35,38.33
20,33,2016-05-28-11,Normal,-91.94,41.71
24,89,2016-05-28-11,Normal,-88.07,41.48
22,29,2016-05-28-11,Normal,-91.74,34.89
18,11,2016-05-28-11,Normal,-90.52,39.71
19,65,2016-05-28-11,Normal,-97.35,36.4
27,60,2016-05-28-11,Normal,-91.19,38.83
30,58,2016-05-28-11,Normal,-91.59,41.7
11,39,2016-05-28-11,Normal,-87.67,41.87
19,65,2016-05-28-11,Normal,-97.14,36.41
12,22,2016-05-28-11,Normal,-89.8,35.94
21,54,2016-05-28-11,Normal,-94.59,39.1
14,56,2016-05-28-11,Normal,-94.59,39.1
18,11,2016-05-28-11,Normal,-90.79,39.69
19,65,2016-05-28-11,Normal,-96.97,36.24
14,56,2016-05-28-11,Normal,-94.59,39.1
10,43,2016-05-28-11,Normal,-91.55,38.04
27,60,2016-05-28-11,Normal,-91.56,38.93
26,38,2016-05-28-11,Normal,-91.55,38.04
25,106,2016-05-28-11,Normal,-90.24,35.35
12,22,2016-05-28-11,Normal,-90.24,35.35
13,69,2016-05-28-11,Normal,-90.64,41.56
11,39,2016-05-28-11,Normal,-88.42,41.11
30,58,2016-05-28-11,Normal,-90.64,41.56
11,39,2016-05-28-11,Normal,-88.77,40.76
28,90,2016-05-28-11,Normal,-90.97,39.72
17,27,2016-05-28-11,Normal,-92.03,38.97
25,106,2016-05-28-11,Normal,-90.07,35.1
24,89,2016-05-28-11,Normal,-88.77,40.76
28,90,2016-05-28-11,Normal,-91.2,39.75
23,44,2016-05-28-11,Normal,-91.47,41.74
20,33,2016-05-28-11,Normal,-89.88,41.77
16,71,2016-05-28-11,Normal,-91.47,41.74
30,58,2016-05-28-11,Normal,-89.88,41.77
29,68,2016-05-28-11,Normal,-96.21,36.19
28,90,2016-05-28-11,Normal,-91.36,39.76
14,56,2016-05-28-11,Normal,-94.37,38.0
13,69,2016-05-28-11,Normal,-89.6,41.76
18,11,2016-05-28-11,Normal,-91.8,39.67
11,39,2016-05-28-11,Normal,-89.74,39.1
25,106,2016-05-28-11,Normal,-90.07,35.68
15,92,2016-05-28-11,Normal,-91.38,34.83
23,44,2016-05-28-11,Normal,-90.7,41.62
16,71,2016-05-28-11,Normal,-90.7,41.62
32,21,2016-05-28-11,Normal,-90.94,35.03
29,68,2016-05-28-11,Normal,-95.42,35.87
11,39,2016-05-28-11,Normal,-89.63,39.84
10,43,2016-05-28-11,Normal,-92.31,37.81
17,27,2016-05-28-11,Normal,-92.38,38.98
32,21,2016-05-28-11,Normal,-91.38,34.83
12,22,2016-05-28-11,Normal,-90.07,35.68
19,65,2016-05-28-11,Normal,-95.56,35.97
14,56,2016-05-28-11,Normal,-94.31,37.31
17,27,2016-05-28-11,Normal,-92.63,38.95
13,69,2016-05-28-11,Normal,-89.03,41.92
30,58,2016-05-28-11,Normal,-88.96,42.25
25,106,2016-05-28-11,Normal,-89.65,36.37
24,89,2016-05-28-11,Normal,-90.2,38.65
19,65,2016-05-28-11,Normal,-95.3,35.64
30,58,2016-05-28-11,Normal,-88.64,42.21
15,92,2016-05-28-11,Normal,-90.94,35.03
10,43,2016-05-28-11,Normal,-92.89,37.51
12,22,2016-05-28-11,Normal,-89.54,36.84
13,69,2016-05-28-11,Normal,-88.64,42.21
19,65,2016-05-28-11,Normal,-95.15,35.51
27,60,2016-05-28-11,Normal,-93.01,38.97
18,11,2016-05-28-11,Normal,-92.74,39.76
28,90,2016-05-28-11,Normal,-92.57,39.77
16,71,2016-05-28-11,Normal,-89.52,40.7
15,92,2016-05-28-11,Normal,-90.04,35.19
11,39,2016-05-28-11,Normal,-88.77,40.76
29,68,2016-05-28-11,Normal,-94.57,35.37
28,90,2016-05-28-11,Normal,-92.42,39.76
10,43,2016-05-28-11,Normal,-92.99,37.34
26,38,2016-05-28-11,Normal,-92.99,37.34
30,58,2016-05-28-11,Normal,-88.02,42.04
19,65,2016-05-28-11,Normal,-94.88,35.47
13,69,2016-05-28-11,Normal,-88.02,42.04
10,43,2016-05-28-11,Normal,-93.34,37.21
16,71,2016-05-28-11,Normal,-89.52,40.7
31,86,2016-05-28-11,Normal,-94.31,37.31
13,69,2016-05-28-11,Normal,-87.66,41.89
10,43,2016-05-28-11,Normal,-93.69,37.16
29,68,2016-05-28-11,Normal,-94.22,35.5
22,29,2016-05-28-11,Normal,-90.37,35.21
18,11,2016-05-28-11,Normal,-93.33,39.77
32,21,2016-05-28-11,Normal,-90.68,35.12
29,68,2016-05-28-11,Normal,-93.92,35.53
27,60,2016-05-28-11,Normal,-93.85,39.01
16,71,2016-05-28-11,Normal,-90.44,41.54
12,22,2016-05-28-11,Normal,-90.15,38.62
27,60,2016-05-28-11,Normal,-94.0,39.03
21,54,2016-05-28-11,Normal,-94.38,38.67
24,89,2016-05-28-11,Normal,-87.67,41.87
31,86,2016-05-28-11,Normal,-94.38,38.67
12,22,2016-05-28-11,Normal,-90.24,38.0
14,56,2016-05-28-11,Normal,-94.37,38.0
16,71,2016-05-28-11,Normal,-90.29,40.96
24,89,2016-05-28-11,Normal,-88.07,41.48
18,11,2016-05-28-11,Normal,-93.6,39.77
32,21,2016-05-28-11,Normal,-90.94,35.03
15,92,2016-05-28-11,Normal,-90.94,35.03
18,11,2016-05-28-11,Normal,-93.93,39.76
22,29,2016-05-28-11,Normal,-91.14,34.96
12,22,2016-05-28-11,Normal,-90.15,38.62
29,68,2016-05-28-11,Normal,-93.12,35.31
20,33,2016-05-28-11,Normal,-89.03,41.92
32,21,2016-05-28-11,Normal,-91.38,34.83
27,60,2016-05-28-11,Normal,-94.31,39.04
13,69,2016-05-28-11,Normal,-88.96,42.25
15,92,2016-05-28-11,Normal,-91.38,34.83
19,65,2016-05-28-11,Normal,-92.87,35.25
22,29,2016-05-28-11,Normal,-91.74,34.89
24,89,2016-05-28-11,Normal,-88.42,41.11
18,11,2016-05-28-11,Normal,-94.24,39.63
23,44,2016-05-28-11,Normal,-91.47,41.74
31,86,2016-05-28-11,Normal,-94.59,39.1
17,27,2016-05-28-11,Normal,-94.44,39.1
13,69,2016-05-28-11,Normal,-89.03,41.92
11,39,2016-05-28-11,Normal,-89.17,40.38
27,60,2016-05-28-11,Normal,-94.31,39.04
24,89,2016-05-28-11,Normal,-89.17,40.38
10,43,2016-05-28-11,Normal,-95.14,36.66
17,27,2016-05-28-11,Normal,-94.31,39.04
32,21,2016-05-28-11,Normal,-92.31,34.78
20,33,2016-05-28-11,Normal,-89.6,41.76
18,11,2016-05-28-11,Normal,-94.28,39.53
16,71,2016-05-28-11,Normal,-91.63,41.72
31,86,2016-05-28-11,Normal,-94.38,38.99
14,56,2016-05-28-11,Normal,-94.38,38.67
17,27,2016-05-28-11,Normal,-94.0,39.03
10,43,2016-05-28-11,Normal,-95.69,36.25
12,22,2016-05-28-11,Normal,-89.56,37.2
19,65,2016-05-28-11,Normal,-92.25,34.75
21,54,2016-05-28-11,Normal,-94.35,38.33
15,92,2016-05-28-11,Normal,-92.31,34.78
16,71,2016-05-28-11,Normal,-91.78,42.23
24,89,2016-05-28-11,Normal,-89.74,39.1
20,33,2016-05-28-11,Normal,-90.64,41.56
22,29,2016-05-28-11,Normal,-92.09,34.8
16,71,2016-05-28-11,Normal,-91.63,41.72
11,39,2016-05-28-11,Normal,-90.2,38.65
23,44,2016-05-28-11,Normal,-91.47,41.74
31,86,2016-05-28-11,Normal,-94.3,37.66
18,11,2016-05-28-11,Normal,-94.57,39.15
30,58,2016-05-28-11,Normal,-91.24,41.67
30,58,2016-05-28-11,Normal,-90.64,41.56
17,27,2016-05-28-11,Normal,-93.2,38.98
10,43,2016-05-28-11,Normal,-95.99,36.17
18,11,2016-05-28-11,Normal,-94.57,39.15
30,58,2016-05-28-11,Normal,-90.82,41.66
20,33,2016-05-28-11,Normal,-91.24,41.67
19,65,2016-05-28-11,Normal,-92.87,35.25
12,22,2016-05-28-11,Normal,-90.07,35.68
16,71,2016-05-28-11,Normal,-91.32,41.71
27,60,2016-05-28-11,Normal,-93.45,38.99
20,33,2016-05-28-11,Normal,-91.59,41.7
30,58,2016-05-28-11,Normal,-91.59,41.7
15,92,2016-05-28-11,Normal,-91.38,34.83
18,11,2016-05-28-11,Normal,-94.28,39.53
17,27,2016-05-28-11,Normal,-92.85,38.93
22,29,2016-05-28-11,Normal,-91.14,34.96
31,86,2016-05-28-11,Normal,-94.58,37.03
21,54,2016-05-28-11,Normal,-94.58,37.03
27,60,2016-05-28-11,Normal,-92.85,38.93
31,86,2016-05-28-11,Normal,-94.58,37.03
29,68,2016-05-28-11,Normal,-93.92,35.53
22,29,2016-05-28-11,Normal,-90.68,35.12
32,21,2016-05-28-11,Normal,-91.38,34.83
20,33,2016-05-28-11,Normal,-91.94,41.71
21,54,2016-05-28-11,Normal,-94.58,37.03
15,92,2016-05-28-11,Normal,-91.14,34.96
25,106,2016-05-28-11,Normal,-90.07,35.1
30,58,2016-05-28-11,Normal,-92.19,41.74
26,38,2016-05-28-11,Normal,-95.5,36.37
13,69,2016-05-28-11,Normal,-92.19,41.74
30,58,2016-05-28-11,Normal,-92.4,41.78
15,92,2016-05-28-11,Normal,-90.68,35.12
10,43,2016-05-28-11,Normal,-95.14,36.66
29,68,2016-05-28-11,Normal,-94.22,35.5
19,65,2016-05-28-11,Normal,-94.22,35.5
24,89,2016-05-28-11,Normal,-88.07,41.48
27,60,2016-05-28-11,Normal,-92.53,38.98
22,29,2016-05-28-11,Normal,-90.37,35.21
18,11,2016-05-28-11,Normal,-93.93,39.76
23,44,2016-05-28-11,Normal,-89.52,40.7
14,56,2016-05-28-11,Normal,-94.3,37.66
27,60,2016-05-28-11,Normal,-92.38,38.98
29,68,2016-05-28-11,Normal,-94.88,35.47
24,89,2016-05-28-11,Normal,-87.67,41.87
17,27,2016-05-28-11,Normal,-92.03,38.97
26,38,2016-05-28-11,Normal,-94.83,36.84
18,11,2016-05-28-11,Normal,-93.6,39.77
19,65,2016-05-28-11,Normal,-94.88,35.47
11,39,2016-05-28-11,Normal,-88.07,41.48
17,27,2016-05-28-11,Normal,-91.74,38.94
10,43,2016-05-28-11,Normal,-94.54,37.02
27,60,2016-05-28-11,Normal,-92.03,38.97
21,54,2016-05-28-11,Normal,-94.38,38.67
12,22,2016-05-28-11,Normal,-89.65,36.37
21,54,2016-05-28-11,Normal,-94.35,38.33
23,44,2016-05-28-11,Normal,-89.91,40.86
12,22,2016-05-28-11,Normal,-89.54,36.84
14,56,2016-05-28-11,Normal,-94.38,38.67
13,69,2016-05-28-11,Normal,-93.58,41.62
20,33,2016-05-28-11,Normal,-93.36,41.69
12,22,2016-05-28-11,Normal,-89.56,37.2
17,27,2016-05-28-11,Normal,-91.56,38.93
14,56,2016-05-28-11,Normal,-94.38,38.99
15,92,2016-05-28-11,Normal,-90.94,35.03
22,29,2016-05-28-11,Normal,-90.94,35.03
23,44,2016-05-28-11,Normal,-90.44,41.54
17,27,2016-05-28-11,Normal,-91.33,38.87
31,86,2016-05-28-11,Normal,-94.38,38.99
22,29,2016-05-28-11,Normal,-91.14,34.96
16,71,2016-05-28-11,Normal,-90.44,41.54
15,92,2016-05-28-11,Normal,-91.14,34.96
17,27,2016-05-28-11,Normal,-91.19,38.83
29,68,2016-05-28-11,Normal,-95.76,36.08
30,58,2016-05-28-11,Normal,-92.74,41.75
13,69,2016-05-28-11,Normal,-92.74,41.75
11,39,2016-05-28-11,Normal,-89.63,39.84
20,33,2016-05-28-11,Normal,-92.4,41.78
26,38,2016-05-28-11,Normal,-93.34,37.21
15,92,2016-05-28-11,Normal,-91.74,34.89
24,89,2016-05-28-11,Normal,-89.74,39.1
13,69,2016-05-28-11,Normal,-92.4,41.78
12,22,2016-05-28-11,Normal,-90.24,38.0
14,56,2016-05-28-11,Normal,-94.38,38.99
22,29,2016-05-28-11,Normal,-91.74,34.89
11,39,2016-05-28-11,Normal,-89.63,39.84
12,22,2016-05-28-11,Normal,-90.07,35.1
17,27,2016-05-28-11,Normal,-91.33,38.87
32,21,2016-05-28-11,Normal,-90.37,35.21
26,38,2016-05-28-11,Normal,-90.86,38.46
19,65,2016-05-28-11,Normal,-97.32,37.27
30,58,2016-05-28-11,Normal,-88.41,42.11
15,92,2016-05-28-11,Normal,-90.68,35.12
20,33,2016-05-28-11,Normal,-88.02,42.04
13,69,2016-05-28-11,Normal,-88.41,42.11
23,44,2016-05-28-11,Normal,-89.52,40.7
28,90,2016-05-28-11,Normal,-89.78,39.77
21,54,2016-05-28-11,Normal,-94.59,39.1
22,29,2016-05-28-11,Normal,-90.94,35.03
19,65,2016-05-28-11,Normal,-97.37,36.91
16,71,2016-05-28-11,Normal,-89.52,40.7
15,92,2016-05-28-11,Normal,-90.37,35.21
18,11,2016-05-28-11,Normal,-89.78,39.77
25,106,2016-05-28-11,Normal,-90.24,35.35
32,21,2016-05-28-11,Normal,-90.68,35.12
27,60,2016-05-28-11,Normal,-91.74,38.94
10,43,2016-05-28-11,Normal,-90.34,38.58
13,69,2016-05-28-11,Normal,-87.66,41.89
24,89,2016-05-28-11,Normal,-90.2,38.65
29,68,2016-05-28-11,Normal,-97.37,36.79
14,56,2016-05-28-11,Normal,-94.38,38.99
17,27,2016-05-28-11,Normal,-92.22,38.96
24,89,2016-05-28-11,Normal,-90.2,38.65
26,38,2016-05-28-11,Normal,-90.34,38.58
14,56,2016-05-28-11,Normal,-94.38,38.67
15,92,2016-05-28-11,Normal,-91.38,34.83
30,58,2016-05-28-11,Normal,-88.41,42.11
10,43,2016-05-28-11,Normal,-90.18,38.64
17,27,2016-05-28-11,Normal,-92.38,38.98
26,38,2016-05-28-11,Normal,-90.18,38.64
28,90,2016-05-28-11,Normal,-89.78,39.77
12,22,2016-05-28-11,Normal,-89.56,37.2
20,33,2016-05-28-11,Normal,-89.03,41.92
17,27,2016-05-28-11,Normal,-92.53,38.98
32,21,2016-05-28-11,Normal,-91.93,34.81
22,29,2016-05-28-11,Normal,-91.74,34.89
20,33,2016-05-28-11,Normal,-89.29,41.85
23,44,2016-05-28-11,Normal,-91.32,41.71
23,44,2016-05-28-11,Normal,-91.47,41.74
28,90,2016-05-28-11,Normal,-90.14,39.76
18,11,2016-05-28-11,Normal,-90.24,39.72
31,86,2016-05-28-11,Normal,-94.35,38.33
29,68,2016-05-28-11,Normal,-96.97,36.24
25,106,2016-05-28-11,Normal,-89.71,37.47
20,33,2016-05-28-11,Normal,-89.6,41.76
18,11,2016-05-28-11,Normal,-90.24,39.72
27,60,2016-05-28-11,Normal,-92.85,38.93
26,38,2016-05-28-11,Normal,-90.53,38.51
17,27,2016-05-28-11,Normal,-93.01,38.97
27,60,2016-05-28-11,Normal,-93.01,38.97
29,68,2016-05-28-11,Normal,-96.44,36.23
15,92,2016-05-28-11,Normal,-92.31,34.78
13,69,2016-05-28-11,Normal,-89.29,41.85
18,11,2016-05-28-11,Normal,-90.52,39.71
27,60,2016-05-28-11,Normal,-93.2,38.98
15,92,2016-05-28-11,Normal,-92.09,34.8
27,60,2016-05-28-11,Normal,-93.45,38.99
29,68,2016-05-28-11,Normal,-95.99,36.17
23,44,2016-05-28-11,Normal,-91.78,42.23
25,106,2016-05-28-11,Normal,-90.24,38.0
14,56,2016-05-28-11,Normal,-94.46,37.16
25,106,2016-05-28-11,Normal,-90.15,38.62
10,43,2016-05-28-11,Normal,-91.3,38.14
19,65,2016-05-28-11,Normal,-96.44,36.23
11,39,2016-05-28-11,Normal,-88.07,41.48
22,29,2016-05-28-11,Normal,-92.09,34.8
21,54,2016-05-28-11,Normal,-94.58,37.03
23,44,2016-05-28-11,Normal,-91.63,41.72
30,58,2016-05-28-11,Normal,-90.2,41.59
29,68,2016-05-28-11,Normal,-95.76,36.08
31,86,2016-05-28-11,Normal,-94.58,37.03
32,21,2016-05-28-11,Normal,-90.37,35.21
15,92,2016-05-28-11,Normal,-90.37,35.21
29,68,2016-05-28-11,Normal,-94.88,35.47
22,29,2016-05-28-11,Normal,-90.37,35.21
20,33,2016-05-28-11,Normal,-92.4,41.78
23,44,2016-05-28-11,Normal,-89.91,40.86
27,60,2016-05-28-11,Normal,-94.44,39.1
30,58,2016-05-28-11,Normal,-92.4,41.78
24,89,2016-05-28-11,Normal,-90.2,38.65
29,68,2016-05-28-11,Normal,-94.57,35.37
14,56,2016-05-28-11,Normal,-94.38,38.99
17,27,2016-05-28-11,Normal,-94.31,39.04
27,60,2016-05-28-11,Normal,-94.31,39.04
11,39,2016-05-28-11,Normal,-90.2,38.65
26,38,2016-05-28-11,Normal,-92.31,37.81
29,68,2016-05-28-11,Normal,-94.22,35.5
32,21,2016-05-28-11,Normal,-90.37,35.21
18,11,2016-05-28-11,Normal,-92.42,39.76
29,68,2016-05-28-11,Normal,-93.92,35.53
10,43,2016-05-28-11,Normal,-92.61,37.7
31,86,2016-05-28-11,Normal,-94.38,38.99
11,39,2016-05-28-11,Normal,-93.36,41.69
29,68,2016-05-28-11,Normal,-96.21,36.19
15,92,2016-05-28-11,Normal,-91.93,34.81
14,56,2016-05-28-11,Normal,-94.38,38.67
22,29,2016-05-28-11,Normal,-91.93,34.81
32,21,2016-05-28-11,Normal,-91.93,34.81
29,68,2016-05-28-11,Normal,-96.44,36.23
14,56,2016-05-28-11,Normal,-94.35,38.33
32,21,2016-05-28-11,Normal,-92.09,34.8
16,71,2016-05-28-11,Normal,-91.63,41.72
10,43,2016-05-28-11,Normal,-92.61,37.7
11,39,2016-05-28-11,Normal,-89.63,39.84
27,60,2016-05-28-11,Normal,-90.55,38.81
32,21,2016-05-28-11,Normal,-92.31,34.78
28,90,2016-05-28-11,Normal,-91.59,39.68
21,54,2016-05-28-11,Normal,-94.35,38.33
15,92,2016-05-28-11,Normal,-92.09,34.8
26,38,2016-05-28-11,Normal,-92.89,37.51
29,68,2016-05-28-11,Normal,-96.68,36.2
20,33,2016-05-28-11,Normal,-91.24,41.67
23,44,2016-05-28-11,Normal,-91.78,42.23
18,11,2016-05-28-11,Normal,-91.59,39.68
15,92,2016-05-28-11,Normal,-92.31,34.78
29,68,2016-05-28-11,Normal,-97.14,36.41
15,92,2016-05-28-11,Normal,-92.09,34.8
24,89,2016-05-28-11,Normal,-94.46,37.16
23,44,2016-05-28-11,Normal,-89.91,40.86
17,27,2016-05-28-11,Normal,-94.0,39.03
29,68,2016-05-28-11,Normal,-93.61,35.51
13,69,2016-05-28-11,Normal,-93.36,41.69
22,29,2016-05-28-11,Normal,-90.68,35.12
23,44,2016-05-28-11,Normal,-90.29,40.96
11,39,2016-05-28-11,Normal,-93.04,41.71
12,22,2016-05-28-11,Normal,-90.24,35.35
26,38,2016-05-28-11,Normal,-92.74,37.6
10,43,2016-05-28-11,Normal,-92.89,37.51
22,29,2016-05-28-11,Normal,-90.94,35.03
20,33,2016-05-28-11,Normal,-93.36,41.69
15,92,2016-05-28-11,Normal,-91.14,34.96
31,86,2016-05-28-11,Normal,-94.38,38.99
29,68,2016-05-28-11,Normal,-92.87,35.25
17,27,2016-05-28-11,Normal,-93.2,38.98
22,29,2016-05-28-11,Normal,-91.38,34.83
15,92,2016-05-28-11,Normal,-90.94,35.03
23,44,2016-05-28-11,Normal,-90.44,41.54
13,69,2016-05-28-11,Normal,-93.58,41.62
10,43,2016-05-28-11,Normal,-92.99,37.34
20,33,2016-05-28-11,Normal,-93.04,41.71
18,11,2016-05-28-11,Normal,-93.33,39.77
31,86,2016-05-28-11,Normal,-94.38,38.67
27,60,2016-05-28-11,Normal,-92.38,38.98
16,71,2016-05-28-11,Normal,-91.78,42.23
13,69,2016-05-28-11,Normal,-91.59,41.7
15,92,2016-05-28-11,Normal,-92.09,34.8
23,44,2016-05-28-11,Normal,-91.63,41.72
32,21,2016-05-28-11,Normal,-91.93,34.81
20,33,2016-05-28-11,Normal,-90.64,41.56
30,58,2016-05-28-11,Normal,-91.94,41.71
24,89,2016-05-28-11,Normal,-94.38,38.99
23,44,2016-05-28-11,Normal,-91.78,42.23
10,43,2016-05-28-11,Normal,-94.83,36.84
26,38,2016-05-28-11,Normal,-95.01,36.73
30,58,2016-05-28-11,Normal,-90.82,41.66
31,86,2016-05-28-11,Normal,-94.58,37.03
20,33,2016-05-28-11,Normal,-90.2,41.59
29,68,2016-05-28-11,Normal,-92.87,35.25
29,68,2016-05-28-11,Normal,-93.36,35.4
32,21,2016-05-28-11,Normal,-91.38,34.83
12,22,2016-05-28-11,Normal,-90.0,37.72
22,29,2016-05-28-11,Normal,-91.93,34.81
11,39,2016-05-28-11,Normal,-89.6,41.76
32,21,2016-05-28-11,Normal,-91.74,34.89
26,38,2016-05-28-11,Normal,-95.14,36.66
28,90,2016-05-28-11,Normal,-94.36,39.37
15,92,2016-05-28-11,Normal,-91.38,34.83
20,33,2016-05-28-11,Normal,-90.64,41.56
26,38,2016-05-28-11,Normal,-92.48,37.8
30,58,2016-05-28-11,Normal,-90.82,41.66
25,106,2016-05-28-11,Normal,-90.0,37.72
13,69,2016-05-28-11,Normal,-90.82,41.66
19,65,2016-05-28-11,Normal,-97.35,36.4
21,54,2016-05-28-11,Normal,-94.46,37.16
27,60,2016-05-28-11,Normal,-90.21,38.65
17,27,2016-05-28-11,Normal,-90.21,38.65
24,89,2016-05-28-11,Normal,-88.77,40.76
26,38,2016-05-28-11,Normal,-92.08,37.81
18,11,2016-05-28-11,Normal,-90.79,39.69
21,54,2016-05-28-11,Normal,-94.58,37.03
31,86,2016-05-28-11,Normal,-94.58,37.03
17,27,2016-05-28-11,Normal,-90.55,38.81
16,71,2016-05-28-11,Normal,-91.05,41.72
13,69,2016-05-28-11,Normal,-90.64,41.56
11,39,2016-05-28-11,Normal,-88.42,41.11
14,56,2016-05-28-11,Normal,-94.58,37.03
17,27,2016-05-28-11,Normal,-90.41,38.75
27,60,2016-05-28-11,Normal,-90.41,38.75
29,68,2016-05-28-11,Normal,-97.37,36.91
23,44,2016-05-28-11,Normal,-91.05,41.72
18,11,2016-05-28-11,Normal,-90.63,39.7
23,44,2016-05-28-11,Normal,-90.7,41.62
11,39,2016-05-28-11,Normal,-87.67,41.87
18,11,2016-05-28-11,Normal,-90.52,39.71
12,22,2016-05-28-11,Normal,-89.65,36.37
30,58,2016-05-28-11,Normal,-89.29,41.85
23,44,2016-05-28-11,Normal,-90.44,41.54
19,65,2016-05-28-11,Normal,-97.32,37.15
14,56,2016-05-28-11,Normal,-94.31,37.31
24,89,2016-05-28-11,Normal,-87.67,41.87
27,60,2016-05-28-11,Normal,-90.79,38.83
16,71,2016-05-28-11,Normal,-90.44,41.54
32,21,2016-05-28-11,Normal,-90.68,35.12
30,58,2016-05-28-11,Normal,-89.03,41.92
18,11,2016-05-28-11,Normal,-90.24,39.72
25,106,2016-05-28-11,Normal,-90.07,35.68
22,29,2016-05-28-11,Normal,-90.68,35.12
29,68,2016-05-28-11,Normal,-97.36,37.69
24,89,2016-05-28-11,Normal,-88.07,41.48
26,38,2016-05-28-11,Normal,-91.3,38.14
21,54,2016-05-28-11,Normal,-94.35,38.33
23,44,2016-05-28-11,Normal,-89.52,40.7
23,44,2016-05-28-11,Normal,-89.91,40.86
22,29,2016-05-28-11,Normal,-90.37,35.21
28,90,2016-05-28-11,Normal,-90.24,39.72
29,68,2016-05-28-11,Normal,-97.36,37.69
22,29,2016-05-28-11,Normal,-90.04,35.19
24,89,2016-05-28-11,Normal,-88.77,40.76
26,38,2016-05-28-11,Normal,-91.18,38.22
15,92,2016-05-28-11,Normal,-91.74,34.89
12,22,2016-05-28-11,Normal,-90.35,38.43
14,56,2016-05-28-11,Normal,-94.46,37.16
20,33,2016-05-28-11,Normal,-91.24,41.67
19,65,2016-05-28-11,Normal,-95.76,36.08
30,58,2016-05-28-11,Normal,-90.82,41.66
13,69,2016-05-28-11,Normal,-90.82,41.66
22,29,2016-05-28-11,Normal,-91.38,34.83
29,68,2016-05-28-11,Normal,-95.42,35.87
31,86,2016-05-28-11,Normal,-94.46,37.16
11,39,2016-05-28-11,Normal,-88.77,40.76
13,69,2016-05-28-11,Normal,-91.24,41.67
17,27,2016-05-28-11,Normal,-94.16,39.04
27,60,2016-05-28-11,Normal,-94.16,39.04
16,71,2016-05-28-11,Normal,-90.7,41.62
32,21,2016-05-28-11,Normal,-90.94,35.03
15,92,2016-05-28-11,Normal,-90.94,35.03
30,58,2016-05-28-11,Normal,-91.59,41.7
17,27,2016-05-28-11,Normal,-94.31,39.04
23,44,2016-05-28-11,Normal,-90.44,41.54
12,22,2016-05-28-11,Normal,-89.71,37.47
30,58,2016-05-28-11,Normal,-91.94,41.71
31,86,2016-05-28-11,Normal,-94.3,37.66
28,90,2016-05-28-11,Normal,-93.13,39.78
29,68,2016-05-28-11,Normal,-92.53,35.15
30,58,2016-05-28-11,Normal,-93.04,41.71
18,11,2016-05-28-11,Normal,-93.6,39.77
13,69,2016-05-28-11,Normal,-93.04,41.71
12,22,2016-05-28-11,Normal,-90.07,35.68
25,106,2016-05-28-11,Normal,-90.24,35.35
14,56,2016-05-28-11,Normal,-94.31,37.31
28,90,2016-05-28-11,Normal,-93.33,39.77
13,69,2016-05-28-11,Normal,-92.74,41.75
29,68,2016-05-28-11,Normal,-92.25,34.75
24,89,2016-05-28-11,Normal,-94.38,38.99
19,65,2016-05-28-11,Normal,-92.25,34.92
25,106,2016-05-28-11,Normal,-90.07,35.68
11,39,2016-05-28-11,Normal,-91.24,41.67
30,58,2016-05-28-11,Normal,-92.4,41.78
17,27,2016-05-28-11,Normal,-92.63,38.95
14,56,2016-05-28-11,Normal,-94.46,37.16
29,68,2016-05-28-11,Normal,-92.25,34.75
16,71,2016-05-28-11,Normal,-91.63,41.72
27,60,2016-05-28-11,Normal,-92.53,38.98
30,58,2016-05-28-11,Normal,-92.19,41.74
31,86,2016-05-28-11,Normal,-94.31,37.31
13,69,2016-05-28-11,Normal,-91.94,41.71
16,71,2016-05-28-11,Normal,-91.78,42.23
23,44,2016-05-28-11,Normal,-91.05,41.72
24,89,2016-05-28-11,Normal,-94.3,37.66
17,27,2016-05-28-11,Normal,-91.56,38.93
13,69,2016-05-28-11,Normal,-90.2,41.59
21,54,2016-05-28-11,Normal,-90.7,41.62
17,27,2016-05-28-11,Normal,-91.33,38.87
27,60,2016-05-28-11,Normal,-91.19,38.83
14,56,2016-05-28-11,Normal,-91.05,41.72
17,27,2016-05-28-11,Normal,-91.19,38.83
26,38,2016-05-28-11,Normal,-95.69,36.25
20,33,2016-05-28-11,Normal,-89.6,41.76
10,43,2016-05-28-11,Normal,-95.76,36.18
11,39,2016-05-28-11,Normal,-88.96,42.25
22,29,2016-05-28-11,Normal,-90.68,35.12
15,92,2016-05-28-11,Normal,-90.37,35.21
13,69,2016-05-28-11,Normal,-89.88,41.77
10,43,2016-05-28-11,Normal,-95.99,36.17
23,44,2016-05-28-11,Normal,-89.91,40.86
20,33,2016-05-28-11,Normal,-89.29,41.85
11,39,2016-05-28-11,Normal,-88.64,42.21
15,92,2016-05-28-11,Normal,-90.68,35.12
12,22,2016-05-28-11,Normal,-90.35,38.43
16,71,2016-05-28-11,Normal,-90.29,40.96
13,69,2016-05-28-11,Normal,-89.29,41.85
25,106,2016-05-28-11,Normal,-90.35,38.43
29,68,2016-05-28-11,Normal,-94.88,35.47
10,43,2016-05-28-11,Normal,-95.99,36.17
30,58,2016-05-28-11,Normal,-88.96,42.25
15,92,2016-05-28-11,Normal,-90.04,35.19
14,56,2016-05-28-11,Normal,-91.78,42.23
11,39,2016-05-28-11,Normal,-87.66,41.89
15,92,2016-05-28-11,Normal,-89.74,39.1
28,90,2016-05-28-11,Normal,-94.24,39.63
24,89,2016-05-28-11,Normal,-94.3,37.66
18,11,2016-05-28-11,Normal,-94.15,39.77
25,106,2016-05-28-11,Normal,-89.71,37.47
30,58,2016-05-28-11,Normal,-88.41,42.11
26,38,2016-05-28-11,Normal,-95.69,36.25
27,60,2016-05-28-11,Normal,-90.41,38.75
10,43,2016-05-28-11,Normal,-95.5,36.37
20,33,2016-05-28-11,Normal,-87.66,41.89
29,68,2016-05-28-11,Normal,-95.56,35.97
13,69,2016-05-28-11,Normal,-88.41,42.11
22,29,2016-05-28-11,Normal,-89.63,39.84
20,33,2016-05-28-11,Normal,-87.66,41.89
10,43,2016-05-28-11,Normal,-95.35,36.47
32,21,2016-05-28-11,Normal,-90.0,37.72
13,69,2016-05-28-11,Normal,-88.02,42.04
19,65,2016-05-28-11,Normal,-95.42,35.87
18,11,2016-05-28-11,Normal,-93.33,39.77
24,89,2016-05-28-11,Normal,-94.38,38.67
25,106,2016-05-28-11,Normal,-89.65,36.37
10,43,2016-05-28-11,Normal,-95.14,36.66
19,65,2016-05-28-11,Normal,-95.56,35.97
11,39,2016-05-28-11,Normal,-88.96,42.25
14,56,2016-05-28-11,Normal,-91.05,41.72
28,90,2016-05-28-11,Normal,-93.33,39.77
26,38,2016-05-28-11,Normal,-95.14,36.66
11,39,2016-05-28-11,Normal,-89.03,41.92
27,60,2016-05-28-11,Normal,-90.55,38.81
13,69,2016-05-28-11,Normal,-88.02,42.04
22,29,2016-05-28-11,Normal,-88.42,41.11
11,39,2016-05-28-11,Normal,-89.29,41.85
15,92,2016-05-28-11,Normal,-88.07,41.48
29,68,2016-05-28-11,Normal,-96.44,36.23
26,38,2016-05-28-11,Normal,-94.83,36.84
12,22,2016-05-28-11,Normal,-90.24,35.35
20,33,2016-05-28-11,Normal,-88.96,42.25
10,43,2016-05-28-11,Normal,-94.54,37.02
32,21,2016-05-28-11,Normal,-89.65,36.37
22,29,2016-05-28-11,Normal,-87.67,41.87
19,65,2016-05-28-11,Normal,-96.21,36.19
27,60,2016-05-28-11,Normal,-90.79,38.83
21,54,2016-05-28-11,Normal,-90.29,40.96
10,43,2016-05-28-11,Normal,-94.23,37.09
32,21,2016-05-28-11,Normal,-89.8,35.94
20,33,2016-05-28-11,Normal,-89.29,41.85
17,27,2016-05-28-11,Normal,-90.79,38.83
13,69,2016-05-28-11,Normal,-88.96,42.25
21,54,2016-05-28-11,Normal,-89.91,40.86
26,38,2016-05-28-11,Normal,-93.96,37.08
12,22,2016-05-28-11,Normal,-90.07,35.68
11,39,2016-05-28-11,Normal,-90.64,41.56
30,58,2016-05-28-11,Normal,-89.29,41.85
29,68,2016-05-28-11,Normal,-96.97,36.24
31,86,2016-05-28-11,Normal,-90.68,35.12
18,11,2016-05-28-11,Normal,-92.07,39.71
22,29,2016-05-28-11,Normal,-88.07,41.48
27,60,2016-05-28-11,Normal,-91.1,38.83
19,65,2016-05-28-11,Normal,-97.14,36.41
29,68,2016-05-28-11,Normal,-97.34,36.63
21,54,2016-05-28-11,Normal,-89.52,40.7
26,38,2016-05-28-11,Normal,-93.34,37.21
24,89,2016-05-28-11,Normal,-94.35,38.33
29,68,2016-05-28-11,Normal,-97.35,36.4
21,54,2016-05-28-11,Normal,-89.52,40.7
22,29,2016-05-28-11,Normal,-88.77,40.76
16,71,2016-05-28-11,Normal,-88.77,40.76
20,33,2016-05-28-11,Normal,-90.2,41.59
11,39,2016-05-28-11,Normal,-91.24,41.67
13,69,2016-05-28-11,Normal,-89.88,41.77
26,38,2016-05-28-11,Normal,-93.14,37.26
29,68,2016-05-28-11,Normal,-97.37,36.79
15,92,2016-05-28-11,Normal,-89.63,39.84
23,44,2016-05-28-11,Normal,-91.32,41.71
27,60,2016-05-28-11,Normal,-91.74,38.94
14,56,2016-05-28-11,Normal,-90.44,41.54
13,69,2016-05-28-11,Normal,-90.2,41.59
12,22,2016-05-28-11,Normal,-89.56,37.2
29,68,2016-05-28-11,Normal,-97.37,36.91
16,71,2016-05-28-11,Normal,-89.63,39.84
20,33,2016-05-28-11,Normal,-91.24,41.67
19,65,2016-05-28-11,Normal,-97.37,36.79
18,11,2016-05-28-11,Normal,-91.2,39.75
14,56,2016-05-28-11,Normal,-90.7,41.62
28,90,2016-05-28-11,Normal,-91.36,39.76
21,54,2016-05-28-11,Normal,-90.7,41.62
26,38,2016-05-28-11,Normal,-92.74,37.6
13,69,2016-05-28-11,Normal,-90.82,41.66
29,68,2016-05-28-11,Normal,-97.32,37.27
15,92,2016-05-28-11,Normal,-90.2,38.65
31,86,2016-05-28-11,Normal,-91.14,34.96
23,44,2016-05-28-11,Normal,-90.44,41.54
18,11,2016-05-28-11,Normal,-90.79,39.69
27,60,2016-05-28-11,Normal,-92.38,38.98
10,43,2016-05-28-11,Normal,-92.48,37.8
14,56,2016-05-28-11,Normal,-91.32,41.71
17,27,2016-05-28-11,Normal,-92.38,38.98
13,69,2016-05-28-11,Normal,-91.59,41.7
29,68,2016-05-28-11,Normal,-97.36,37.69
30,58,2016-05-28-11,Normal,-91.59,41.7
24,89,2016-05-28-11,Normal,-94.46,37.16
23,44,2016-05-28-11,Normal,-89.91,40.86
10,43,2016-05-28-11,Normal,-92.31,37.81
14,56,2016-05-28-11,Normal,-91.63,41.72
13,69,2016-05-28-11,Normal,-91.94,41.71
24,89,2016-05-28-11,Normal,-94.31,37.31
20,33,2016-05-28-11,Normal,-92.4,41.78
32,21,2016-05-28-11,Normal,-89.71,37.47
19,65,2016-05-28-11,Normal,-97.36,37.69
26,38,2016-05-28-11,Normal,-92.08,37.81
22,29,2016-05-28-11,Normal,-89.17,40.38
14,56,2016-05-28-11,Normal,-91.78,42.23
23,44,2016-05-28-11,Normal,-89.52,40.7
11,39,2016-05-28-11,Normal,-93.58,41.62
21,54,2016-05-28-11,Normal,-91.78,42.23
26,38,2016-05-28-11,Normal,-91.99,37.94
22,29,2016-05-28-11,Normal,-88.77,40.76
29,68,2016-05-28-11,Normal,-97.32,37.27
28,90,2016-05-28-11,Normal,-90.37,39.71
19,65,2016-05-28-11,Normal,-97.32,37.48
22,29,2016-05-28-11,Normal,-88.42,41.11
27,60,2016-05-28-11,Normal,-93.2,38.98
29,68,2016-05-28-11,Normal,-97.32,37.15
31,86,2016-05-28-11,Normal,-92.31,34.78
27,60,2016-05-28-11,Normal,-93.45,38.99
16,71,2016-05-28-11,Normal,-88.42,41.11
12,22,2016-05-28-11,Normal,-94.3,37.66
17,27,2016-05-28-11,Normal,-93.2,38.98
18,11,2016-05-28-11,Normal,-90.14,39.76
25,106,2016-05-28-11,Normal,-93.04,41.71
13,69,2016-05-28-11,Normal,-93.36,41.69
28,90,2016-05-28-11,Normal,-90.24,39.72
20,33,2016-05-28-11,Normal,-93.58,41.62
24,89,2016-05-28-11,Normal,-94.38,38.99
26,38,2016-05-28-11,Normal,-91.3,38.14
29,68,2016-05-28-11,Normal,-97.37,36.79
21,54,2016-05-28-11,Normal,-91.47,41.74
23,44,2016-05-28-11,Normal,-91.05,41.72
17,27,2016-05-28-11,Normal,-93.65,39.0
28,90,2016-05-28-11,Normal,-89.96,39.74
22,29,2016-05-28-11,Normal,-87.67,41.87
20,33,2016-05-28-11,Normal,-93.36,41.69
18,11,2016-05-28-11,Normal,-89.78,39.77
27,60,2016-05-28-11,Normal,-94.0,39.03
22,29,2016-05-28-11,Normal,-88.07,41.48
15,92,2016-05-28-11,Normal,-88.42,41.11
21,54,2016-05-28-11,Normal,-91.05,41.72
25,106,2016-05-28-11,Normal,-92.19,41.74
22,29,2016-05-28-11,Normal,-88.42,41.11
14,56,2016-05-28-11,Normal,-90.7,41.62
15,92,2016-05-28-11,Normal,-88.77,40.76
23,44,2016-05-28-11,Normal,-91.47,41.74
14,56,2016-05-28-11,Normal,-90.44,41.54
25,106,2016-05-28-11,Normal,-91.94,41.71
23,44,2016-05-28-11,Normal,-91.63,41.72
15,92,2016-05-28-11,Normal,-89.17,40.38
14,56,2016-05-28-11,Normal,-90.29,40.96
12,22,2016-05-28-11,Normal,-94.59,39.1
10,43,2016-05-28-11,Normal,-90.69,38.5
23,44,2016-05-28-11,Normal,-91.78,42.23
21,54,2016-05-28-11,Normal,-90.29,40.96
25,106,2016-05-28-11,Normal,-91.59,41.7
16,71,2016-05-28-11,Normal,-88.77,40.76
15,92,2016-05-28-11,Normal,-89.63,39.84
27,60,2016-05-28-11,Normal,-94.44,39.1
24,89,2016-05-28-11,Normal,-94.35,38.33
10,43,2016-05-28-11,Normal,-90.34,38.58
22,29,2016-05-28-11,Normal,-89.63,39.84
29,68,2016-05-28-11,Normal,-96.44,36.23
18,11,2016-05-28-11,Normal,-90.14,39.76
27,60,2016-05-28-11,Normal,-94.31,39.04
11,39,2016-05-28-11,Normal,-90.82,41.66
18,11,2016-05-28-11,Normal,-90.24,39.72
16,71,2016-05-28-11,Normal,-89.74,39.1
23,44,2016-05-28-11,Normal,-91.47,41.74
31,86,2016-05-28-11,Normal,-90.37,35.21
21,54,2016-05-28-11,Normal,-89.52,40.7
20,33,2016-05-28-11,Normal,-91.59,41.7
28,90,2016-05-28-11,Normal,-90.24,39.72
27,60,2016-05-28-11,Normal,-94.16,39.04
22,29,2016-05-28-11,Normal,-90.2,38.65
16,71,2016-05-28-11,Normal,-90.2,38.65
10,43,2016-05-28-11,Normal,-90.34,38.58
24,89,2016-05-28-11,Normal,-94.31,37.31
27,60,2016-05-28-11,Normal,-94.0,39.03
20,33,2016-05-28-11,Normal,-90.82,41.66
11,39,2016-05-28-11,Normal,-89.88,41.77
19,65,2016-05-28-11,Normal,-95.76,36.08
30,58,2016-05-28-11,Normal,-91.24,41.67
12,22,2016-05-28-11,Normal,-94.3,37.66
10,43,2016-05-28-11,Normal,-90.53,38.51
20,33,2016-05-28-11,Normal,-90.64,41.56
16,71,2016-05-28-11,Normal,-89.74,39.1
18,11,2016-05-28-11,Normal,-90.52,39.71
26,38,2016-05-28-11,Normal,-90.53,38.51
15,92,2016-05-28-11,Normal,-89.17,40.38
17,27,2016-05-28-11,Normal,-93.85,39.01
29,68,2016-05-28-11,Normal,-95.42,35.87
25,106,2016-05-28-11,Normal,-89.29,41.85
24,89,2016-05-28-11,Normal,-94.58,37.03
22,29,2016-05-28-11,Normal,-89.17,40.38
14,56,2016-05-28-11,Normal,-90.7,41.62
25,106,2016-05-28-11,Normal,-89.03,41.92
23,44,2016-05-28-11,Normal,-90.29,40.96
11,39,2016-05-28-11,Normal,-89.03,41.92
31,86,2016-05-28-11,Normal,-90.94,35.03
12,22,2016-05-28-11,Normal,-94.58,37.03
13,69,2016-05-28-11,Normal,-89.88,41.77
31,86,2016-05-28-11,Normal,-91.38,34.83
32,21,2016-05-28-11,Normal,-90.07,35.68
30,58,2016-05-28-11,Normal,-90.2,41.59
14,56,2016-05-28-11,Normal,-91.05,41.72
31,86,2016-05-28-11,Normal,-91.14,34.96
20,33,2016-05-28-11,Normal,-89.6,41.76
15,92,2016-05-28-11,Normal,-88.07,41.48
19,65,2016-05-28-11,Normal,-95.15,35.51
28,90,2016-05-28-11,Normal,-90.97,39.72
17,27,2016-05-28-11,Normal,-93.01,38.97
19,65,2016-05-28-11,Normal,-94.88,35.47
26,38,2016-05-28-11,Normal,-91.18,38.22
12,22,2016-05-28-11,Normal,-94.31,37.31
22,29,2016-05-28-11,Normal,-88.07,41.48
10,43,2016-05-28-11,Normal,-91.44,38.09
21,54,2016-05-28-11,Normal,-91.63,41.72
27,60,2016-05-28-11,Normal,-92.63,38.95
18,11,2016-05-28-11,Normal,-91.59,39.68
29,68,2016-05-28-11,Normal,-94.22,35.5
14,56,2016-05-28-11,Normal,-91.78,42.23
25,106,2016-05-28-11,Normal,-88.02,42.04
22,29,2016-05-28-11,Normal,-87.67,41.87
16,71,2016-05-28-11,Normal,-87.67,41.87
28,90,2016-05-28-11,Normal,-91.59,39.68
10,43,2016-05-28-11,Normal,-91.55,38.04
26,38,2016-05-28-11,Normal,-91.55,38.04
19,65,2016-05-28-11,Normal,-93.92,35.53
20,33,2016-05-28-11,Normal,-88.64,42.21
27,60,2016-05-28-11,Normal,-92.38,38.98
24,89,2016-05-28-11,Normal,-94.38,38.99
17,27,2016-05-28-11,Normal,-92.38,38.98
25,106,2016-05-28-11,Normal,-87.66,41.89
22,29,2016-05-28-11,Normal,-88.07,41.48
27,60,2016-05-28-11,Normal,-92.22,38.96
11,39,2016-05-28-11,Normal,-87.66,41.89
20,33,2016-05-28-11,Normal,-88.02,42.04
31,86,2016-05-28-11,Normal,-92.31,34.78
28,90,2016-05-28-11,Normal,-92.07,39.71
25,106,2016-05-28-11,Normal,-88.41,42.11
31,86,2016-05-28-11,Normal,-92.09,34.8
10,43,2016-05-28-11,Normal,-92.08,37.81
22,29,2016-05-28-11,Normal,-88.77,40.76
30,58,2016-05-28-11,Normal,-88.02,42.04
27,60,2016-05-28-11,Normal,-91.74,38.94
17,27,2016-05-28-11,Normal,-92.03,38.97
28,90,2016-05-28-11,Normal,-92.27,39.76
22,29,2016-05-28-11,Normal,-89.17,40.38
25,106,2016-05-28-11,Normal,-88.64,42.21
14,56,2016-05-28-11,Normal,-91.05,41.72
17,27,2016-05-28-11,Normal,-91.74,38.94
12,22,2016-05-28-11,Normal,-94.59,39.1
32,21,2016-05-28-11,Normal,-90.35,38.43
29,68,2016-05-28-11,Normal,-92.25,34.92
19,65,2016-05-28-11,Normal,-92.87,35.25
30,58,2016-05-28-11,Normal,-87.66,41.89
31,86,2016-05-28-11,Normal,-91.38,34.83
22,29,2016-05-28-11,Normal,-89.74,39.1
24,89,2016-05-28-11,Normal,-94.38,38.67
32,21,2016-05-28-11,Normal,-90.15,38.62
30,58,2016-05-28-11,Normal,-88.02,42.04
31,86,2016-05-28-11,Normal,-91.14,34.96
18,11,2016-05-28-11,Normal,-92.94,39.77
14,56,2016-05-28-11,Normal,-90.44,41.54
15,92,2016-05-28-11,Normal,-90.2,38.65
30,58,2016-05-28-11,Normal,-88.41,42.11
32,21,2016-05-28-11,Normal,-90.15,38.62
29,68,2016-05-28-11,Normal,-92.25,34.75
25,106,2016-05-28-11,Normal,-89.6,41.76
28,90,2016-05-28-11,Normal,-92.94,39.77
21,54,2016-05-28-11,Normal,-90.29,40.96
24,89,2016-05-28-11,Normal,-94.3,37.66
13,69,2016-05-28-11,Normal,-88.64,42.21
29,68,2016-05-28-11,Normal,-92.25,34.92
21,54,2016-05-28-11,Normal,-89.91,40.86
17,27,2016-05-28-11,Normal,-91.1,38.83
32,21,2016-05-28-11,Normal,-90.24,38.0
20,33,2016-05-28-11,Normal,-89.03,41.92
29,68,2016-05-28-11,Normal,-92.53,35.15
28,90,2016-05-28-11,Normal,-93.33,39.77
12,22,2016-05-28-11,Normal,-94.37,38.0
24,89,2016-05-28-11,Normal,-94.46,37.16
25,106,2016-05-28-11,Normal,-90.2,41.59
30,58,2016-05-28-11,Normal,-89.03,41.92
27,60,2016-05-28-11,Normal,-90.67,38.82
18,11,2016-05-28-11,Normal,-93.93,39.76
25,106,2016-05-28-11,Normal,-90.64,41.56
20,33,2016-05-28-11,Normal,-89.6,41.76
26,38,2016-05-28-11,Normal,-93.34,37.21
13,69,2016-05-28-11,Normal,-89.29,41.85
30,58,2016-05-28-11,Normal,-89.29,41.85
26,38,2016-05-28-11,Normal,-93.69,37.16
16,71,2016-05-28-11,Normal,-88.77,40.76
19,65,2016-05-28-11,Normal,-92.87,35.25
27,60,2016-05-28-11,Normal,-90.41,38.75
17,27,2016-05-28-11,Normal,-90.67,38.82
10,43,2016-05-28-11,Normal,-93.96,37.08
11,39,2016-05-28-11,Normal,-90.82,41.66
29,68,2016-05-28-11,Normal,-93.61,35.51
31,86,2016-05-28-11,Normal,-90.37,35.21
15,92,2016-05-28-11,Normal,-88.07,41.48
32,21,2016-05-28-11,Normal,-89.54,36.84
10,43,2016-05-28-11,Normal,-94.23,37.09
27,60,2016-05-28-11,Normal,-90.21,38.65
21,54,2016-05-28-11,Normal,-90.44,41.54
30,58,2016-05-28-11,Normal,-90.2,41.59
26,38,2016-05-28-11,Normal,-94.23,37.09
21,54,2016-05-28-11,Normal,-90.7,41.62
31,86,2016-05-28-11,Normal,-90.94,35.03
12,22,2016-05-28-11,Normal,-94.58,37.03
10,43,2016-05-28-11,Normal,-94.54,37.02
23,44,2016-05-28-11,Normal,-90.29,40.96
13,69,2016-05-28-11,Normal,-90.64,41.56
29,68,2016-05-28-11,Normal,-94.22,35.5
20,33,2016-05-28-11,Normal,-91.24,41.67
10,43,2016-05-28-11,Normal,-94.83,36.84
32,21,2016-05-28-11,Normal,-90.07,35.68
16,71,2016-05-28-11,Normal,-87.67,41.87
29,68,2016-05-28-11,Normal,-94.57,35.37
12,22,2016-05-28-11,Normal,-94.31,37.31
27,60,2016-05-28-11,Normal,-90.55,38.81
21,54,2016-05-28-11,Normal,-91.32,41.71
10,43,2016-05-28-11,Normal,-95.01,36.73
13,69,2016-05-28-11,Normal,-91.24,41.67
16,71,2016-05-28-11,Normal,-88.07,41.48
28,90,2016-05-28-11,Normal,-94.42,39.27
27,60,2016-05-28-11,Normal,-90.67,38.82
13,69,2016-05-28-11,Normal,-91.59,41.7
20,33,2016-05-28-11,Normal,-91.94,41.71
21,54,2016-05-28-11,Normal,-91.63,41.72
12,22,2016-05-28-11,Normal,-94.37,38.0
14,56,2016-05-28-11,Normal,-91.63,41.72
27,60,2016-05-28-11,Normal,-90.79,38.83
24,89,2016-05-28-11,Normal,-94.38,38.99
29,68,2016-05-28-11,Normal,-95.3,35.64
18,11,2016-05-28-11,Normal,-94.42,39.27
16,71,2016-05-28-11,Normal,-88.77,40.76
26,38,2016-05-28-11,Normal,-95.5,36.37
28,90,2016-05-28-11,Normal,-94.57,39.15
32,21,2016-05-28-11,Normal,-90.24,35.35
30,58,2016-05-28-11,Normal,-92.19,41.74
20,33,2016-05-28-11,Normal,-92.4,41.78
12,22,2016-05-28-11,Normal,-94.38,38.67
20,33,2016-05-28-11,Normal,-92.74,41.75
16,71,2016-05-28-11,Normal,-89.63,39.84
16,71,2016-05-28-11,Normal,-89.17,40.38
10,43,2016-05-28-11,Normal,-95.76,36.18
30,58,2016-05-28-11,Normal,-92.4,41.78
30,58,2016-05-28-11,Normal,-92.74,41.75
23,44,2016-05-28-11,Normal,-90.44,41.54
29,68,2016-05-28-11,Normal,-95.76,36.08
12,22,2016-05-28-11,Normal,-94.38,38.99
22,29,2016-05-28-11,Normal,-89.74,39.1
15,92,2016-05-28-11,Normal,-90.2,38.65
16,71,2016-05-28-11,Normal,-89.74,39.1
19,65,2016-05-28-11,Normal,-95.56,35.97
11,39,2016-05-28-11,Normal,-93.58,41.62
21,54,2016-05-28-11,Normal,-91.32,41.71
13,69,2016-05-28-11,Normal,-93.04,41.71
31,86,2016-05-28-11,Normal,-91.93,34.81
24,89,2016-05-28-11,Normal,-94.35,38.33
29,68,2016-05-28-11,Normal,-96.21,36.19
28,90,2016-05-28-11,Normal,-94.24,39.63
27,60,2016-05-28-11,Normal,-91.56,38.93
20,33,2016-05-28-11,Normal,-93.58,41.62
32,21,2016-05-28-11,Normal,-89.56,37.2
16,71,2016-05-28-11,Normal,-89.74,39.1
22,29,2016-05-28-11,Normal,-90.2,38.65
17,27,2016-05-28-11,Normal,-91.74,38.94
25,106,2016-05-28-11,Normal,-92.4,41.78
11,39,2016-05-28-11,Normal,-92.74,41.75
21,54,2016-05-28-11,Normal,-91.05,41.72
17,27,2016-05-28-11,Normal,-92.03,38.97
24,89,2016-05-28-11,Normal,-94.37,38.0
28,90,2016-05-28-11,Normal,-94.25,39.73
21,54,2016-05-28-11,Normal,-90.7,41.62
15,92,2016-05-28-11,Normal,-89.17,40.38
22,29,2016-05-28-11,Normal,-89.63,39.84
32,21,2016-05-28-11,Normal,-90.0,37.72
12,22,2016-05-28-11,Normal,-94.35,38.33
25,106,2016-05-28-11,Normal,-92.19,41.74
17,27,2016-05-28-11,Normal,-92.22,38.96
12,22,2016-05-28-11,Normal,-94.37,38.0
22,29,2016-05-28-11,Normal,-89.17,40.38
16,71,2016-05-28-11,Normal,-89.17,40.38
10,43,2016-05-28-11,Normal,-95.35,36.47
28,90,2016-05-28-11,Normal,-93.6,39.77
32,21,2016-05-28-11,Normal,-90.24,38.0
24,89,2016-05-28-11,Normal,-94.58,37.03
25,106,2016-05-28-11,Normal,-91.59,41.7
11,39,2016-05-28-11,Normal,-91.94,41.71
12,22,2016-05-28-11,Normal,-94.3,37.66
20,33,2016-05-28-11,Normal,-92.4,41.78
27,60,2016-05-28-11,Normal,-92.63,38.95
14,56,2016-05-28-11,Normal,-89.52,40.7
26,38,2016-05-28-11,Normal,-95.01,36.73
20,33,2016-05-28-11,Normal,-92.19,41.74
19,65,2016-05-28-11,Normal,-97.14,36.41
26,38,2016-05-28-11,Normal,-94.83,36.84
14,56,2016-05-28-11,Normal,-89.91,40.86
29,68,2016-05-28-11,Normal,-97.37,36.79
15,92,2016-05-28-11,Normal,-87.67,41.87
12,22,2016-05-28-11,Normal,-94.46,37.16
32,21,2016-05-28-11,Normal,-90.15,38.62
27,60,2016-05-28-11,Normal,-93.01,38.97
22,29,2016-05-28-11,Normal,-87.67,41.87
26,38,2016-05-28-11,Normal,-94.54,37.02
16,71,2016-05-28-11,Normal,-87.67,41.87
31,86,2016-05-28-11,Normal,-90.37,35.21
26,38,2016-05-28-11,Normal,-94.23,37.09
18,11,2016-05-28-11,Normal,-92.42,39.76
17,27,2016-05-28-11,Normal,-93.01,38.97
28,90,2016-05-28-11,Normal,-92.57,39.77
23,44,2016-05-28-11,Normal,-90.7,41.62
19,65,2016-05-28-11,Normal,-97.37,36.79
10,43,2016-05-28-11,Normal,-93.96,37.08
14,56,2016-05-28-11,Normal,-90.7,41.62
25,106,2016-05-28-11,Normal,-90.2,41.59
19,65,2016-05-28-11,Normal,-97.32,37.15
21,54,2016-05-28-11,Normal,-90.44,41.54
22,29,2016-05-28-11,Normal,-88.77,40.76
18,11,2016-05-28-11,Normal,-91.8,39.67
24,89,2016-05-28-11,Normal,-90.7,41.62
26,38,2016-05-28-11,Normal,-93.34,37.21
29,68,2016-05-28-11,Normal,-97.32,37.27
18,11,2016-05-28-11,Normal,-92.07,39.71
16,71,2016-05-28-11,Normal,-88.42,41.11
10,43,2016-05-28-11,Normal,-93.69,37.16
32,21,2016-05-28-11,Normal,-89.71,37.47
30,58,2016-05-28-11,Normal,-90.82,41.66
31,86,2016-05-28-11,Normal,-91.38,34.83
11,39,2016-05-28-11,Normal,-89.6,41.76
26,38,2016-05-28-11,Normal,-93.14,37.26
25,106,2016-05-28-11,Normal,-89.29,41.85
32,21,2016-05-28-11,Normal,-89.56,37.2
19,65,2016-05-28-11,Normal,-97.32,37.48
15,92,2016-05-28-11,Normal,-90.2,38.65
18,11,2016-05-28-11,Normal,-91.36,39.76
14,56,2016-05-28-11,Normal,-91.47,41.74
24,89,2016-05-28-11,Normal,-91.63,41.72
22,29,2016-05-28-11,Normal,-89.63,39.84
31,86,2016-05-28-11,Normal,-91.93,34.81
30,58,2016-05-28-11,Normal,-89.88,41.77
16,71,2016-05-28-11,Normal,-89.63,39.84
20,33,2016-05-28-11,Normal,-89.29,41.85
14,56,2016-05-28-11,Normal,-91.78,42.23
28,90,2016-05-28-11,Normal,-91.59,39.68
18,11,2016-05-28-11,Normal,-91.2,39.75
17,27,2016-05-28-11,Normal,-94.16,39.04
17,27,2016-05-28-11,Normal,-94.31,39.04
31,86,2016-05-28-11,Normal,-92.31,34.78
23,44,2016-05-28-11,Normal,-90.29,40.96
10,43,2016-05-28-11,Normal,-92.89,37.51
12,22,2016-05-28-11,Normal,-94.59,39.1
20,33,2016-05-28-11,Normal,-89.03,41.92
28,90,2016-05-28-11,Normal,-91.2,39.75
11,39,2016-05-28-11,Normal,-88.64,42.21
18,11,2016-05-28-11,Normal,-90.79,39.69
32,21,2016-05-28-11,Normal,-90.07,35.68
13,69,2016-05-28-11,Normal,-89.03,41.92
10,43,2016-05-28-11,Normal,-92.61,37.7
14,56,2016-05-28-11,Normal,-94.35,38.33
31,86,2016-05-28-11,Normal,-94.37,38.0
30,58,2016-05-28-11,Normal,-88.42,41.11
15,92,2016-05-28-11,Normal,-94.58,37.03
25,106,2016-05-28-11,Normal,-90.82,41.66
22,29,2016-05-28-11,Normal,-91.05,41.72
18,11,2016-05-28-11,Normal,-93.6,39.77
32,21,2016-05-28-11,Normal,-89.56,37.2
19,65,2016-05-28-11,Normal,-93.36,35.4
11,39,2016-05-28-11,Normal,-90.82,41.66
26,38,2016-05-28-11,Normal,-93.14,37.26
15,92,2016-05-28-11,Normal,-94.46,37.16
21,54,2016-05-28-11,Normal,-87.67,41.87
14,56,2016-05-28-11,Normal,-94.38,38.99
27,60,2016-05-28-11,Normal,-91.56,38.93
30,58,2016-05-28-11,Normal,-87.67,41.87
21,54,2016-05-28-11,Normal,-88.07,41.48
13,69,2016-05-28-11,Normal,-89.8,35.94
26,38,2016-05-28-11,Normal,-93.34,37.21
12,22,2016-05-28-11,Normal,-91.59,41.7
15,92,2016-05-28-11,Normal,-94.31,37.31
27,60,2016-05-28-11,Normal,-91.74,38.94
22,29,2016-05-28-11,Normal,-90.29,40.96
14,56,2016-05-28-11,Normal,-94.59,39.1
29,68,2016-05-28-11,Normal,-94.88,35.47
27,60,2016-05-28-11,Normal,-93.45,38.99
17,27,2016-05-28-11,Normal,-93.45,38.99
32,21,2016-05-28-11,Normal,-88.07,41.48
30,58,2016-05-28-11,Normal,-89.63,39.84
19,65,2016-05-28-11,Normal,-96.44,36.23
26,38,2016-05-28-11,Normal,-95.76,36.18
13,69,2016-05-28-11,Normal,-89.56,37.2
29,68,2016-05-28-11,Normal,-96.97,36.24
17,27,2016-05-28-11,Normal,-93.65,39.0
12,22,2016-05-28-11,Normal,-88.02,42.04
11,39,2016-05-28-11,Normal,-88.02,42.04
15,92,2016-05-28-11,Normal,-94.37,38.0
21,54,2016-05-28-11,Normal,-88.42,41.11
12,22,2016-05-28-11,Normal,-87.66,41.89
14,56,2016-05-28-11,Normal,-94.3,37.66
29,68,2016-05-28-11,Normal,-97.35,36.4
31,86,2016-05-28-11,Normal,-94.46,37.16
16,71,2016-05-28-11,Normal,-91.78,42.23
16,71,2016-05-28-11,Normal,-91.63,41.72
15,92,2016-05-28-11,Normal,-94.3,37.66
21,54,2016-05-28-11,Normal,-87.67,41.87
18,11,2016-05-28-11,Normal,-94.15,39.77
13,69,2016-05-28-11,Normal,-90.24,38.0
14,56,2016-05-28-11,Normal,-94.37,38.0
28,90,2016-05-28-11,Normal,-93.33,39.77
26,38,2016-05-28-11,Normal,-95.14,36.66
30,58,2016-05-28-11,Normal,-88.42,41.11
16,71,2016-05-28-11,Normal,-91.05,41.72
22,29,2016-05-28-11,Normal,-90.7,41.62
31,86,2016-05-28-11,Normal,-94.59,39.1
18,11,2016-05-28-11,Normal,-92.74,39.76
21,54,2016-05-28-11,Normal,-89.63,39.84
27,60,2016-05-28-11,Normal,-94.0,39.03
19,65,2016-05-28-11,Normal,-97.32,37.15
28,90,2016-05-28-11,Normal,-92.94,39.77
29,68,2016-05-28-11,Normal,-97.32,37.48
22,29,2016-05-28-11,Normal,-90.29,40.96
10,43,2016-05-28-11,Normal,-94.83,36.84
13,69,2016-05-28-11,Normal,-89.71,37.47
18,11,2016-05-28-11,Normal,-92.57,39.77
23,44,2016-05-28-11,Normal,-90.04,35.19
24,89,2016-05-28-11,Normal,-91.63,41.72
15,92,2016-05-28-11,Normal,-94.37,38.0
31,86,2016-05-28-11,Normal,-94.38,38.67
23,44,2016-05-28-11,Normal,-90.04,35.19
14,56,2016-05-28-11,Normal,-94.38,38.67
31,86,2016-05-28-11,Normal,-94.38,38.99
25,106,2016-05-28-11,Normal,-90.82,41.66
14,56,2016-05-28-11,Normal,-94.35,38.33
12,22,2016-05-28-11,Normal,-90.2,41.59
20,33,2016-05-28-11,Normal,-88.64,42.21
30,58,2016-05-28-11,Normal,-89.03,41.92
32,21,2016-05-28-11,Normal,-90.24,35.35
14,56,2016-05-28-11,Normal,-91.47,41.74
12,22,2016-05-28-11,Normal,-94.59,39.1
15,92,2016-05-28-11,Normal,-94.37,38.0
24,89,2016-05-28-11,Normal,-91.32,41.71
29,68,2016-05-28-11,Normal,-97.34,36.63
25,106,2016-05-28-11,Normal,-87.66,41.89
26,38,2016-05-28-11,Normal,-92.08,37.81
31,86,2016-05-28-11,Normal,-91.93,34.81
27,60,2016-05-28-11,Normal,-94.0,39.03
12,22,2016-05-28-11,Normal,-94.38,38.67
14,56,2016-05-28-11,Normal,-91.05,41.72
19,65,2016-05-28-11,Normal,-97.34,36.63
31,86,2016-05-28-11,Normal,-91.38,34.83
10,43,2016-05-28-11,Normal,-92.31,37.81
24,89,2016-05-28-11,Normal,-91.05,41.72
10,43,2016-05-28-11,Normal,-92.08,37.81
26,38,2016-05-28-11,Normal,-91.99,37.94
32,21,2016-05-28-11,Normal,-90.24,35.35
11,39,2016-05-28-11,Normal,-87.66,41.89
16,71,2016-05-28-11,Normal,-91.05,41.72
21,54,2016-05-28-11,Normal,-90.7,41.62
12,22,2016-05-28-11,Normal,-94.37,38.0
32,21,2016-05-28-11,Normal,-90.07,35.68
10,43,2016-05-28-11,Normal,-91.69,37.99
29,68,2016-05-28-11,Normal,-96.97,36.24
23,44,2016-05-28-11,Normal,-91.63,41.72
21,54,2016-05-28-11,Normal,-90.44,41.54
18,11,2016-05-28-11,Normal,-90.14,39.76
12,22,2016-05-28-11,Normal,-94.3,37.66
22,29,2016-05-28-11,Normal,-91.47,41.74
15,92,2016-05-28-11,Normal,-94.59,39.1
31,86,2016-05-28-11,Normal,-90.94,35.03
16,71,2016-05-28-11,Normal,-91.47,41.74
19,65,2016-05-28-11,Normal,-96.97,36.24
15,92,2016-05-28-11,Normal,-94.38,38.99
27,60,2016-05-28-11,Normal,-93.2,38.98
17,27,2016-05-28-11,Normal,-93.2,38.98
22,29,2016-05-28-11,Normal,-91.78,42.23
26,38,2016-05-28-11,Normal,-91.18,38.22
19,65,2016-05-28-11,Normal,-96.44,36.23
22,29,2016-05-28-11,Normal,-91.63,41.72
21,54,2016-05-28-11,Normal,-89.91,40.86
18,11,2016-05-28-11,Normal,-89.78,39.77
13,69,2016-05-28-11,Normal,-88.41,42.11
20,33,2016-05-28-11,Normal,-88.96,42.25
22,29,2016-05-28-11,Normal,-91.78,42.23
29,68,2016-05-28-11,Normal,-95.99,36.17
26,38,2016-05-28-11,Normal,-91.07,38.31
20,33,2016-05-28-11,Normal,-89.03,41.92
21,54,2016-05-28-11,Normal,-89.52,40.7
17,27,2016-05-28-11,Normal,-92.85,38.93
11,39,2016-05-28-11,Normal,-89.29,41.85
14,56,2016-05-28-11,Normal,-94.46,37.16
25,106,2016-05-28-11,Normal,-89.88,41.77
23,44,2016-05-28-11,Normal,-91.32,41.71
18,11,2016-05-28-11,Normal,-89.78,39.77
24,89,2016-05-28-11,Normal,-90.29,40.96
14,56,2016-05-28-11,Normal,-94.31,37.31
15,92,2016-05-28-11,Normal,-94.3,37.66
20,33,2016-05-28-11,Normal,-89.6,41.76
29,68,2016-05-28-11,Normal,-95.42,35.87
11,39,2016-05-28-11,Normal,-89.88,41.77
12,22,2016-05-28-11,Normal,-94.31,37.31
28,90,2016-05-28-11,Normal,-89.66,39.78
10,43,2016-05-28-11,Normal,-90.69,38.5
31,86,2016-05-28-11,Normal,-94.31,37.31
32,21,2016-05-28-11,Normal,-90.35,38.43
29,68,2016-05-28-11,Normal,-95.3,35.64
12,22,2016-05-28-11,Normal,-94.3,37.66
19,65,2016-05-28-11,Normal,-95.56,35.97
14,56,2016-05-28-11,Normal,-94.37,38.0
25,106,2016-05-28-11,Normal,-90.82,41.66
22,29,2016-05-28-11,Normal,-90.7,41.62
28,90,2016-05-28-11,Normal,-89.96,39.74
29,68,2016-05-28-11,Normal,-95.15,35.51
10,43,2016-05-28-11,Normal,-90.34,38.58
25,106,2016-05-28-11,Normal,-91.24,41.67
17,27,2016-05-28-11,Normal,-92.03,38.97
32,21,2016-05-28-11,Normal,-90.15,38.62
16,71,2016-05-28-11,Normal,-90.7,41.62
25,106,2016-05-28-11,Normal,-91.59,41.7
19,65,2016-05-28-11,Normal,-95.3,35.64
13,69,2016-05-28-11,Normal,-90.2,41.59
23,44,2016-05-28-11,Normal,-89.91,40.86
11,39,2016-05-28-11,Normal,-91.24,41.67
16,71,2016-05-28-11,Normal,-90.29,40.96
12,22,2016-05-28-11,Normal,-94.38,38.67
19,65,2016-05-28-11,Normal,-95.15,35.51
20,33,2016-05-28-11,Normal,-91.59,41.7
25,106,2016-05-28-11,Normal,-92.19,41.74
14,56,2016-05-28-11,Normal,-94.59,39.1
22,29,2016-05-28-11,Normal,-89.91,40.86
24,89,2016-05-28-11,Normal,-91.63,41.72
21,54,2016-05-28-11,Normal,-87.67,41.87
31,86,2016-05-28-11,Normal,-94.59,39.1
24,89,2016-05-28-11,Normal,-91.78,42.23
12,22,2016-05-28-11,Normal,-94.59,39.1
29,68,2016-05-28-11,Normal,-93.61,35.51
26,38,2016-05-28-11,Normal,-90.86,38.46
14,56,2016-05-28-11,Normal,-94.38,38.99
18,11,2016-05-28-11,Normal,-90.97,39.72
30,58,2016-05-28-11,Normal,-91.59,41.7
15,92,2016-05-28-11,Normal,-94.35,38.33
17,27,2016-05-28-11,Normal,-91.1,38.83
28,90,2016-05-28-11,Normal,-90.79,39.69
12,22,2016-05-28-11,Normal,-94.38,38.67
32,21,2016-05-28-11,Normal,-89.54,36.84
19,65,2016-05-28-11,Normal,-93.61,35.51
29,68,2016-05-28-11,Normal,-93.36,35.4
31,86,2016-05-28-11,Normal,-94.35,38.33
13,69,2016-05-28-11,Normal,-91.94,41.71
15,92,2016-05-28-11,Normal,-94.38,38.99
18,11,2016-05-28-11,Normal,-91.2,39.75
23,44,2016-05-28-11,Normal,-91.14,34.96
20,33,2016-05-28-11,Normal,-92.74,41.75
17,27,2016-05-28-11,Normal,-90.79,38.83
10,43,2016-05-28-11,Normal,-91.18,38.22
14,56,2016-05-28-11,Normal,-94.37,38.0
28,90,2016-05-28-11,Normal,-91.2,39.75
24,89,2016-05-28-11,Normal,-91.05,41.72
25,106,2016-05-28-11,Normal,-93.58,41.62
26,38,2016-05-28-11,Normal,-91.44,38.09
19,65,2016-05-28-11,Normal,-93.12,35.31
20,33,2016-05-28-11,Normal,-93.36,41.69
29,68,2016-05-28-11,Normal,-92.53,35.15
32,21,2016-05-28-11,Normal,-90.07,35.68
26,38,2016-05-28-11,Normal,-91.55,38.04
13,69,2016-05-28-11,Normal,-92.74,41.75
29,68,2016-05-28-11,Normal,-92.25,34.92
16,71,2016-05-28-11,Normal,-91.05,41.72
21,54,2016-05-28-11,Normal,-90.2,38.65
13,69,2016-05-28-11,Normal,-93.04,41.71
26,38,2016-05-28-11,Normal,-91.69,37.99
14,56,2016-05-28-11,Normal,-94.46,37.16
29,68,2016-05-28-11,Normal,-92.25,34.75
20,33,2016-05-28-11,Normal,-93.58,41.62
11,39,2016-05-28-11,Normal,-93.36,41.69
26,38,2016-05-28-11,Normal,-91.99,37.94
29,68,2016-05-28-11,Normal,-92.25,34.75
26,38,2016-05-28-11,Normal,-92.08,37.81
16,71,2016-05-28-11,Normal,-91.32,41.71
32,21,2016-05-28-11,Normal,-90.07,35.1
10,43,2016-05-28-11,Normal,-91.69,37.99
14,56,2016-05-28-11,Normal,-94.58,37.03
16,71,2016-05-28-11,Normal,-91.47,41.74
11,39,2016-05-28-11,Normal,-93.04,41.71
12,22,2016-05-28-11,Normal,-94.58,37.03
24,89,2016-05-28-11,Normal,-89.52,40.7
31,86,2016-05-28-11,Normal,-94.58,37.03
13,69,2016-05-28-11,Normal,-93.58,41.62
16,71,2016-05-28-11,Normal,-91.78,42.23
28,90,2016-05-28-11,Normal,-92.42,39.76
20,33,2016-05-28-11,Normal,-90.94,35.03
17,27,2016-05-28-11,Normal,-90.55,38.81
19,65,2016-05-28-11,Normal,-92.25,34.92
31,86,2016-05-28-11,Normal,-94.46,37.16
14,56,2016-05-28-11,Normal,-94.31,37.31
18,11,2016-05-28-11,Normal,-92.74,39.76
31,86,2016-05-28-11,Normal,-94.31,37.31
22,29,2016-05-28-11,Normal,-91.63,41.72
26,38,2016-05-28-11,Normal,-92.61,37.7
28,90,2016-05-28-11,Normal,-92.74,39.76
12,22,2016-05-28-11,Normal,-93.04,41.71
17,27,2016-05-28-11,Normal,-90.79,38.83
30,58,2016-05-28-11,Normal,-89.17,40.38
11,39,2016-05-28-11,Normal,-91.94,41.71
25,106,2016-05-28-11,Normal,-91.59,41.7
31,86,2016-05-28-11,Normal,-94.3,37.66
29,68,2016-05-28-11,Normal,-93.36,35.4
30,58,2016-05-28-11,Normal,-88.77,40.76
28,90,2016-05-28-11,Normal,-92.94,39.77
26,38,2016-05-28-11,Normal,-93.69,37.16
25,106,2016-05-28-11,Normal,-89.88,41.77
16,71,2016-05-28-11,Normal,-90.29,40.96
27,60,2016-05-28-11,Normal,-92.03,38.97
28,90,2016-05-28-11,Normal,-94.15,39.77
10,43,2016-05-28-11,Normal,-93.69,37.16
26,38,2016-05-28-11,Normal,-93.96,37.08
32,21,2016-05-28-11,Normal,-90.15,38.62
20,33,2016-05-28-11,Normal,-91.93,34.81
21,54,2016-05-28-11,Normal,-89.17,40.38
31,86,2016-05-28-11,Normal,-94.38,38.99
14,56,2016-05-28-11,Normal,-94.38,38.67
16,71,2016-05-28-11,Normal,-89.52,40.7
27,60,2016-05-28-11,Normal,-92.38,38.98
18,11,2016-05-28-11,Normal,-94.28,39.53
28,90,2016-05-28-11,Normal,-94.24,39.63
23,44,2016-05-28-11,Normal,-90.68,35.12
31,86,2016-05-28-11,Normal,-94.38,38.67
20,33,2016-05-28-11,Normal,-91.38,34.83
17,27,2016-05-28-11,Normal,-92.38,38.98
15,92,2016-05-28-11,Normal,-94.38,38.67
21,54,2016-05-28-11,Normal,-89.74,39.1
10,43,2016-05-28-11,Normal,-94.54,37.02
17,27,2016-05-28-11,Normal,-92.53,38.98
16,71,2016-05-28-11,Normal,-89.91,40.86
30,58,2016-05-28-11,Normal,-89.63,39.84
22,29,2016-05-28-11,Normal,-90.29,40.96
26,38,2016-05-28-11,Normal,-95.01,36.73
10,43,2016-05-28-11,Normal,-94.83,36.84
16,71,2016-05-28-11,Normal,-90.29,40.96
27,60,2016-05-28-11,Normal,-92.85,38.93
25,106,2016-05-28-11,Normal,-88.41,42.11
27,60,2016-05-28-11,Normal,-93.01,38.97
12,22,2016-05-28-11,Normal,-89.03,41.92
31,86,2016-05-28-11,Normal,-94.37,38.0
17,27,2016-05-28-11,Normal,-93.01,38.97
12,22,2016-05-28-11,Normal,-89.29,41.85
22,29,2016-05-28-11,Normal,-91.05,41.72
29,68,2016-05-28-11,Normal,-96.44,36.23
20,33,2016-05-28-11,Normal,-90.04,35.19
24,89,2016-05-28-11,Normal,-90.44,41.54
26,38,2016-05-28-11,Normal,-95.14,36.66
31,86,2016-05-28-11,Normal,-94.3,37.66
21,54,2016-05-28-11,Normal,-89.74,39.1
14,56,2016-05-28-11,Normal,-94.46,37.16
25,106,2016-05-28-11,Normal,-88.02,42.04
28,90,2016-05-28-11,Normal,-94.57,39.15
23,44,2016-05-28-11,Normal,-91.93,34.81
13,69,2016-05-28-11,Normal,-89.54,36.84
23,44,2016-05-28-11,Normal,-91.93,34.81
17,27,2016-05-28-11,Normal,-94.16,39.04
32,21,2016-05-28-11,Normal,-88.42,41.11
15,92,2016-05-28-11,Normal,-94.46,37.16
10,43,2016-05-28-11,Normal,-95.76,36.18
22,29,2016-05-28-11,Normal,-91.63,41.72
12,22,2016-05-28-11,Normal,-88.41,42.11
18,11,2016-05-28-11,Normal,-93.6,39.77
23,44,2016-05-28-11,Normal,-91.74,34.89
28,90,2016-05-28-11,Normal,-93.93,39.76
22,29,2016-05-28-11,Normal,-91.47,41.74
26,38,2016-05-28-11,Normal,-95.5,36.37
25,106,2016-05-28-11,Normal,-89.29,41.85
11,39,2016-05-28-11,Normal,-89.29,41.85
19,65,2016-05-28-11,Normal,-97.34,36.63
31,86,2016-05-28-11,Normal,-94.38,38.67
22,29,2016-05-28-11,Normal,-91.05,41.72
32,21,2016-05-28-11,Normal,-89.17,40.38
30,58,2016-05-28-11,Normal,-87.67,41.87
26,38,2016-05-28-11,Normal,-95.35,36.47
32,21,2016-05-28-11,Normal,-89.63,39.84
21,54,2016-05-28-11,Normal,-88.77,40.76
21,54,2016-05-28-11,Normal,-90.2,38.65
30,58,2016-05-28-11,Normal,-89.74,39.1
22,29,2016-05-28-11,Normal,-89.52,40.7
14,56,2016-05-28-11,Normal,-94.37,38.0
25,106,2016-05-28-11,Normal,-91.59,41.7
10,43,2016-05-28-11,Normal,-94.23,37.09
27,60,2016-05-28-11,Normal,-93.45,38.99
16,71,2016-05-28-11,Normal,-89.52,40.7
13,69,2016-05-28-11,Normal,-89.8,35.94
28,90,2016-05-28-11,Normal,-92.27,39.76
11,39,2016-05-28-11,Normal,-91.59,41.7
27,60,2016-05-28-11,Normal,-93.2,38.98
19,65,2016-05-28-11,Normal,-97.32,37.27
20,33,2016-05-28-11,Normal,-91.14,34.96
17,27,2016-05-28-11,Normal,-93.2,38.98
30,58,2016-05-28-11,Normal,-90.2,38.65
13,69,2016-05-28-11,Normal,-90.07,35.68
21,54,2016-05-28-11,Normal,-89.17,40.38
10,43,2016-05-28-11,Normal,-93.34,37.21
23,44,2016-05-28-11,Normal,-90.94,35.03
19,65,2016-05-28-11,Normal,-97.32,37.15
29,68,2016-05-28-11,Normal,-97.37,36.79
20,33,2016-05-28-11,Normal,-90.94,35.03
12,22,2016-05-28-11,Normal,-91.59,41.7
18,11,2016-05-28-11,Normal,-91.2,39.75
14,56,2016-05-28-11,Normal,-94.58,37.03
22,29,2016-05-28-11,Normal,-90.44,41.54
15,92,2016-05-28-11,Normal,-94.38,38.67
31,86,2016-05-28-11,Normal,-94.46,37.16
22,29,2016-05-28-11,Normal,-90.7,41.62
12,22,2016-05-28-11,Normal,-91.94,41.71
15,92,2016-05-28-11,Normal,-94.35,38.33
17,27,2016-05-28-11,Normal,-92.53,38.98
26,38,2016-05-28-11,Normal,-92.74,37.6
18,11,2016-05-28-11,Normal,-90.97,39.72
28,90,2016-05-28-11,Normal,-91.36,39.76
31,86,2016-05-28-11,Normal,-94.58,37.03
13,69,2016-05-28-11,Normal,-90.24,35.35
14,56,2016-05-28-11,Normal,-94.46,37.16
18,11,2016-05-28-11,Normal,-90.79,39.69
26,38,2016-05-28-11,Normal,-92.61,37.7
28,90,2016-05-28-11,Normal,-90.97,39.72
12,22,2016-05-28-11,Normal,-92.74,41.75
31,86,2016-05-28-11,Normal,-94.58,37.03
24,89,2016-05-28-11,Normal,-90.44,41.54
15,92,2016-05-28-11,Normal,-94.3,37.66
30,58,2016-05-28-11,Normal,-88.07,41.48
26,38,2016-05-28-11,Normal,-92.48,37.8
17,27,2016-05-28-11,Normal,-92.22,38.96
10,79,2016-05-28-11,Normal,-92.61,37.7
16,77,2016-05-28-11,Normal,-94.37,38.0
24,89,2016-05-28-11,Normal,-90.2,38.65
25,106,2016-05-28-11,Normal,-90.15,38.62
28,90,2016-05-28-11,Normal,-89.66,39.78
11,39,2016-05-28-11,Normal,-89.74,39.1
27,60,2016-05-28-11,Normal,-90.41,38.75
21,54,2016-05-28-11,Normal,-94.31,37.31
32,21,2016-05-28-11,Normal,-90.68,35.12
26,38,2016-05-28-11,Normal,-90.53,38.51
28,90,2016-05-28-11,Normal,-89.96,39.74
16,71,2016-05-28-11,Normal,-90.44,41.54
13,69,2016-05-28-11,Normal,-92.74,41.75
16,77,2016-05-28-11,Normal,-94.3,37.66
32,66,2016-05-28-11,Normal,-94.38,38.67
19,65,2016-05-28-11,Normal,-97.36,37.69
22,29,2016-05-28-11,Normal,-90.04,35.19
18,11,2016-05-28-11,Normal,-89.78,39.77
13,69,2016-05-28-11,Normal,-93.36,41.69
19,65,2016-05-28-11,Normal,-97.32,37.48
25,106,2016-05-28-11,Normal,-90.35,38.43
24,89,2016-05-28-11,Normal,-89.63,39.84
16,71,2016-05-28-11,Normal,-90.29,40.96
25,106,2016-05-28-11,Normal,-90.24,38.0
32,21,2016-05-28-11,Normal,-90.94,35.03
15,92,2016-05-28-11,Normal,-91.14,34.96
17,27,2016-05-28-11,Normal,-90.79,38.83
17,27,2016-05-28-11,Normal,-90.67,38.82
18,11,2016-05-28-11,Normal,-90.24,39.72
12,22,2016-05-28-11,Normal,-89.71,37.47
30,58,2016-05-28-11,Normal,-92.4,41.78
10,43,2016-05-28-11,Normal,-91.07,38.31
24,89,2016-05-28-11,Normal,-88.42,41.11
21,54,2016-05-28-11,Normal,-94.35,38.33
29,68,2016-05-28-11,Normal,-97.34,36.63
14,56,2016-05-28-11,Normal,-94.38,38.67
28,90,2016-05-28-11,Normal,-90.37,39.71
15,92,2016-05-28-11,Normal,-91.93,34.81
26,38,2016-05-28-11,Normal,-91.3,38.14
31,86,2016-05-28-11,Normal,-94.37,38.0
27,60,2016-05-28-11,Normal,-90.79,38.83
25,106,2016-05-28-11,Normal,-89.56,37.2
28,90,2016-05-28-11,Normal,-90.24,39.72
27,60,2016-05-28-11,Normal,-90.93,38.82
25,106,2016-05-28-11,Normal,-89.54,36.84
26,38,2016-05-28-11,Normal,-91.18,38.22
11,39,2016-05-28-11,Normal,-87.67,41.87
22,29,2016-05-28-11,Normal,-91.93,34.81
20,33,2016-05-28-11,Normal,-91.24,41.67
28,90,2016-05-28-11,Normal,-90.52,39.71
25,106,2016-05-28-11,Normal,-89.8,35.94
24,89,2016-05-28-11,Normal,-87.67,41.87
22,29,2016-05-28-11,Normal,-92.09,34.8
13,69,2016-05-28-11,Normal,-91.24,41.67
32,21,2016-05-28-11,Normal,-92.31,34.78
26,38,2016-05-28-11,Normal,-91.44,38.09
28,90,2016-05-28-11,Normal,-90.63,39.7
24,89,2016-05-28-11,Normal,-88.07,41.48
29,68,2016-05-28-11,Normal,-96.97,36.24
22,29,2016-05-28-11,Normal,-92.31,34.78
32,21,2016-05-28-11,Normal,-92.31,34.78
23,44,2016-05-28-11,Normal,-91.78,42.23
19,65,2016-05-28-11,Normal,-96.68,36.2
17,27,2016-05-28-11,Normal,-91.74,38.94
26,38,2016-05-28-11,Normal,-91.69,37.99
18,11,2016-05-28-11,Normal,-91.2,39.75
24,89,2016-05-28-11,Normal,-88.42,41.11
12,22,2016-05-28-11,Normal,-90.07,35.1
27,60,2016-05-28-11,Normal,-91.74,38.94
14,56,2016-05-28-11,Normal,-94.38,38.67
31,86,2016-05-28-11,Normal,-94.38,38.67
22,29,2016-05-28-11,Normal,-92.09,34.8
32,21,2016-05-28-11,Normal,-91.93,34.81
14,56,2016-05-28-11,Normal,-94.35,38.33
10,43,2016-05-28-11,Normal,-92.08,37.81
24,89,2016-05-28-11,Normal,-89.17,40.38
22,29,2016-05-28-11,Normal,-91.93,34.81
18,11,2016-05-28-11,Normal,-91.59,39.68
16,71,2016-05-28-11,Normal,-91.32,41.71
28,90,2016-05-28-11,Normal,-91.59,39.68
21,54,2016-05-28-11,Normal,-94.3,37.66
20,33,2016-05-28-11,Normal,-89.03,41.92
18,11,2016-05-28-11,Normal,-92.07,39.71
30,58,2016-05-28-11,Normal,-89.03,41.92
31,86,2016-05-28-11,Normal,-94.31,37.31
15,92,2016-05-28-11,Normal,-91.14,34.96
26,38,2016-05-28-11,Normal,-92.08,37.81
19,65,2016-05-28-11,Normal,-95.99,36.17
30,58,2016-05-28-11,Normal,-89.6,41.76
20,33,2016-05-28-11,Normal,-89.29,41.85
23,44,2016-05-28-11,Normal,-91.05,41.72
17,27,2016-05-28-11,Normal,-92.53,38.98
31,86,2016-05-28-11,Normal,-94.3,37.66
32,21,2016-05-28-11,Normal,-91.14,34.96
22,29,2016-05-28-11,Normal,-91.14,34.96
20,33,2016-05-28-11,Normal,-88.96,42.25
23,44,2016-05-28-11,Normal,-90.44,41.54
16,71,2016-05-28-11,Normal,-90.44,41.54
12,22,2016-05-28-11,Normal,-89.65,36.37
22,29,2016-05-28-11,Normal,-90.94,35.03
18,11,2016-05-28-11,Normal,-92.42,39.76
29,68,2016-05-28-11,Normal,-95.3,35.64
28,90,2016-05-28-11,Normal,-92.27,39.76
21,54,2016-05-28-11,Normal,-94.58,37.03
22,29,2016-05-28-11,Normal,-90.68,35.12
27,60,2016-05-28-11,Normal,-92.85,38.93
14,56,2016-05-28-11,Normal,-94.58,37.03
12,22,2016-05-28-11,Normal,-89.56,37.2
25,106,2016-05-28-11,Normal,-89.56,37.2
29,68,2016-05-28-11,Normal,-94.88,35.47
21,54,2016-05-28-11,Normal,-94.46,37.16
14,56,2016-05-28-11,Normal,-94.31,37.31
30,58,2016-05-28-11,Normal,-87.66,41.89
32,21,2016-05-28-11,Normal,-90.37,35.21
29,68,2016-05-28-11,Normal,-95.15,35.51
22,29,2016-05-28-11,Normal,-90.37,35.21
13,69,2016-05-28-11,Normal,-88.41,42.11
10,43,2016-05-28-11,Normal,-93.14,37.26
31,86,2016-05-28-11,Normal,-94.46,37.16
32,21,2016-05-28-11,Normal,-90.04,35.19
21,54,2016-05-28-11,Normal,-94.31,37.31
26,38,2016-05-28-11,Normal,-93.34,37.21
12,22,2016-05-28-11,Normal,-90.0,37.72
15,92,2016-05-28-11,Normal,-90.04,35.19
16,71,2016-05-28-11,Normal,-89.91,40.86
28,90,2016-05-28-11,Normal,-92.94,39.77
17,27,2016-05-28-11,Normal,-93.85,39.01
31,86,2016-05-28-11,Normal,-94.3,37.66
30,58,2016-05-28-11,Normal,-88.02,42.04
24,89,2016-05-28-11,Normal,-88.42,41.11
22,29,2016-05-28-11,Normal,-90.68,35.12
25,106,2016-05-28-11,Normal,-90.35,38.43
11,39,2016-05-28-11,Normal,-87.67,41.87
17,27,2016-05-28-11,Normal,-94.16,39.04
20,33,2016-05-28-11,Normal,-88.64,42.21
19,65,2016-05-28-11,Normal,-93.36,35.4
30,58,2016-05-28-11,Normal,-88.64,42.21
13,69,2016-05-28-11,Normal,-87.66,41.89
17,27,2016-05-28-11,Normal,-94.0,39.03
13,69,2016-05-28-11,Normal,-88.02,42.04
15,92,2016-05-28-11,Normal,-90.68,35.12
26,38,2016-05-28-11,Normal,-94.23,37.09
13,69,2016-05-28-11,Normal,-88.41,42.11
28,90,2016-05-28-11,Normal,-93.6,39.77
25,106,2016-05-28-11,Normal,-90.15,38.62
27,60,2016-05-28-11,Normal,-94.16,39.04
15,92,2016-05-28-11,Normal,-91.14,34.96
10,43,2016-05-28-11,Normal,-94.83,36.84
21,54,2016-05-28-11,Normal,-94.38,38.99
22,29,2016-05-28-11,Normal,-91.38,34.83
23,44,2016-05-28-11,Normal,-91.05,41.72
12,22,2016-05-28-11,Normal,-90.35,38.43
14,56,2016-05-28-11,Normal,-94.59,39.1
10,43,2016-05-28-11,Normal,-95.01,36.73
32,21,2016-05-28-11,Normal,-91.74,34.89
28,90,2016-05-28-11,Normal,-94.25,39.73
29,68,2016-05-28-11,Normal,-92.53,35.15
16,71,2016-05-28-11,Normal,-91.47,41.74
26,38,2016-05-28-11,Normal,-95.14,36.66
29,68,2016-05-28-11,Normal,-92.87,35.25
30,58,2016-05-28-11,Normal,-89.03,41.92
32,21,2016-05-28-11,Normal,-92.09,34.8
15,92,2016-05-28-11,Normal,-92.09,34.8
28,90,2016-05-28-11,Normal,-94.28,39.53
21,54,2016-05-28-11,Normal,-94.38,38.67
11,39,2016-05-28-11,Normal,-88.77,40.76
21,54,2016-05-28-11,Normal,-94.59,39.1
24,89,2016-05-28-11,Normal,-88.77,40.76
14,56,2016-05-28-11,Normal,-94.38,38.99
21,54,2016-05-28-11,Normal,-94.38,38.99
25,106,2016-05-28-11,Normal,-89.71,37.47
23,44,2016-05-28-11,Normal,-91.78,42.23
16,71,2016-05-28-11,Normal,-91.78,42.23
30,58,2016-05-28-11,Normal,-89.88,41.77
28,90,2016-05-28-11,Normal,-94.36,39.37
14,56,2016-05-28-11,Normal,-94.35,38.33
26,38,2016-05-28-11,Normal,-95.69,36.25
22,29,2016-05-28-11,Normal,-92.31,34.78
13,69,2016-05-28-11,Normal,-90.2,41.59
28,90,2016-05-28-11,Normal,-94.42,39.27
10,43,2016-05-28-11,Normal,-95.76,36.18
13,69,2016-05-28-11,Normal,-90.64,41.56
31,86,2016-05-28-11,Normal,-94.37,38.0
21,54,2016-05-28-11,Normal,-94.3,37.66
32,21,2016-05-28-11,Normal,-91.93,34.81
10,43,2016-05-28-11,Normal,-95.99,36.17
25,106,2016-05-28-11,Normal,-89.54,36.84
21,54,2016-05-28-11,Normal,-94.31,37.31
24,89,2016-05-28-11,Normal,-89.74,39.1
19,65,2016-05-28-11,Normal,-92.25,34.92
12,22,2016-05-28-11,Normal,-89.65,36.37
25,106,2016-05-28-11,Normal,-89.65,36.37
28,90,2016-05-28-11,Normal,-94.57,39.15
17,27,2016-05-28-11,Normal,-93.45,38.99
11,39,2016-05-28-11,Normal,-89.74,39.1
13,69,2016-05-28-11,Normal,-91.24,41.67
31,86,2016-05-28-11,Normal,-94.31,37.31
25,106,2016-05-28-11,Normal,-90.07,35.68
18,11,2016-05-28-11,Normal,-94.36,39.37
23,44,2016-05-28-11,Normal,-91.05,41.72
21,54,2016-05-28-11,Normal,-94.46,37.16
27,60,2016-05-28-11,Normal,-93.2,38.98
10,43,2016-05-28-11,Normal,-95.69,36.25
29,68,2016-05-28-11,Normal,-93.36,35.4
26,38,2016-05-28-11,Normal,-95.69,36.25
13,69,2016-05-28-11,Normal,-91.94,41.71
17,27,2016-05-28-11,Normal,-92.63,38.95
25,106,2016-05-28-11,Normal,-90.07,35.1
11,39,2016-05-28-11,Normal,-88.42,41.11
27,60,2016-05-28-11,Normal,-92.63,38.95
12,22,2016-05-28-11,Normal,-90.24,35.35
14,56,2016-05-28-11,Normal,-94.31,37.31
26,38,2016-05-28-11,Normal,-95.76,36.18
31,86,2016-05-28-11,Normal,-94.46,37.16
32,21,2016-05-28-11,Normal,-91.14,34.96
11,39,2016-05-28-11,Normal,-88.77,40.76
29,68,2016-05-28-11,Normal,-93.61,35.51
23,44,2016-05-28-11,Normal,-90.44,41.54
22,29,2016-05-28-11,Normal,-90.94,35.03
28,90,2016-05-28-11,Normal,-94.24,39.63
13,69,2016-05-28-11,Normal,-92.4,41.78
16,71,2016-05-28-11,Normal,-90.29,40.96
21,54,2016-05-28-11,Normal,-94.31,37.31
17,27,2016-05-28-11,Normal,-92.38,38.98
23,44,2016-05-28-11,Normal,-89.91,40.86
10,43,2016-05-28-11,Normal,-95.01,36.73
12,22,2016-05-28-11,Normal,-90.07,35.68
31,86,2016-05-28-11,Normal,-94.31,37.31
12,22,2016-05-28-11,Normal,-89.8,35.94
10,43,2016-05-28-11,Normal,-94.83,36.84
19,65,2016-05-28-11,Normal,-94.57,35.37
20,33,2016-05-28-11,Normal,-93.36,41.69
30,58,2016-05-28-11,Normal,-93.36,41.69
22,29,2016-05-28-11,Normal,-90.04,35.19
32,21,2016-05-28-11,Normal,-90.04,35.19
19,65,2016-05-28-11,Normal,-95.15,35.51
31,86,2016-05-28-11,Normal,-94.3,37.66
15,92,2016-05-28-11,Normal,-90.37,35.21
23,44,2016-05-28-11,Normal,-89.52,40.7
26,38,2016-05-28-11,Normal,-94.54,37.02
28,90,2016-05-28-11,Normal,-93.33,39.77
16,71,2016-05-28-11,Normal,-89.52,40.7
28,90,2016-05-28-11,Normal,-93.6,39.77
13,69,2016-05-28-11,Normal,-93.58,41.62
16,71,2016-05-28-11,Normal,-89.91,40.86
11,39,2016-05-28-11,Normal,-88.42,41.11
10,43,2016-05-28-11,Normal,-93.96,37.08
26,38,2016-05-28-11,Normal,-94.23,37.09
27,60,2016-05-28-11,Normal,-91.74,38.94
32,21,2016-05-28-11,Normal,-90.68,35.12
30,58,2016-05-28-11,Normal,-93.36,41.69
16,71,2016-05-28-11,Normal,-90.29,40.96
27,60,2016-05-28-11,Normal,-91.56,38.93
29,68,2016-05-28-11,Normal,-95.56,35.97
30,58,2016-05-28-11,Normal,-93.04,41.71
32,21,2016-05-28-11,Normal,-90.94,35.03
19,65,2016-05-28-11,Normal,-95.56,35.97
10,43,2016-05-28-11,Normal,-93.34,37.21
32,21,2016-05-28-11,Normal,-91.14,34.96
27,60,2016-05-28-11,Normal,-91.33,38.87
23,44,2016-05-28-11,Normal,-90.7,41.62
12,22,2016-05-28-11,Normal,-90.0,37.72
15,92,2016-05-28-11,Normal,-91.38,34.83
25,106,2016-05-28-11,Normal,-90.24,38.0
21,54,2016-05-28-11,Normal,-94.38,38.99
20,33,2016-05-28-11,Normal,-92.19,41.74
27,60,2016-05-28-11,Normal,-91.19,38.83
24,89,2016-05-28-11,Normal,-89.63,39.84
29,68,2016-05-28-11,Normal,-95.99,36.17
30,58,2016-05-28-11,Normal,-92.4,41.78
17,27,2016-05-28-11,Normal,-91.19,38.83
32,21,2016-05-28-11,Normal,-90.04,35.19
29,68,2016-05-28-11,Normal,-97.32,37.48
24,89,2016-05-28-11,Normal,-89.17,40.38
28,90,2016-05-28-11,Normal,-90.14,39.76
20,33,2016-05-28-11,Normal,-87.66,41.89
26,38,2016-05-28-11,Normal,-93.14,37.26
19,65,2016-05-28-11,Normal,-97.36,37.69
22,29,2016-05-28-11,Normal,-90.37,35.21
15,92,2016-05-28-11,Normal,-90.04,35.19
29,68,2016-05-28-11,Normal,-97.32,37.15
23,44,2016-05-28-11,Normal,-90.29,40.96
26,38,2016-05-28-11,Normal,-91.07,38.31
16,71,2016-05-28-11,Normal,-90.29,40.96
29,68,2016-05-28-11,Normal,-97.37,36.91
27,60,2016-05-28-11,Normal,-92.03,38.97
30,58,2016-05-28-11,Normal,-88.02,42.04
25,106,2016-05-28-11,Normal,-90.07,35.1
13,69,2016-05-28-11,Normal,-88.02,42.04
24,89,2016-05-28-11,Normal,-89.63,39.84
21,54,2016-05-28-11,Normal,-94.59,39.1
13,69,2016-05-28-11,Normal,-87.66,41.89
31,86,2016-05-28-11,Normal,-94.38,38.99
30,58,2016-05-28-11,Normal,-87.66,41.89
12,22,2016-05-28-11,Normal,-89.8,35.94
23,44,2016-05-28-11,Normal,-90.44,41.54
28,90,2016-05-28-11,Normal,-89.66,39.78
18,11,2016-05-28-11,Normal,-89.78,39.77
20,33,2016-05-28-11,Normal,-88.64,42.21
13,69,2016-05-28-11,Normal,-88.02,42.04
19,65,2016-05-28-11,Normal,-97.37,36.79
25,106,2016-05-28-11,Normal,-89.65,36.37
29,68,2016-05-28-11,Normal,-97.34,36.63
13,69,2016-05-28-11,Normal,-88.41,42.11
12,22,2016-05-28-11,Normal,-89.54,36.84
23,44,2016-05-28-11,Normal,-91.05,41.72
31,86,2016-05-28-11,Normal,-94.38,38.99
16,71,2016-05-28-11,Normal,-91.05,41.72
15,92,2016-05-28-11,Normal,-91.74,34.89
13,69,2016-05-28-11,Normal,-88.64,42.21
14,56,2016-05-28-11,Normal,-94.35,38.33
21,54,2016-05-28-11,Normal,-94.35,38.33
24,89,2016-05-28-11,Normal,-89.17,40.38
12,22,2016-05-28-11,Normal,-89.71,37.47
11,39,2016-05-28-11,Normal,-88.77,40.76
28,90,2016-05-28-11,Normal,-89.96,39.74
30,58,2016-05-28-11,Normal,-88.96,42.25
15,92,2016-05-28-11,Normal,-92.09,34.8
22,29,2016-05-28-11,Normal,-92.09,34.8
13,69,2016-05-28-11,Normal,-88.96,42.25
26,38,2016-05-28-11,Normal,-90.34,38.58
21,54,2016-05-28-11,Normal,-94.3,37.66
13,69,2016-05-28-11,Normal,-89.03,41.92
16,71,2016-05-28-11,Normal,-91.63,41.72
30,58,2016-05-28-11,Normal,-89.29,41.85
22,29,2016-05-28-11,Normal,-92.31,34.78
12,22,2016-05-28-11,Normal,-90.24,38.0
31,86,2016-05-28-11,Normal,-94.3,37.66
21,54,2016-05-28-11,Normal,-94.31,37.31
16,71,2016-05-28-11,Normal,-91.78,42.23
32,21,2016-05-28-11,Normal,-92.31,34.78
12,22,2016-05-28-11,Normal,-90.35,38.43
16,71,2016-05-28-11,Normal,-91.78,42.23
26,38,2016-05-28-11,Normal,-90.86,38.46
11,39,2016-05-28-11,Normal,-87.67,41.87
28,90,2016-05-28-11,Normal,-90.52,39.71
22,29,2016-05-28-11,Normal,-91.93,34.81
17,27,2016-05-28-11,Normal,-93.2,38.98
20,33,2016-05-28-11,Normal,-90.2,41.59
15,92,2016-05-28-11,Normal,-91.93,34.81
29,68,2016-05-28-11,Normal,-96.21,36.19
30,58,2016-05-28-11,Normal,-89.88,41.77
12,22,2016-05-28-11,Normal,-90.15,38.62
26,38,2016-05-28-11,Normal,-91.07,38.31
14,56,2016-05-28-11,Normal,-94.58,37.03
20,33,2016-05-28-11,Normal,-90.82,41.66
14,56,2016-05-28-11,Normal,-94.35,38.33
23,44,2016-05-28-11,Normal,-90.29,40.96
12,22,2016-05-28-11,Normal,-89.56,37.2
19,65,2016-05-28-11,Normal,-95.15,35.51
14,56,2016-05-28-11,Normal,-94.38,38.67
28,90,2016-05-28-11,Normal,-91.59,39.68
30,58,2016-05-28-11,Normal,-92.19,41.74
18,11,2016-05-28-11,Normal,-92.07,39.71
16,71,2016-05-28-11,Normal,-89.91,40.86
28,90,2016-05-28-11,Normal,-91.8,39.67
17,27,2016-05-28-11,Normal,-94.44,39.1
31,86,2016-05-28-11,Normal,-94.35,38.33
18,11,2016-05-28-11,Normal,-92.27,39.76
12,22,2016-05-28-11,Normal,-89.65,36.37
10,43,2016-05-28-11,Normal,-92.48,37.8
14,56,2016-05-28-11,Normal,-94.59,39.1
12,22,2016-05-28-11,Normal,-89.8,35.94
28,90,2016-05-28-11,Normal,-92.27,39.76
19,65,2016-05-28-11,Normal,-94.57,35.37
15,92,2016-05-28-11,Normal,-90.37,35.21
24,89,2016-05-28-11,Normal,-90.2,38.65
22,29,2016-05-28-11,Normal,-90.04,35.19
18,11,2016-05-28-11,Normal,-92.57,39.77
30,58,2016-05-28-11,Normal,-93.04,41.71
11,39,2016-05-28-11,Normal,-90.2,38.65
16,71,2016-05-28-11,Normal,-91.32,41.71
31,86,2016-05-28-11,Normal,-94.38,38.99
23,44,2016-05-28-11,Normal,-91.47,41.74
25,106,2016-05-28-11,Normal,-90.15,38.62
19,65,2016-05-28-11,Normal,-96.44,36.23
23,44,2016-05-28-11,Normal,-91.63,41.72
25,106,2016-05-28-11,Normal,-90.15,38.62
21,54,2016-05-28-11,Normal,-94.37,38.0
11,39,2016-05-28-11,Normal,-90.2,38.65
30,58,2016-05-28-11,Normal,-91.94,41.71
22,29,2016-05-28-11,Normal,-92.09,34.8
26,38,2016-05-28-11,Normal,-92.74,37.6
12,22,2016-05-28-11,Normal,-90.35,38.43
20,33,2016-05-28-11,Normal,-90.82,41.66
31,86,2016-05-28-11,Normal,-94.37,38.0
19,65,2016-05-28-11,Normal,-97.14,36.41
16,71,2016-05-28-11,Normal,-91.78,42.23
28,90,2016-05-28-11,Normal,-92.07,39.71
27,60,2016-05-28-11,Normal,-90.67,38.82
28,90,2016-05-28-11,Normal,-91.8,39.67
13,69,2016-05-28-11,Normal,-91.59,41.7
10,43,2016-05-28-11,Normal,-92.48,37.8
17,27,2016-05-28-11,Normal,-90.41,38.75
12,22,2016-05-28-11,Normal,-90.24,38.0
22,29,2016-05-28-11,Normal,-90.37,35.21
12,22,2016-05-28-11,Normal,-90.07,35.68
19,65,2016-05-28-11,Normal,-93.92,35.53
31,86,2016-05-28-11,Normal,-94.59,39.1
24,89,2016-05-28-11,Normal,-94.31,37.31
18,11,2016-05-28-11,Normal,-92.94,39.77
26,38,2016-05-28-11,Normal,-92.61,37.7
19,65,2016-05-28-11,Normal,-93.61,35.51
27,60,2016-05-28-11,Normal,-93.85,39.01
16,71,2016-05-28-11,Normal,-90.29,40.96
27,60,2016-05-28-11,Normal,-93.65,39.0
16,71,2016-05-28-11,Normal,-90.44,41.54
19,65,2016-05-28-11,Normal,-93.36,35.4
23,44,2016-05-28-11,Normal,-90.7,41.62
25,106,2016-05-28-11,Normal,-90.07,35.1
32,21,2016-05-28-11,Normal,-91.38,34.83
20,33,2016-05-28-11,Normal,-92.74,41.75
17,27,2016-05-28-11,Normal,-93.65,39.0
25,106,2016-05-28-11,Normal,-90.24,35.35
28,90,2016-05-28-11,Normal,-92.74,39.76
17,27,2016-05-28-11,Normal,-93.45,38.99
14,56,2016-05-28-11,Normal,-94.35,38.33
13,69,2016-05-28-11,Normal,-93.36,41.69
24,89,2016-05-28-11,Normal,-94.35,38.33
31,86,2016-05-28-11,Normal,-94.46,37.16
20,33,2016-05-28-11,Normal,-91.24,41.67
19,65,2016-05-28-11,Normal,-92.25,34.92
17,27,2016-05-28-11,Normal,-92.22,38.96
25,106,2016-05-28-11,Normal,-89.56,37.2
13,69,2016-05-28-11,Normal,-91.24,41.67
12,22,2016-05-28-11,Normal,-90.24,35.35
15,92,2016-05-28-11,Normal,-92.31,34.78
18,11,2016-05-28-11,Normal,-94.28,39.53
23,44,2016-05-28-11,Normal,-91.47,41.74
30,58,2016-05-28-11,Normal,-91.59,41.7
29,68,2016-05-28-11,Normal,-93.12,35.31
10,43,2016-05-28-11,Normal,-95.14,36.66
12,22,2016-05-28-11,Normal,-89.71,37.47
26,38,2016-05-28-11,Normal,-94.83,36.84
12,22,2016-05-28-11,Normal,-90.24,38.0
21,54,2016-05-28-11,Normal,-89.91,40.86
27,60,2016-05-28-11,Normal,-91.56,38.93
13,69,2016-05-28-11,Normal,-90.64,41.56
17,27,2016-05-28-11,Normal,-92.03,38.97
15,92,2016-05-28-11,Normal,-91.74,34.89
18,11,2016-05-28-11,Normal,-94.42,39.27
17,27,2016-05-28-11,Normal,-91.74,38.94
11,39,2016-05-28-11,Normal,-89.29,41.85
18,11,2016-05-28-11,Normal,-94.57,39.15
12,22,2016-05-28-11,Normal,-90.35,38.43
31,86,2016-05-28-11,Normal,-94.3,37.66
14,56,2016-05-28-11,Normal,-94.31,37.31
17,27,2016-05-28-11,Normal,-90.21,38.65
11,39,2016-05-28-11,Normal,-88.77,40.76
12,22,2016-05-28-11,Normal,-90.0,37.72
32,21,2016-05-28-11,Normal,-91.93,34.81
29,68,2016-05-28-11,Normal,-97.34,36.63
23,44,2016-05-28-11,Normal,-91.47,41.74
18,11,2016-05-28-11,Normal,-90.97,39.72
21,54,2016-05-28-11,Normal,-94.58,37.03
12,22,2016-05-28-11,Normal,-89.56,37.2
31,86,2016-05-28-11,Normal,-94.46,37.16
24,89,2016-05-28-11,Normal,-88.42,41.11
32,21,2016-05-28-11,Normal,-91.38,34.83
20,33,2016-05-28-11,Normal,-89.29,41.85
25,106,2016-05-28-11,Normal,-89.54,36.84
25,106,2016-05-28-11,Normal,-89.71,37.47
16,71,2016-05-28-11,Normal,-91.47,41.74
22,29,2016-05-28-11,Normal,-91.74,34.89
20,33,2016-05-28-11,Normal,-89.6,41.76
14,56,2016-05-28-11,Normal,-94.58,37.03
19,65,2016-05-28-11,Normal,-97.37,36.91
21,54,2016-05-28-11,Normal,-94.46,37.16
29,68,2016-05-28-11,Normal,-97.32,37.15
10,43,2016-05-28-11,Normal,-91.55,38.04
26,38,2016-05-28-11,Normal,-91.69,37.99
22,29,2016-05-28-11,Normal,-91.14,34.96
15,92,2016-05-28-11,Normal,-90.94,35.03
24,89,2016-05-28-11,Normal,-87.67,41.87
22,29,2016-05-28-11,Normal,-90.94,35.03
19,65,2016-05-28-11,Normal,-97.32,37.27
10,43,2016-05-28-11,Normal,-91.44,38.09
26,38,2016-05-28-11,Normal,-91.55,38.04
17,27,2016-05-28-11,Normal,-90.79,38.83
12,22,2016-05-28-11,Normal,-90.07,35.68
14,56,2016-05-28-11,Normal,-94.3,37.66
19,65,2016-05-28-11,Normal,-97.32,37.48
30,58,2016-05-28-11,Normal,-88.96,42.25
19,65,2016-05-28-11,Normal,-97.36,37.69
31,86,2016-05-28-11,Normal,-94.31,37.31
16,71,2016-05-28-11,Normal,-89.91,40.86
26,38,2016-05-28-11,Normal,-91.44,38.09
11,39,2016-05-28-11,Normal,-89.17,40.38
21,54,2016-05-28-11,Normal,-94.37,38.0
31,86,2016-05-28-11,Normal,-94.37,38.0
20,33,2016-05-28-11,Normal,-88.41,42.11
25,106,2016-05-28-11,Normal,-90.24,35.35
32,21,2016-05-28-11,Normal,-90.04,35.19
20,33,2016-05-28-11,Normal,-88.02,42.04
24,89,2016-05-28-11,Normal,-88.07,41.48
30,58,2016-05-28-11,Normal,-90.64,41.56
19,65,2016-05-28-11,Normal,-95.99,36.17
27,60,2016-05-28-11,Normal,-93.85,39.01
29,68,2016-05-28-11,Normal,-95.56,35.97
21,54,2016-05-28-11,Normal,-94.46,37.16
16,71,2016-05-28-11,Normal,-91.32,41.71
24,89,2016-05-28-11,Normal,-88.42,41.11
14,56,2016-05-28-11,Normal,-94.31,37.31
17,27,2016-05-28-11,Normal,-94.0,39.03
21,54,2016-05-28-11,Normal,-94.31,37.31
28,90,2016-05-28-11,Normal,-90.97,39.72
19,65,2016-05-28-11,Normal,-95.56,35.97
23,44,2016-05-28-11,Normal,-91.05,41.72
24,89,2016-05-28-11,Normal,-88.77,40.76
12,22,2016-05-28-11,Normal,-90.0,37.72
23,44,2016-05-28-11,Normal,-90.7,41.62
31,86,2016-05-28-11,Normal,-94.31,37.31
11,39,2016-05-28-11,Normal,-89.17,40.38
18,11,2016-05-28-11,Normal,-91.59,39.68
24,89,2016-05-28-11,Normal,-89.17,40.38
27,60,2016-05-28-11,Normal,-94.31,39.04
20,33,2016-05-28-11,Normal,-92.19,41.74
15,92,2016-05-28-11,Normal,-90.68,35.12
26,38,2016-05-28-11,Normal,-91.69,37.99
21,54,2016-05-28-11,Normal,-94.37,38.0
32,21,2016-05-28-11,Normal,-91.74,34.89
11,39,2016-05-28-11,Normal,-91.94,41.71
17,27,2016-05-28-11,Normal,-93.01,38.97
24,89,2016-05-28-11,Normal,-94.38,38.67
22,29,2016-05-28-11,Normal,-91.74,34.89
21,54,2016-05-28-11,Normal,-94.3,37.66
26,38,2016-05-28-11,Normal,-93.34,37.21
32,21,2016-05-28-11,Normal,-91.93,34.81
11,39,2016-05-28-11,Normal,-91.59,41.7
12,22,2016-05-28-11,Normal,-89.8,35.94
31,86,2016-05-28-11,Normal,-94.37,38.0
22,29,2016-05-28-11,Normal,-91.93,34.81
18,11,2016-05-28-11,Normal,-94.15,39.77
15,92,2016-05-28-11,Normal,-92.09,34.8
32,21,2016-05-28-11,Normal,-92.09,34.8
20,33,2016-05-28-11,Normal,-91.94,41.71
19,65,2016-05-28-11,Normal,-92.25,34.75
25,106,2016-05-28-11,Normal,-89.8,35.94
28,90,2016-05-28-11,Normal,-93.93,39.76
32,21,2016-05-28-11,Normal,-92.31,34.78
24,89,2016-05-28-11,Normal,-94.59,39.1
14,56,2016-05-28-11,Normal,-94.58,37.03
25,106,2016-05-28-11,Normal,-89.65,36.37
10,43,2016-05-28-11,Normal,-94.54,37.02
19,65,2016-05-28-11,Normal,-92.25,34.75
29,68,2016-05-28-11,Normal,-93.61,35.51
25,106,2016-05-28-11,Normal,-90.24,38.0
32,21,2016-05-28-11,Normal,-91.14,34.96
26,38,2016-05-28-11,Normal,-95.35,36.47
16,71,2016-05-28-11,Normal,-90.7,41.62
28,90,2016-05-28-11,Normal,-94.57,39.15
18,11,2016-05-28-11,Normal,-94.42,39.27
10,43,2016-05-28-11,Normal,-95.5,36.37
23,44,2016-05-28-11,Normal,-90.44,41.54
28,90,2016-05-28-11,Normal,-94.57,39.15
22,29,2016-05-28-11,Normal,-91.14,34.96
24,89,2016-05-28-11,Normal,-94.58,37.03
28,90,2016-05-28-11,Normal,-94.42,39.27
31,86,2016-05-28-11,Normal,-91.74,34.89
17,27,2016-05-28-11,Normal,-90.93,38.82
19,65,2016-05-28-11,Normal,-93.61,35.51
12,22,2016-05-28-11,Normal,-90.15,38.62
30,58,2016-05-28-11,Normal,-89.6,41.76
32,21,2016-05-28-11,Normal,-90.68,35.12
17,27,2016-05-28-11,Normal,-91.1,38.83
30,58,2016-05-28-11,Normal,-89.29,41.85
20,33,2016-05-28-11,Normal,-88.96,42.25
28,90,2016-05-28-11,Normal,-94.36,39.37
31,86,2016-05-28-11,Normal,-91.93,34.81
26,38,2016-05-28-11,Normal,-95.99,36.17
20,33,2016-05-28-11,Normal,-88.64,42.21
20,33,2016-05-28-11,Normal,-88.41,42.11
17,27,2016-05-28-11,Normal,-90.67,38.82
16,71,2016-05-28-11,Normal,-89.52,40.7
25,106,2016-05-28-11,Normal,-90.0,37.72
30,58,2016-05-28-11,Normal,-88.64,42.21
19,65,2016-05-28-11,Normal,-94.88,35.47
19,65,2016-05-28-11,Normal,-95.15,35.51
27,60,2016-05-28-11,Normal,-90.55,38.81
11,39,2016-05-28-11,Normal,-88.02,42.04
13,69,2016-05-28-11,Normal,-88.64,42.21
18,11,2016-05-28-11,Normal,-93.93,39.76
28,90,2016-05-28-11,Normal,-94.25,39.73
19,65,2016-05-28-11,Normal,-95.3,35.64
11,39,2016-05-28-11,Normal,-88.41,42.11
22,29,2016-05-28-11,Normal,-89.74,39.1
12,22,2016-05-28-11,Normal,-89.54,36.84
26,38,2016-05-28-11,Normal,-95.5,36.37
28,90,2016-05-28-11,Normal,-94.15,39.77
31,86,2016-05-28-11,Normal,-92.09,34.8
28,90,2016-05-28-11,Normal,-93.93,39.76
20,33,2016-05-28-11,Normal,-88.02,42.04
24,89,2016-05-28-11,Normal,-94.35,38.33
22,29,2016-05-28-11,Normal,-89.17,40.38
14,56,2016-05-28-11,Normal,-91.32,41.71
21,54,2016-05-28-11,Normal,-91.32,41.71
31,86,2016-05-28-11,Normal,-91.93,34.81
12,22,2016-05-28-11,Normal,-89.8,35.94
22,29,2016-05-28-11,Normal,-88.77,40.76
15,92,2016-05-28-11,Normal,-88.42,41.11
30,58,2016-05-28-11,Normal,-87.66,41.89
18,11,2016-05-28-11,Normal,-93.13,39.78
17,27,2016-05-28-11,Normal,-90.41,38.75
20,33,2016-05-28-11,Normal,-88.64,42.21
13,69,2016-05-28-11,Normal,-87.66,41.89
32,21,2016-05-28-11,Normal,-89.54,36.84
23,44,2016-05-28-11,Normal,-91.05,41.72
19,65,2016-05-28-11,Normal,-95.99,36.17
23,44,2016-05-28-11,Normal,-91.32,41.71
10,43,2016-05-28-11,Normal,-94.83,36.84
16,71,2016-05-28-11,Normal,-88.42,41.11
18,11,2016-05-28-11,Normal,-92.74,39.76
14,56,2016-05-28-11,Normal,-90.44,41.54
13,69,2016-05-28-11,Normal,-88.41,42.11
17,27,2016-05-28-11,Normal,-90.67,38.82
14,56,2016-05-28-11,Normal,-90.29,40.96
23,44,2016-05-28-11,Normal,-91.47,41.74
26,38,2016-05-28-11,Normal,-94.54,37.02
20,33,2016-05-28-11,Normal,-89.03,41.92
16,71,2016-05-28-11,Normal,-87.67,41.87
30,58,2016-05-28-11,Normal,-88.96,42.25
32,21,2016-05-28-11,Normal,-90.07,35.68
16,71,2016-05-28-11,Normal,-87.67,41.87
24,89,2016-05-28-11,Normal,-94.38,38.67
32,21,2016-05-28-11,Normal,-90.24,35.35
23,44,2016-05-28-11,Normal,-91.78,42.23
14,56,2016-05-28-11,Normal,-89.52,40.7
22,29,2016-05-28-11,Normal,-87.67,41.87
26,38,2016-05-28-11,Normal,-94.23,37.09
12,22,2016-05-28-11,Normal,-90.24,35.35
23,44,2016-05-28-11,Normal,-91.78,42.23
13,69,2016-05-28-11,Normal,-89.29,41.85
20,33,2016-05-28-11,Normal,-89.6,41.76
28,90,2016-05-28-11,Normal,-92.27,39.76
13,69,2016-05-28-11,Normal,-89.03,41.92
24,89,2016-05-28-11,Normal,-94.37,38.0
19,65,2016-05-28-11,Normal,-96.97,36.24
15,92,2016-05-28-11,Normal,-89.17,40.38
12,22,2016-05-28-11,Normal,-89.8,35.94
15,92,2016-05-28-11,Normal,-88.77,40.76
23,44,2016-05-28-11,Normal,-91.47,41.74
14,56,2016-05-28-11,Normal,-89.91,40.86
12,22,2016-05-28-11,Normal,-89.65,36.37
30,58,2016-05-28-11,Normal,-89.88,41.77
27,60,2016-05-28-11,Normal,-91.56,38.93
20,33,2016-05-28-11,Normal,-90.64,41.56
10,43,2016-05-28-11,Normal,-92.99,37.34
18,11,2016-05-28-11,Normal,-91.59,39.68
17,27,2016-05-28-11,Normal,-91.56,38.93
16,71,2016-05-28-11,Normal,-89.17,40.38
24,89,2016-05-28-11,Normal,-94.31,37.31
18,11,2016-05-28-11,Normal,-91.36,39.76
31,86,2016-05-28-11,Normal,-90.68,35.12
11,39,2016-05-28-11,Normal,-91.94,41.71
15,92,2016-05-28-11,Normal,-89.74,39.1
27,60,2016-05-28-11,Normal,-92.03,38.97
26,38,2016-05-28-11,Normal,-92.89,37.51
10,43,2016-05-28-11,Normal,-92.74,37.6
12,22,2016-05-28-11,Normal,-89.71,37.47
30,58,2016-05-28-11,Normal,-90.82,41.66
32,21,2016-05-28-11,Normal,-89.8,35.94
17,27,2016-05-28-11,Normal,-92.03,38.97
25,106,2016-05-28-11,Normal,-89.71,37.47
24,89,2016-05-28-11,Normal,-94.58,37.03
14,56,2016-05-28-11,Normal,-91.05,41.72
11,39,2016-05-28-11,Normal,-92.4,41.78
13,69,2016-05-28-11,Normal,-91.24,41.67
19,65,2016-05-28-11,Normal,-97.32,37.15
24,89,2016-05-28-11,Normal,-94.58,37.03
15,92,2016-05-28-11,Normal,-89.74,39.1
12,22,2016-05-28-11,Normal,-90.24,38.0
23,44,2016-05-28-11,Normal,-90.29,40.96
25,106,2016-05-28-11,Normal,-90.24,38.0
26,38,2016-05-28-11,Normal,-92.48,37.8
16,71,2016-05-28-11,Normal,-90.2,38.65
22,29,2016-05-28-11,Normal,-89.74,39.1
28,90,2016-05-28-11,Normal,-90.79,39.69
27,60,2016-05-28-11,Normal,-92.63,38.95
17,27,2016-05-28-11,Normal,-92.53,38.98
25,106,2016-05-28-11,Normal,-90.35,38.43
18,11,2016-05-28-11,Normal,-90.52,39.71
26,38,2016-05-28-11,Normal,-92.31,37.81
21,54,2016-05-28-11,Normal,-91.63,41.72
28,90,2016-05-28-11,Normal,-90.63,39.7
15,92,2016-05-28-11,Normal,-88.77,40.76
13,69,2016-05-28-11,Normal,-92.19,41.74
25,106,2016-05-28-11,Normal,-90.15,38.62
32,21,2016-05-28-11,Normal,-90.0,37.72
16,71,2016-05-28-11,Normal,-89.17,40.38
27,60,2016-05-28-11,Normal,-93.01,38.97
18,11,2016-05-28-11,Normal,-90.24,39.72
15,92,2016-05-28-11,Normal,-88.42,41.11
23,44,2016-05-28-11,Normal,-89.91,40.86
17,27,2016-05-28-11,Normal,-93.01,38.97
16,71,2016-05-28-11,Normal,-88.77,40.76
32,21,2016-05-28-11,Normal,-90.24,38.0
10,43,2016-05-28-11,Normal,-91.55,38.04
15,92,2016-05-28-11,Normal,-88.07,41.48
18,11,2016-05-28-11,Normal,-90.24,39.72
23,44,2016-05-28-11,Normal,-90.29,40.96
11,39,2016-05-28-11,Normal,-93.36,41.69
23,44,2016-05-28-11,Normal,-90.44,41.54
22,29,2016-05-28-11,Normal,-88.07,41.48
15,92,2016-05-28-11,Normal,-87.67,41.87
19,65,2016-05-28-11,Normal,-97.32,37.15
16,71,2016-05-28-11,Normal,-88.07,41.48
14,56,2016-05-28-11,Normal,-91.47,41.74
12,22,2016-05-28-11,Normal,-94.37,38.0
26,38,2016-05-28-11,Normal,-91.44,38.09
25,106,2016-05-28-11,Normal,-92.74,41.75
11,39,2016-05-28-11,Normal,-92.74,41.75
15,92,2016-05-28-11,Normal,-87.67,41.87
31,86,2016-05-28-11,Normal,-91.74,34.89
30,58,2016-05-28-11,Normal,-93.58,41.62
13,69,2016-05-28-11,Normal,-93.58,41.62
32,21,2016-05-28-11,Normal,-90.15,38.62
19,65,2016-05-28-11,Normal,-97.37,36.79
24,89,2016-05-28-11,Normal,-94.59,39.1
26,38,2016-05-28-11,Normal,-91.18,38.22
20,33,2016-05-28-11,Normal,-93.04,41.71
29,68,2016-05-28-11,Normal,-97.35,36.4
31,86,2016-05-28-11,Normal,-91.38,34.83
30,58,2016-05-28-11,Normal,-93.36,41.69
17,27,2016-05-28-11,Normal,-94.0,39.03
16,71,2016-05-28-11,Normal,-88.07,41.48
18,11,2016-05-28-11,Normal,-89.66,39.78
17,27,2016-05-28-11,Normal,-94.16,39.04
29,68,2016-05-28-11,Normal,-97.14,36.41
22,29,2016-05-28-11,Normal,-88.77,40.76
21,54,2016-05-28-11,Normal,-90.44,41.54
26,38,2016-05-28-11,Normal,-90.86,38.46
31,86,2016-05-28-11,Normal,-90.94,35.03
30,58,2016-05-28-11,Normal,-93.04,41.71
28,90,2016-05-28-11,Normal,-89.66,39.78
10,43,2016-05-28-11,Normal,-90.53,38.51
18,11,2016-05-28-11,Normal,-89.78,39.77
32,21,2016-05-28-11,Normal,-89.71,37.47
13,69,2016-05-28-11,Normal,-92.4,41.78
17,27,2016-05-28-11,Normal,-94.44,39.1
25,106,2016-05-28-11,Normal,-91.24,41.67
20,33,2016-05-28-11,Normal,-92.19,41.74
26,38,2016-05-28-11,Normal,-90.53,38.51
15,92,2016-05-28-11,Normal,-89.74,39.1
21,54,2016-05-28-11,Normal,-89.91,40.86
24,89,2016-05-28-11,Normal,-94.37,38.0
19,65,2016-05-28-11,Normal,-96.68,36.2
26,38,2016-05-28-11,Normal,-90.34,38.58
29,68,2016-05-28-11,Normal,-96.21,36.19
32,21,2016-05-28-11,Normal,-89.65,36.37
26,38,2016-05-28-11,Normal,-90.18,38.64
12,22,2016-05-28-11,Normal,-94.38,38.67
23,44,2016-05-28-11,Normal,-91.63,41.72
29,68,2016-05-28-11,Normal,-95.99,36.17
25,106,2016-05-28-11,Normal,-90.64,41.56
17,27,2016-05-28-11,Normal,-94.31,39.04
19,65,2016-05-28-11,Normal,-96.21,36.19
14,56,2016-05-28-11,Normal,-89.91,40.86
32,21,2016-05-28-11,Normal,-89.8,35.94
15,92,2016-05-28-11,Normal,-89.74,39.1
26,38,2016-05-28-11,Normal,-90.18,38.64
25,106,2016-05-28-11,Normal,-89.88,41.77
16,71,2016-05-28-11,Normal,-90.2,38.65
15,92,2016-05-28-11,Normal,-89.63,39.84
21,54,2016-05-28-11,Normal,-89.91,40.86
13,69,2016-05-28-11,Normal,-91.24,41.67
23,44,2016-05-28-11,Normal,-91.05,41.72
31,86,2016-05-28-11,Normal,-90.37,35.21
13,69,2016-05-28-11,Normal,-90.82,41.66
24,89,2016-05-28-11,Normal,-94.58,37.03
23,44,2016-05-28-11,Normal,-90.7,41.62
31,86,2016-05-28-11,Normal,-90.68,35.12
19,65,2016-05-28-11,Normal,-95.56,35.97
21,54,2016-05-28-11,Normal,-90.44,41.54
30,58,2016-05-28-11,Normal,-90.64,41.56
23,44,2016-05-28-11,Normal,-90.44,41.54
26,38,2016-05-28-11,Normal,-90.69,38.5
15,92,2016-05-28-11,Normal,-88.77,40.76
21,54,2016-05-28-11,Normal,-90.7,41.62
18,11,2016-05-28-11,Normal,-90.79,39.69
17,27,2016-05-28-11,Normal,-93.45,38.99
19,65,2016-05-28-11,Normal,-95.42,35.87
32,21,2016-05-28-11,Normal,-90.24,35.35
18,11,2016-05-28-11,Normal,-90.97,39.72
11,39,2016-05-28-11,Normal,-88.96,42.25
16,71,2016-05-28-11,Normal,-88.42,41.11
29,68,2016-05-28-11,Normal,-95.3,35.64
15,92,2016-05-28-11,Normal,-88.42,41.11
30,58,2016-05-28-11,Normal,-89.88,41.77
16,71,2016-05-28-11,Normal,-88.77,40.76
14,56,2016-05-28-11,Normal,-91.32,41.71
10,43,2016-05-28-11,Normal,-91.18,38.22
20,33,2016-05-28-11,Normal,-89.29,41.85
18,11,2016-05-28-11,Normal,-91.2,39.75
27,60,2016-05-28-11,Normal,-92.85,38.93
21,54,2016-05-28-11,Normal,-91.47,41.74
25,106,2016-05-28-11,Normal,-88.41,42.11
17,27,2016-05-28-11,Normal,-92.85,38.93
13,69,2016-05-28-11,Normal,-89.29,41.85
30,58,2016-05-28-11,Normal,-89.03,41.92
16,71,2016-05-28-11,Normal,-88.07,41.48
18,11,2016-05-28-11,Normal,-91.36,39.76
23,44,2016-05-28-11,Normal,-89.91,40.86
24,89,2016-05-28-11,Normal,-94.35,38.33
22,29,2016-05-28-11,Normal,-87.67,41.87
19,65,2016-05-28-11,Normal,-94.22,35.5
12,22,2016-05-28-11,Normal,-94.37,38.0
27,60,2016-05-28-11,Normal,-92.53,38.98
11,39,2016-05-28-11,Normal,-88.02,42.04
10,43,2016-05-28-11,Normal,-91.69,37.99
30,58,2016-05-28-11,Normal,-88.96,42.25
32,21,2016-05-28-11,Normal,-89.54,36.84
20,33,2016-05-28-11,Normal,-88.41,42.11
21,54,2016-05-28-11,Normal,-91.78,42.23
16,71,2016-05-28-11,Normal,-88.07,41.48
30,58,2016-05-28-11,Normal,-88.64,42.21
14,56,2016-05-28-11,Normal,-91.63,41.72
25,106,2016-05-28-11,Normal,-88.02,42.04
21,54,2016-05-28-11,Normal,-91.63,41.72
32,21,2016-05-28-11,Normal,-89.71,37.47
12,22,2016-05-28-11,Normal,-94.38,38.67
16,71,2016-05-28-11,Normal,-88.42,41.11
14,56,2016-05-28-11,Normal,-91.47,41.74
11,39,2016-05-28-11,Normal,-88.02,42.04
20,33,2016-05-28-11,Normal,-87.66,41.89
19,65,2016-05-28-11,Normal,-93.36,35.4
23,44,2016-05-28-11,Normal,-91.05,41.72
12,22,2016-05-28-11,Normal,-94.38,38.99
10,43,2016-05-28-11,Normal,-92.31,37.81
24,89,2016-05-28-11,Normal,-94.59,39.1
31,86,2016-05-28-11,Normal,-91.93,34.81
23,44,2016-05-28-11,Normal,-91.32,41.71
26,38,2016-05-28-11,Normal,-92.31,37.81
29,68,2016-05-28-11,Normal,-92.53,35.15
27,60,2016-05-28-11,Normal,-91.56,38.93
11,39,2016-05-28-11,Normal,-88.64,42.21
13,69,2016-05-28-11,Normal,-87.66,41.89
21,54,2016-05-28-11,Normal,-91.05,41.72
27,60,2016-05-28-11,Normal,-91.33,38.87
19,65,2016-05-28-11,Normal,-92.53,35.15
16,71,2016-05-28-11,Normal,-89.63,39.84
12,22,2016-05-28-11,Normal,-94.59,39.1
21,54,2016-05-28-11,Normal,-90.7,41.62
16,71,2016-05-28-11,Normal,-89.74,39.1
23,44,2016-05-28-11,Normal,-91.63,41.72
28,90,2016-05-28-11,Normal,-92.74,39.76
17,27,2016-05-28-11,Normal,-91.33,38.87
10,43,2016-05-28-11,Normal,-92.74,37.6
24,89,2016-05-28-11,Normal,-94.37,38.0
16,71,2016-05-28-11,Normal,-90.2,38.65
31,86,2016-05-28-11,Normal,-90.94,35.03
27,60,2016-05-28-11,Normal,-91.1,38.83
26,38,2016-05-28-11,Normal,-92.89,37.51
17,27,2016-05-28-11,Normal,-91.19,38.83
22,29,2016-05-28-11,Normal,-90.2,38.65
12,22,2016-05-28-11,Normal,-94.35,38.33
31,86,2016-05-28-11,Normal,-90.68,35.12
10,43,2016-05-28-11,Normal,-92.99,37.34
19,65,2016-05-28-11,Normal,-92.25,34.75
22,29,2016-05-28-11,Normal,-89.74,39.1
31,86,2016-05-28-11,Normal,-90.37,35.21
30,58,2016-05-28-11,Normal,-88.96,42.25
13,69,2016-05-28-11,Normal,-88.96,42.25
22,29,2016-05-28-11,Normal,-89.63,39.84
26,38,2016-05-28-11,Normal,-93.14,37.26
23,44,2016-05-28-11,Normal,-91.47,41.74
16,71,2016-05-28-11,Normal,-89.63,39.84
28,90,2016-05-28-11,Normal,-93.6,39.77
19,65,2016-05-28-11,Normal,-92.53,35.15
15,92,2016-05-28-11,Normal,-88.77,40.76
10,43,2016-05-28-11,Normal,-93.34,37.21
24,89,2016-05-28-11,Normal,-94.58,37.03
28,90,2016-05-28-11,Normal,-93.93,39.76
27,60,2016-05-28-11,Normal,-90.55,38.81
31,86,2016-05-28-11,Normal,-90.04,35.19
21,54,2016-05-28-11,Normal,-89.91,40.86
23,44,2016-05-28-11,Normal,-91.05,41.72
20,33,2016-05-28-11,Normal,-89.88,41.77
24,89,2016-05-28-11,Normal,-94.58,37.03
21,54,2016-05-28-11,Normal,-90.29,40.96
22,29,2016-05-28-11,Normal,-88.42,41.11
30,58,2016-05-28-11,Normal,-89.88,41.77
31,86,2016-05-28-11,Normal,-90.68,35.12
14,56,2016-05-28-11,Normal,-90.29,40.96
16,71,2016-05-28-11,Normal,-88.42,41.11
12,22,2016-05-28-11,Normal,-94.58,37.03
14,56,2016-05-28-11,Normal,-90.44,41.54
24,89,2016-05-28-11,Normal,-94.31,37.31
28,90,2016-05-28-11,Normal,-94.25,39.73
27,60,2016-05-28-11,Normal,-90.21,38.65
23,44,2016-05-28-11,Normal,-90.44,41.54
11,39,2016-05-28-11,Normal,-91.24,41.67
19,65,2016-05-28-11,Normal,-93.61,35.51
16,71,2016-05-28-11,Normal,-87.67,41.87
30,58,2016-05-28-11,Normal,-90.64,41.56
28,90,2016-05-28-11,Normal,-94.28,39.53
12,22,2016-05-28-11,Normal,-94.46,37.16
31,86,2016-05-28-11,Normal,-91.14,34.96
15,92,2016-05-28-11,Normal,-88.07,41.48
26,38,2016-05-28-11,Normal,-94.83,36.84
22,29,2016-05-28-11,Normal,-87.67,41.87
31,86,2016-05-28-11,Normal,-91.38,34.83
24,89,2016-05-28-11,Normal,-94.37,38.0
32,21,2016-05-28-11,Normal,-90.24,35.35
15,92,2016-05-28-11,Normal,-88.42,41.11
20,33,2016-05-28-11,Normal,-91.59,41.7
29,68,2016-05-28-11,Normal,-94.88,35.47
18,11,2016-05-28-11,Normal,-94.57,39.15
19,65,2016-05-28-11,Normal,-94.57,35.37
32,21,2016-05-28-11,Normal,-90.07,35.1
17,27,2016-05-28-11,Normal,-90.55,38.81
22,29,2016-05-28-11,Normal,-88.42,41.11
31,86,2016-05-28-11,Normal,-91.93,34.81
23,44,2016-05-28-11,Normal,-89.52,40.7
19,65,2016-05-28-11,Normal,-94.88,35.47
13,69,2016-05-28-11,Normal,-91.94,41.71
17,27,2016-05-28-11,Normal,-90.67,38.82
30,58,2016-05-28-11,Normal,-91.94,41.71
31,86,2016-05-28-11,Normal,-92.09,34.8
21,54,2016-05-28-11,Normal,-91.78,42.23
12,22,2016-05-28-11,Normal,-94.35,38.33
13,69,2016-05-28-11,Normal,-92.19,41.74
17,27,2016-05-28-11,Normal,-90.79,38.83
19,65,2016-05-28-11,Normal,-95.3,35.64
17,27,2016-05-28-11,Normal,-90.93,38.82
24,89,2016-05-28-11,Normal,-94.59,39.1
23,44,2016-05-28-11,Normal,-90.29,40.96
18,11,2016-05-28-11,Normal,-94.28,39.53
25,106,2016-05-28-11,Normal,-93.58,41.62
26,38,2016-05-28-11,Normal,-95.69,36.25
10,43,2016-05-28-11,Normal,-95.69,36.25
13,69,2016-05-28-11,Normal,-92.74,41.75
32,21,2016-05-28-11,Normal,-90.07,35.68
14,56,2016-05-28-11,Normal,-91.47,41.74
27,60,2016-05-28-11,Normal,-91.19,38.83
10,43,2016-05-28-11,Normal,-95.99,36.17
20,33,2016-05-28-11,Normal,-93.36,41.69
28,90,2016-05-28-11,Normal,-94.36,39.37
31,86,2016-05-28-11,Normal,-92.09,34.8
25,106,2016-05-28-11,Normal,-93.36,41.69
14,56,2016-05-28-11,Normal,-91.32,41.71
30,58,2016-05-28-11,Normal,-93.04,41.71
29,68,2016-05-28-11,Normal,-95.99,36.17
18,11,2016-05-28-11,Normal,-94.25,39.73
20,33,2016-05-28-11,Normal,-93.58,41.62
16,71,2016-05-28-11,Normal,-90.2,38.65
26,38,2016-05-28-11,Normal,-95.76,36.18
26,38,2016-05-28-11,Normal,-95.99,36.17
22,29,2016-05-28-11,Normal,-89.74,39.1
14,56,2016-05-28-11,Normal,-90.7,41.62
30,58,2016-05-28-11,Normal,-93.36,41.69
20,33,2016-05-28-11,Normal,-93.36,41.69
29,68,2016-05-28-11,Normal,-96.68,36.2
18,11,2016-05-28-11,Normal,-94.15,39.77
21,54,2016-05-28-11,Normal,-90.44,41.54
13,69,2016-05-28-11,Normal,-93.36,41.69
25,106,2016-05-28-11,Normal,-92.74,41.75
11,39,2016-05-28-11,Normal,-93.04,41.71
19,65,2016-05-28-11,Normal,-96.21,36.19
13,69,2016-05-28-11,Normal,-93.58,41.62
30,58,2016-05-28-11,Normal,-93.36,41.69
28,90,2016-05-28-11,Normal,-94.15,39.77
19,65,2016-05-28-11,Normal,-96.68,36.2
16,71,2016-05-28-11,Normal,-89.63,39.84
28,90,2016-05-28-11,Normal,-93.93,39.76
18,11,2016-05-28-11,Normal,-93.33,39.77
15,92,2016-05-28-11,Normal,-88.42,41.11
25,106,2016-05-28-11,Normal,-91.94,41.71
20,33,2016-05-28-11,Normal,-92.74,41.75
31,86,2016-05-28-11,Normal,-90.68,35.12
22,29,2016-05-28-11,Normal,-88.77,40.76
17,27,2016-05-28-11,Normal,-92.38,38.98
10,43,2016-05-28-11,Normal,-95.14,36.66
28,90,2016-05-28-11,Normal,-93.33,39.77
21,54,2016-05-28-11,Normal,-89.52,40.7
23,44,2016-05-28-11,Normal,-91.63,41.72
29,68,2016-05-28-11,Normal,-97.35,36.4
32,21,2016-05-28-11,Normal,-90.35,38.43
16,71,2016-05-28-11,Normal,-88.42,41.11
11,39,2016-05-28-11,Normal,-91.59,41.7
13,69,2016-05-28-11,Normal,-92.4,41.78
23,44,2016-05-28-11,Normal,-91.47,41.74
31,86,2016-05-28-11,Normal,-90.04,35.19
10,43,2016-05-28-11,Normal,-94.83,36.84
20,33,2016-05-28-11,Normal,-91.94,41.71
24,89,2016-05-28-11,Normal,-89.91,40.86
15,92,2016-05-28-11,Normal,-88.07,41.48
17,27,2016-05-28-11,Normal,-92.85,38.93
13,69,2016-05-28-11,Normal,-92.19,41.74
28,90,2016-05-28-11,Normal,-92.74,39.76
24,89,2016-05-28-11,Normal,-90.29,40.96
23,44,2016-05-28-11,Normal,-91.32,41.71
22,29,2016-05-28-11,Normal,-87.67,41.87
30,58,2016-05-28-11,Normal,-91.94,41.71
20,33,2016-05-28-11,Normal,-91.24,41.67
11,39,2016-05-28-11,Normal,-90.64,41.56
15,92,2016-05-28-11,Normal,-88.77,40.76
24,89,2016-05-28-11,Normal,-90.44,41.54
17,27,2016-05-28-11,Normal,-93.2,38.98
10,43,2016-05-28-11,Normal,-94.23,37.09
32,21,2016-05-28-11,Normal,-90.0,37.72
26,38,2016-05-28-11,Normal,-93.69,37.16
18,11,2016-05-28-11,Normal,-92.27,39.76
32,21,2016-05-28-11,Normal,-90.24,38.0
25,106,2016-05-28-11,Normal,-89.6,41.76
13,69,2016-05-28-11,Normal,-90.82,41.66
31,86,2016-05-28-11,Normal,-90.94,35.03
15,92,2016-05-28-11,Normal,-89.17,40.38
12,22,2016-05-28-11,Normal,-94.31,37.31
20,33,2016-05-28-11,Normal,-90.64,41.56
12,22,2016-05-28-11,Normal,-94.3,37.66
29,68,2016-05-28-11,Normal,-97.36,37.69
11,39,2016-05-28-11,Normal,-89.88,41.77
15,92,2016-05-28-11,Normal,-89.74,39.1
24,89,2016-05-28-11,Normal,-91.47,41.74
23,44,2016-05-28-11,Normal,-90.29,40.96
22,29,2016-05-28-11,Normal,-89.17,40.38
28,90,2016-05-28-11,Normal,-92.07,39.71
13,69,2016-05-28-11,Normal,-90.2,41.59
20,33,2016-05-28-11,Normal,-89.88,41.77
29,68,2016-05-28-11,Normal,-97.36,37.69
30,58,2016-05-28-11,Normal,-90.2,41.59
17,27,2016-05-28-11,Normal,-94.0,39.03
15,92,2016-05-28-11,Normal,-90.2,38.65
11,39,2016-05-28-11,Normal,-89.29,41.85
32,21,2016-05-28-11,Normal,-89.65,36.37
26,38,2016-05-28-11,Normal,-92.99,37.34
12,22,2016-05-28-11,Normal,-94.38,38.67
18,11,2016-05-28-11,Normal,-90.97,39.72
20,33,2016-05-28-11,Normal,-89.6,41.76
24,89,2016-05-28-11,Normal,-91.78,42.23
27,60,2016-05-28-11,Normal,-94.31,39.04
32,21,2016-05-28-11,Normal,-89.8,35.94
13,69,2016-05-28-11,Normal,-89.29,41.85
25,106,2016-05-28-11,Normal,-88.41,42.11
22,29,2016-05-28-11,Normal,-90.2,38.65
17,27,2016-05-28-11,Normal,-94.44,39.1
21,54,2016-05-28-11,Normal,-91.78,42.23
28,90,2016-05-28-11,Normal,-90.97,39.72
12,22,2016-05-28-11,Normal,-94.38,38.99
14,56,2016-05-28-11,Normal,-91.78,42.23
26,38,2016-05-28-11,Normal,-92.61,37.7
15,92,2016-05-28-11,Normal,-94.3,37.66
14,56,2016-05-28-11,Normal,-91.63,41.72
10,43,2016-05-28-11,Normal,-92.74,37.6
20,33,2016-05-28-11,Normal,-91.93,34.81
19,65,2016-05-28-11,Normal,-93.12,35.31
21,54,2016-05-28-11,Normal,-87.67,41.87
13,69,2016-05-28-11,Normal,-89.56,37.2
31,86,2016-05-28-11,Normal,-94.35,38.33
13,69,2016-05-28-11,Normal,-89.54,36.84
12,22,2016-05-28-11,Normal,-92.19,41.74
23,44,2016-05-28-11,Normal,-90.94,35.03
27,60,2016-05-28-11,Normal,-91.33,38.87
23,44,2016-05-28-11,Normal,-90.68,35.12
22,29,2016-05-28-11,Normal,-90.44,41.54
30,58,2016-05-28-11,Normal,-88.07,41.48
16,71,2016-05-28-11,Normal,-90.7,41.62
31,86,2016-05-28-11,Normal,-94.38,38.67
29,68,2016-05-28-11,Normal,-94.22,35.5
24,89,2016-05-28-11,Normal,-91.32,41.71
19,65,2016-05-28-11,Normal,-93.92,35.53
10,43,2016-05-28-11,Normal,-93.14,37.26
30,58,2016-05-28-11,Normal,-87.67,41.87
21,54,2016-05-28-11,Normal,-88.42,41.11
20,33,2016-05-28-11,Normal,-92.31,34.78
28,90,2016-05-28-11,Normal,-93.93,39.76
32,21,2016-05-28-11,Normal,-90.24,38.0
31,86,2016-05-28-11,Normal,-94.59,39.1
21,54,2016-05-28-11,Normal,-89.17,40.38
23,44,2016-05-28-11,Normal,-92.09,34.8
20,33,2016-05-28-11,Normal,-90.04,35.19
12,22,2016-05-28-11,Normal,-88.41,42.11
21,54,2016-05-28-11,Normal,-88.77,40.76
11,39,2016-05-28-11,Normal,-87.66,41.89
10,43,2016-05-28-11,Normal,-95.69,36.25
14,56,2016-05-28-11,Normal,-94.46,37.16
25,106,2016-05-28-11,Normal,-88.02,42.04
19,65,2016-05-28-11,Normal,-96.68,36.2
18,11,2016-05-28-11,Normal,-94.25,39.73
16,71,2016-05-28-11,Normal,-91.47,41.74
32,21,2016-05-28-11,Normal,-87.67,41.87
24,89,2016-05-28-11,Normal,-89.52,40.7
27,60,2016-05-28-11,Normal,-93.85,39.01
26,38,2016-05-28-11,Normal,-95.99,36.17
23,44,2016-05-28-11,Normal,-92.31,34.78
22,29,2016-05-28-11,Normal,-91.78,42.23
22,29,2016-05-28-11,Normal,-91.78,42.23
27,60,2016-05-28-11,Normal,-94.0,39.03
23,44,2016-05-28-11,Normal,-92.09,34.8
15,92,2016-05-28-11,Normal,-94.31,37.31
29,68,2016-05-28-11,Normal,-97.34,36.63
28,90,2016-05-28-11,Normal,-94.25,39.73
19,65,2016-05-28-11,Normal,-97.14,36.41
23,44,2016-05-28-11,Normal,-90.94,35.03
32,21,2016-05-28-11,Normal,-89.74,39.1
25,106,2016-05-28-11,Normal,-89.88,41.77
14,56,2016-05-28-11,Normal,-94.59,39.1
15,92,2016-05-28-11,Normal,-94.31,37.31
12,22,2016-05-28-11,Normal,-89.29,41.85
25,106,2016-05-28-11,Normal,-90.2,41.59
11,39,2016-05-28-11,Normal,-90.2,41.59
27,60,2016-05-28-11,Normal,-94.16,39.04
21,54,2016-05-28-11,Normal,-89.74,39.1
16,71,2016-05-28-11,Normal,-90.7,41.62
20,33,2016-05-28-11,Normal,-92.09,34.8
15,92,2016-05-28-11,Normal,-94.3,37.66
11,39,2016-05-28-11,Normal,-90.64,41.56
17,27,2016-05-28-11,Normal,-93.85,39.01
12,22,2016-05-28-11,Normal,-89.6,41.76
25,106,2016-05-28-11,Normal,-90.64,41.56
19,65,2016-05-28-11,Normal,-97.36,37.69
18,11,2016-05-28-11,Normal,-92.27,39.76
19,65,2016-05-28-11,Normal,-97.32,37.48
29,68,2016-05-28-11,Normal,-97.36,37.69
15,92,2016-05-28-11,Normal,-94.35,38.33
11,39,2016-05-28-11,Normal,-90.82,41.66
27,60,2016-05-28-11,Normal,-93.65,39.0
11,39,2016-05-28-11,Normal,-88.41,42.11
25,106,2016-05-28-11,Normal,-88.02,42.04
24,89,2016-05-28-11,Normal,-91.47,41.74
27,60,2016-05-28-11,Normal,-94.31,39.04
10,43,2016-05-28-11,Normal,-92.48,37.8
17,27,2016-05-28-11,Normal,-94.44,39.1
30,58,2016-05-28-11,Normal,-88.96,42.25
27,60,2016-05-28-11,Normal,-94.16,39.04
26,38,2016-05-28-11,Normal,-92.31,37.81
20,33,2016-05-28-11,Normal,-88.41,42.11
21,54,2016-05-28-11,Normal,-91.47,41.74
25,106,2016-05-28-11,Normal,-87.66,41.89
32,21,2016-05-28-11,Normal,-90.07,35.1
29,68,2016-05-28-11,Normal,-97.35,36.4
23,44,2016-05-28-11,Normal,-91.32,41.71
27,60,2016-05-28-11,Normal,-93.85,39.01
29,68,2016-05-28-11,Normal,-97.14,36.41
23,44,2016-05-28-11,Normal,-91.47,41.74
13,69,2016-05-28-11,Normal,-88.64,42.21
20,33,2016-05-28-11,Normal,-88.02,42.04
31,86,2016-05-28-11,Normal,-91.74,34.89
18,11,2016-05-28-11,Normal,-90.24,39.72
17,27,2016-05-28-11,Normal,-94.0,39.03
15,92,2016-05-28-11,Normal,-94.38,38.99
25,106,2016-05-28-11,Normal,-88.41,42.11
20,33,2016-05-28-11,Normal,-87.66,41.89
30,58,2016-05-28-11,Normal,-88.02,42.04
22,29,2016-05-28-11,Normal,-91.32,41.71
28,90,2016-05-28-11,Normal,-90.24,39.72
14,56,2016-05-28-11,Normal,-90.44,41.54
17,27,2016-05-28-11,Normal,-93.65,39.0
29,68,2016-05-28-11,Normal,-96.68,36.2
20,33,2016-05-28-11,Normal,-88.02,42.04
14,56,2016-05-28-11,Normal,-90.29,40.96
10,43,2016-05-28-11,Normal,-91.55,38.04
23,44,2016-05-28-11,Normal,-91.78,42.23
17,27,2016-05-28-11,Normal,-93.45,38.99
30,58,2016-05-28-11,Normal,-87.66,41.89
24,89,2016-05-28-11,Normal,-89.91,40.86
23,44,2016-05-28-11,Normal,-91.78,42.23
12,22,2016-05-28-11,Normal,-94.46,37.16
32,21,2016-05-28-11,Normal,-89.54,36.84
16,71,2016-05-28-11,Normal,-91.78,42.23
12,22,2016-05-28-11,Normal,-94.58,37.03
14,56,2016-05-28-11,Normal,-89.52,40.7
26,38,2016-05-28-11,Normal,-91.3,38.14
16,71,2016-05-28-11,Normal,-91.63,41.72
20,33,2016-05-28-11,Normal,-88.64,42.21
28,90,2016-05-28-11,Normal,-89.96,39.74
25,106,2016-05-28-11,Normal,-89.29,41.85
15,92,2016-05-28-11,Normal,-94.35,38.33
25,106,2016-05-28-11,Normal,-89.6,41.76
23,44,2016-05-28-11,Normal,-91.47,41.74
32,21,2016-05-28-11,Normal,-89.71,37.47
18,11,2016-05-28-11,Normal,-89.66,39.78
29,68,2016-05-28-11,Normal,-95.76,36.08
24,89,2016-05-28-11,Normal,-89.91,40.86
26,38,2016-05-28-11,Normal,-90.86,38.46
28,90,2016-05-28-11,Normal,-89.66,39.78
31,86,2016-05-28-11,Normal,-90.04,35.19
12,22,2016-05-28-11,Normal,-94.46,37.16
29,68,2016-05-28-11,Normal,-95.56,35.97
23,44,2016-05-28-11,Normal,-91.05,41.72
25,106,2016-05-28-11,Normal,-90.2,41.59
27,60,2016-05-28-11,Normal,-92.53,38.98
16,71,2016-05-28-11,Normal,-91.47,41.74
17,27,2016-05-28-11,Normal,-92.38,38.98
24,89,2016-05-28-11,Normal,-90.44,41.54
15,92,2016-05-28-11,Normal,-94.31,37.31
25,106,2016-05-28-11,Normal,-90.64,41.56
24,89,2016-05-28-11,Normal,-90.7,41.62
10,43,2016-05-28-11,Normal,-90.53,38.51
27,60,2016-05-28-11,Normal,-92.22,38.96
18,11,2016-05-28-11,Normal,-90.14,39.76
11,39,2016-05-28-11,Normal,-90.2,41.59
23,44,2016-05-28-11,Normal,-90.44,41.54
21,54,2016-05-28-11,Normal,-88.77,40.76
19,65,2016-05-28-11,Normal,-95.42,35.87
31,86,2016-05-28-11,Normal,-94.37,38.0
26,38,2016-05-28-11,Normal,-90.18,38.64
21,54,2016-05-28-11,Normal,-88.42,41.11
27,60,2016-05-28-11,Normal,-92.03,38.97
22,29,2016-05-28-11,Normal,-90.44,41.54
11,39,2016-05-28-11,Normal,-90.82,41.66
28,90,2016-05-28-11,Normal,-90.14,39.76
10,43,2016-05-28-11,Normal,-90.18,38.64
24,89,2016-05-28-11,Normal,-91.47,41.74
27,60,2016-05-28-11,Normal,-91.74,38.94
31,86,2016-05-28-11,Normal,-94.38,38.67
21,54,2016-05-28-11,Normal,-87.67,41.87
17,27,2016-05-28-11,Normal,-91.74,38.94
32,21,2016-05-28-11,Normal,-90.35,38.43
15,92,2016-05-28-11,Normal,-94.31,37.31
30,58,2016-05-28-11,Normal,-90.82,41.66
20,33,2016-05-28-11,Normal,-91.94,41.71
10,43,2016-05-28-11,Normal,-90.18,38.64
26,38,2016-05-28-11,Normal,-90.53,38.51
10,43,2016-05-28-11,Normal,-90.34,38.58
15,92,2016-05-28-11,Normal,-94.3,37.66
27,60,2016-05-28-11,Normal,-91.19,38.83
25,106,2016-05-28-11,Normal,-92.4,41.78
17,27,2016-05-28-11,Normal,-91.19,38.83
11,39,2016-05-28-11,Normal,-92.19,41.74
15,92,2016-05-28-11,Normal,-94.37,38.0
20,33,2016-05-28-11,Normal,-92.19,41.74
28,90,2016-05-28-11,Normal,-90.63,39.7
12,22,2016-05-28-11,Normal,-94.38,38.99
26,38,2016-05-28-11,Normal,-91.07,38.31
20,33,2016-05-28-11,Normal,-92.4,41.78
24,89,2016-05-28-11,Normal,-91.47,41.74
15,92,2016-05-28-11,Normal,-94.38,38.67
21,54,2016-05-28-11,Normal,-89.17,40.38
31,86,2016-05-28-11,Normal,-94.38,38.99
21,54,2016-05-28-11,Normal,-88.77,40.76
12,22,2016-05-28-11,Normal,-94.35,38.33
11,39,2016-05-28-11,Normal,-92.74,41.75
14,56,2016-05-28-11,Normal,-94.35,38.33
13,69,2016-05-28-11,Normal,-92.19,41.74
27,60,2016-05-28-11,Normal,-90.67,38.82
26,38,2016-05-28-11,Normal,-91.3,38.14
21,54,2016-05-28-11,Normal,-89.63,39.84
29,68,2016-05-28-11,Normal,-92.87,35.25
16,71,2016-05-28-11,Normal,-90.44,41.54
12,22,2016-05-28-11,Normal,-94.37,38.0
18,11,2016-05-28-11,Normal,-91.59,39.68
27,60,2016-05-28-11,Normal,-90.55,38.81
10,43,2016-05-28-11,Normal,-91.3,38.14
30,58,2016-05-28-11,Normal,-92.74,41.75
28,90,2016-05-28-11,Normal,-91.36,39.76
11,39,2016-05-28-11,Normal,-93.58,41.62
19,65,2016-05-28-11,Normal,-92.87,35.25
16,71,2016-05-28-11,Normal,-90.7,41.62
17,27,2016-05-28-11,Normal,-90.41,38.75
20,33,2016-05-28-11,Normal,-93.58,41.62
22,29,2016-05-28-11,Normal,-91.32,41.71
27,60,2016-05-28-11,Normal,-90.21,38.65
25,106,2016-05-28-11,Normal,-93.36,41.69
10,43,2016-05-28-11,Normal,-91.55,38.04
21,54,2016-05-28-11,Normal,-90.2,38.65
13,69,2016-05-28-11,Normal,-93.36,41.69
14,56,2016-05-28-11,Normal,-94.58,37.03
30,58,2016-05-28-11,Normal,-93.36,41.69
30,58,2016-05-28-11,Normal,-93.58,41.62
13,69,2016-05-28-11,Normal,-93.58,41.62
24,89,2016-05-28-11,Normal,-90.29,40.96
25,106,2016-05-28-11,Normal,-93.04,41.71
23,44,2016-05-28-11,Normal,-92.31,34.78
20,33,2016-05-28-11,Normal,-90.37,35.21
17,27,2016-05-28-11,Normal,-90.21,38.65
18,11,2016-05-28-11,Normal,-92.42,39.76
30,58,2016-05-28-11,Normal,-93.58,41.62
29,68,2016-05-28-11,Normal,-92.25,34.92
22,29,2016-05-28-11,Normal,-91.78,42.23
32,21,2016-05-28-11,Normal,-90.24,35.35
10,43,2016-05-28-11,Normal,-92.08,37.81
27,60,2016-05-28-11,Normal,-90.55,38.81
13,69,2016-05-28-11,Normal,-90.35,38.43
22,29,2016-05-28-11,Normal,-91.78,42.23
25,106,2016-05-28-11,Normal,-92.19,41.74
10,43,2016-05-28-11,Normal,-92.31,37.81
28,90,2016-05-28-11,Normal,-92.57,39.77
16,71,2016-05-28-11,Normal,-91.78,42.23
20,33,2016-05-28-11,Normal,-91.14,34.96
29,68,2016-05-28-11,Normal,-92.87,35.25
19,65,2016-05-28-11,Normal,-92.53,35.15
29,68,2016-05-28-11,Normal,-93.12,35.31
10,43,2016-05-28-11,Normal,-92.48,37.8
18,11,2016-05-28-11,Normal,-92.94,39.77
15,92,2016-05-28-11,Normal,-94.31,37.31
32,21,2016-05-28-11,Normal,-89.65,36.37
12,22,2016-05-28-11,Normal,-92.74,41.75
20,33,2016-05-28-11,Normal,-91.74,34.89
14,56,2016-05-28-11,Normal,-94.37,38.0
15,92,2016-05-28-11,Normal,-94.46,37.16
16,71,2016-05-28-11,Normal,-91.47,41.74
24,89,2016-05-28-11,Normal,-90.44,41.54
18,11,2016-05-28-11,Normal,-94.25,39.73
20,33,2016-05-28-11,Normal,-92.09,34.8
15,92,2016-05-28-11,Normal,-94.3,37.66
32,21,2016-05-28-11,Normal,-90.35,38.43
29,68,2016-05-28-11,Normal,-95.15,35.51
16,71,2016-05-28-11,Normal,-89.91,40.86
28,90,2016-05-28-11,Normal,-94.25,39.73
13,69,2016-05-28-11,Normal,-90.24,35.35
26,38,2016-05-28-11,Normal,-94.23,37.09
22,29,2016-05-28-11,Normal,-89.52,40.7
29,68,2016-05-28-11,Normal,-95.3,35.64
13,69,2016-05-28-11,Normal,-90.07,35.1
19,65,2016-05-28-11,Normal,-94.88,35.47
21,54,2016-05-28-11,Normal,-89.63,39.84
14,56,2016-05-28-11,Normal,-94.35,38.33
29,68,2016-05-28-11,Normal,-95.42,35.87
25,106,2016-05-28-11,Normal,-89.03,41.92
27,60,2016-05-28-11,Normal,-92.53,38.98
13,69,2016-05-28-11,Normal,-90.07,35.1
28,90,2016-05-28-11,Normal,-94.28,39.53
25,106,2016-05-28-11,Normal,-88.96,42.25
29,68,2016-05-28-11,Normal,-95.56,35.97
26,38,2016-05-28-11,Normal,-94.83,36.84
15,92,2016-05-28-11,Normal,-94.38,38.99
11,39,2016-05-28-11,Normal,-88.96,42.25
21,54,2016-05-28-11,Normal,-90.2,38.65
27,60,2016-05-28-11,Normal,-92.63,38.95
19,65,2016-05-28-11,Normal,-95.42,35.87
32,21,2016-05-28-11,Normal,-89.63,39.84
15,92,2016-05-28-11,Normal,-94.59,39.1
24,89,2016-05-28-11,Normal,-91.32,41.71
20,33,2016-05-28-11,Normal,-90.68,35.12
16,71,2016-05-28-11,Normal,-90.44,41.54
26,38,2016-05-28-11,Normal,-95.35,36.47
29,68,2016-05-28-11,Normal,-96.21,36.19
21,54,2016-05-28-11,Normal,-90.2,38.65
28,90,2016-05-28-11,Normal,-94.42,39.27
18,11,2016-05-28-11,Normal,-94.42,39.27
15,92,2016-05-28-11,Normal,-94.38,38.99
10,43,2016-05-28-11,Normal,-95.35,36.47
22,29,2016-05-28-11,Normal,-91.32,41.71
18,11,2016-05-28-11,Normal,-94.57,39.15
28,90,2016-05-28-11,Normal,-94.57,39.15
10,43,2016-05-28-11,Normal,-95.14,36.66
31,86,2016-05-28-11,Normal,-94.31,37.31
12,22,2016-05-28-11,Normal,-88.96,42.25
19,65,2016-05-28-11,Normal,-95.99,36.17
31,86,2016-05-28-11,Normal,-94.46,37.16
12,22,2016-05-28-11,Normal,-88.64,42.21
13,69,2016-05-28-11,Normal,-90.35,38.43
24,89,2016-05-28-11,Normal,-89.91,40.86
14,56,2016-05-28-11,Normal,-94.35,38.33
26,38,2016-05-28-11,Normal,-95.69,36.25
28,90,2016-05-28-11,Normal,-94.15,39.77
19,65,2016-05-28-11,Normal,-97.35,36.4
25,106,2016-05-28-11,Normal,-89.03,41.92
11,39,2016-05-28-11,Normal,-89.03,41.92
30,58,2016-05-28-11,Normal,-87.67,41.87
15,92,2016-05-28-11,Normal,-94.58,37.03
18,11,2016-05-28-11,Normal,-93.33,39.77
16,71,2016-05-28-11,Normal,-91.47,41.74
19,65,2016-05-28-11,Normal,-97.37,36.79
23,44,2016-05-28-11,Normal,-91.14,34.96
12,22,2016-05-28-11,Normal,-88.96,42.25
10,43,2016-05-28-11,Normal,-95.69,36.25
12,22,2016-05-28-11,Normal,-88.64,42.21
15,92,2016-05-28-11,Normal,-94.58,37.03
13,69,2016-05-28-11,Normal,-90.35,38.43
16,71,2016-05-28-11,Normal,-91.32,41.71
27,60,2016-05-28-11,Normal,-94.31,39.04
19,65,2016-05-28-11,Normal,-97.37,36.91
16,71,2016-05-28-11,Normal,-89.91,40.86
32,21,2016-05-28-11,Normal,-89.63,39.84
18,11,2016-05-28-11,Normal,-92.07,39.71
19,65,2016-05-28-11,Normal,-97.36,37.69
12,22,2016-05-28-11,Normal,-90.64,41.56
23,44,2016-05-28-11,Normal,-90.37,35.21
32,21,2016-05-28-11,Normal,-89.17,40.38
19,65,2016-05-28-11,Normal,-97.32,37.48
20,33,2016-05-28-11,Normal,-91.38,34.83
26,38,2016-05-28-11,Normal,-93.69,37.16
24,89,2016-05-28-11,Normal,-91.63,41.72
25,106,2016-05-28-11,Normal,-91.94,41.71
26,38,2016-05-28-11,Normal,-93.34,37.21
25,106,2016-05-28-11,Normal,-92.19,41.74
32,21,2016-05-28-11,Normal,-88.77,40.76
12,22,2016-05-28-11,Normal,-91.24,41.67
32,21,2016-05-28-11,Normal,-88.42,41.11
14,56,2016-05-28-11,Normal,-94.46,37.16
21,54,2016-05-28-11,Normal,-88.77,40.76
17,27,2016-05-28-11,Normal,-93.01,38.97
24,89,2016-05-28-11,Normal,-91.47,41.74
15,92,2016-05-28-11,Normal,-94.38,38.99
27,60,2016-05-28-11,Normal,-92.85,38.93
24,89,2016-05-28-11,Normal,-91.32,41.71
26,38,2016-05-28-11,Normal,-92.99,37.34
20,33,2016-05-28-11,Normal,-90.68,35.12
25,106,2016-05-28-11,Normal,-92.74,41.75
19,65,2016-05-28-11,Normal,-97.37,36.79
11,39,2016-05-28-11,Normal,-92.4,41.78
29,68,2016-05-28-11,Normal,-97.34,36.63
13,69,2016-05-28-11,Normal,-90.07,35.1
23,44,2016-05-28-11,Normal,-91.74,34.89
23,44,2016-05-28-11,Normal,-91.38,34.83
10,43,2016-05-28-11,Normal,-92.89,37.51
29,68,2016-05-28-11,Normal,-97.35,36.4
20,33,2016-05-28-11,Normal,-90.37,35.21
12,22,2016-05-28-11,Normal,-92.4,41.78
24,89,2016-05-28-11,Normal,-90.7,41.62
17,27,2016-05-28-11,Normal,-92.38,38.98
11,39,2016-05-28-11,Normal,-93.04,41.71
16,71,2016-05-28-11,Normal,-91.05,41.72
13,69,2016-05-28-11,Normal,-90.07,35.68
27,60,2016-05-28-11,Normal,-92.38,38.98
11,39,2016-05-28-11,Normal,-93.36,41.69
18,11,2016-05-28-11,Normal,-90.63,39.7
19,65,2016-05-28-11,Normal,-97.14,36.41
17,86,2016-06-02-20,Normal,-91.19,38.83
28,34,2016-06-02-20,Normal,-90.52,39.71
20,47,2016-06-02-20,Normal,-91.59,41.7
27,59,2016-06-02-20,Normal,-91.19,38.83
16,69,2016-06-02-20,Normal,-91.63,41.72
18,16,2016-06-02-20,Normal,-90.63,39.7
11,19,2016-06-02-20,Normal,-88.07,41.48
22,24,2016-06-02-20,Normal,-91.93,34.81
18,16,2016-06-02-20,Normal,-90.52,39.71
24,102,2016-06-02-20,Normal,-87.67,41.87
25,53,2016-06-02-20,Normal,-89.8,35.94
21,21,2016-06-02-20,Normal,-94.59,39.1
12,55,2016-06-02-20,Normal,-90.07,35.68
16,69,2016-06-02-20,Normal,-91.78,42.23
31,82,2016-06-02-20,Normal,-94.59,39.1
28,34,2016-06-02-20,Normal,-90.97,39.72
32,84,2016-06-02-20,Normal,-92.09,34.8
21,21,2016-06-02-20,Normal,-94.38,38.99
15,48,2016-06-02-20,Normal,-92.31,34.78
29,108,2016-06-02-20,Normal,-96.97,36.24
10,23,2016-06-02-20,Normal,-91.55,38.04
12,55,2016-06-02-20,Normal,-90.24,35.35
22,24,2016-06-02-20,Normal,-92.31,34.78
25,53,2016-06-02-20,Normal,-90.24,35.35
24,102,2016-06-02-20,Normal,-88.77,40.76
26,42,2016-06-02-20,Normal,-91.99,37.94
30,41,2016-06-02-20,Normal,-90.2,41.59
16,69,2016-06-02-20,Normal,-91.63,41.72
12,55,2016-06-02-20,Normal,-90.07,35.1
21,21,2016-06-02-20,Normal,-94.38,38.67
18,16,2016-06-02-20,Normal,-91.36,39.76
11,19,2016-06-02-20,Normal,-88.77,40.76
25,53,2016-06-02-20,Normal,-90.07,35.1
31,82,2016-06-02-20,Normal,-94.35,38.33
22,24,2016-06-02-20,Normal,-91.74,34.89
24,102,2016-06-02-20,Normal,-89.63,39.84
14,15,2016-06-02-20,Normal,-94.35,38.33
29,108,2016-06-02-20,Normal,-95.99,36.17
25,53,2016-06-02-20,Normal,-90.24,35.35
13,10,2016-06-02-20,Normal,-89.6,41.76
11,19,2016-06-02-20,Normal,-89.63,39.84
21,21,2016-06-02-20,Normal,-94.37,38.0
16,69,2016-06-02-20,Normal,-91.05,41.72
28,34,2016-06-02-20,Normal,-91.8,39.67
25,53,2016-06-02-20,Normal,-90.07,35.68
13,10,2016-06-02-20,Normal,-89.29,41.85
22,24,2016-06-02-20,Normal,-91.14,34.96
28,34,2016-06-02-20,Normal,-92.07,39.71
26,42,2016-06-02-20,Normal,-92.61,37.7
27,59,2016-06-02-20,Normal,-92.53,38.98
13,10,2016-06-02-20,Normal,-89.03,41.92
12,55,2016-06-02-20,Normal,-89.65,36.37
17,86,2016-06-02-20,Normal,-92.85,38.93
30,41,2016-06-02-20,Normal,-88.96,42.25
26,42,2016-06-02-20,Normal,-92.74,37.6
32,84,2016-06-02-20,Normal,-90.94,35.03
17,86,2016-06-02-20,Normal,-93.01,38.97
27,59,2016-06-02-20,Normal,-92.85,38.93
25,53,2016-06-02-20,Normal,-89.54,36.84
16,69,2016-06-02-20,Normal,-90.44,41.54
21,21,2016-06-02-20,Normal,-94.46,37.16
20,47,2016-06-02-20,Normal,-88.96,42.25
30,41,2016-06-02-20,Normal,-88.41,42.11
23,93,2016-06-02-20,Normal,-90.29,40.96
31,82,2016-06-02-20,Normal,-94.58,37.03
26,42,2016-06-02-20,Normal,-92.99,37.34
13,10,2016-06-02-20,Normal,-88.41,42.11
14,15,2016-06-02-20,Normal,-94.58,37.03
18,16,2016-06-02-20,Normal,-92.74,39.76
16,69,2016-06-02-20,Normal,-89.52,40.7
15,48,2016-06-02-20,Normal,-90.37,35.21
12,55,2016-06-02-20,Normal,-89.71,37.47
24,102,2016-06-02-20,Normal,-89.17,40.38
15,48,2016-06-02-20,Normal,-90.04,35.19
20,47,2016-06-02-20,Normal,-88.02,42.04
18,16,2016-06-02-20,Normal,-92.94,39.77
19,109,2016-06-02-20,Normal,-94.88,35.47
25,53,2016-06-02-20,Normal,-90.0,37.72
13,10,2016-06-02-20,Normal,-87.66,41.89
27,59,2016-06-02-20,Normal,-93.45,38.99
16,69,2016-06-02-20,Normal,-89.52,40.7
24,102,2016-06-02-20,Normal,-88.42,41.11
21,21,2016-06-02-20,Normal,-94.31,37.31
14,15,2016-06-02-20,Normal,-94.3,37.66
22,24,2016-06-02-20,Normal,-90.37,35.21
19,109,2016-06-02-20,Normal,-94.22,35.5
29,108,2016-06-02-20,Normal,-94.22,35.5
20,47,2016-06-02-20,Normal,-87.66,41.89
11,19,2016-06-02-20,Normal,-88.42,41.11
14,15,2016-06-02-20,Normal,-94.37,38.0
24,102,2016-06-02-20,Normal,-88.07,41.48
12,55,2016-06-02-20,Normal,-90.15,38.62
29,108,2016-06-02-20,Normal,-93.61,35.51
16,69,2016-06-02-20,Normal,-90.44,41.54
10,23,2016-06-02-20,Normal,-93.96,37.08
20,47,2016-06-02-20,Normal,-88.02,42.04
24,102,2016-06-02-20,Normal,-87.67,41.87
12,55,2016-06-02-20,Normal,-90.15,38.62
28,34,2016-06-02-20,Normal,-93.93,39.76
19,109,2016-06-02-20,Normal,-93.61,35.51
25,53,2016-06-02-20,Normal,-90.15,38.62
24,102,2016-06-02-20,Normal,-87.67,41.87
17,86,2016-06-02-20,Normal,-94.44,39.1
22,24,2016-06-02-20,Normal,-91.38,34.83
29,108,2016-06-02-20,Normal,-93.12,35.31
13,10,2016-06-02-20,Normal,-88.64,42.21
20,47,2016-06-02-20,Normal,-88.64,42.21
13,10,2016-06-02-20,Normal,-88.96,42.25
15,48,2016-06-02-20,Normal,-91.38,34.83
18,16,2016-06-02-20,Normal,-94.25,39.73
21,21,2016-06-02-20,Normal,-94.38,38.99
11,19,2016-06-02-20,Normal,-88.07,41.48
29,108,2016-06-02-20,Normal,-92.87,35.25
31,82,2016-06-02-20,Normal,-94.59,39.1
13,10,2016-06-02-20,Normal,-89.03,41.92
10,23,2016-06-02-20,Normal,-95.01,36.73
28,34,2016-06-02-20,Normal,-94.24,39.63
25,53,2016-06-02-20,Normal,-90.0,37.72
27,59,2016-06-02-20,Normal,-94.44,39.1
15,48,2016-06-02-20,Normal,-91.93,34.81
10,23,2016-06-02-20,Normal,-95.14,36.66
13,10,2016-06-02-20,Normal,-89.29,41.85
30,41,2016-06-02-20,Normal,-89.6,41.76
28,34,2016-06-02-20,Normal,-94.28,39.53
17,86,2016-06-02-20,Normal,-94.0,39.03
32,84,2016-06-02-20,Normal,-92.09,34.8
14,15,2016-06-02-20,Normal,-94.38,38.67
32,84,2016-06-02-20,Normal,-92.31,34.78
21,21,2016-06-02-20,Normal,-94.38,38.99
22,24,2016-06-02-20,Normal,-92.31,34.78
26,42,2016-06-02-20,Normal,-95.69,36.25
16,69,2016-06-02-20,Normal,-91.63,41.72
21,21,2016-06-02-20,Normal,-94.35,38.33
29,108,2016-06-02-20,Normal,-92.25,34.92
26,42,2016-06-02-20,Normal,-95.5,36.37
15,48,2016-06-02-20,Normal,-92.31,34.78
12,55,2016-06-02-20,Normal,-89.8,35.94
25,53,2016-06-02-20,Normal,-89.65,36.37
20,47,2016-06-02-20,Normal,-89.88,41.77
11,19,2016-06-02-20,Normal,-90.2,38.65
14,15,2016-06-02-20,Normal,-94.35,38.33
18,16,2016-06-02-20,Normal,-94.57,39.15
31,82,2016-06-02-20,Normal,-94.3,37.66
26,42,2016-06-02-20,Normal,-95.76,36.18
27,59,2016-06-02-20,Normal,-93.85,39.01
21,21,2016-06-02-20,Normal,-94.3,37.66
18,16,2016-06-02-20,Normal,-94.57,39.15
14,15,2016-06-02-20,Normal,-94.3,37.66
24,102,2016-06-02-20,Normal,-90.2,38.65
18,16,2016-06-02-20,Normal,-94.42,39.27
28,34,2016-06-02-20,Normal,-94.42,39.27
19,109,2016-06-02-20,Normal,-92.53,35.15
25,53,2016-06-02-20,Normal,-90.07,35.68
10,23,2016-06-02-20,Normal,-95.99,36.17
17,86,2016-06-02-20,Normal,-93.01,38.97
22,24,2016-06-02-20,Normal,-91.38,34.83
26,42,2016-06-02-20,Normal,-95.76,36.18
31,82,2016-06-02-20,Normal,-94.46,37.16
27,59,2016-06-02-20,Normal,-93.2,38.98
13,10,2016-06-02-20,Normal,-91.59,41.7
15,48,2016-06-02-20,Normal,-91.38,34.83
22,24,2016-06-02-20,Normal,-91.14,34.96
18,16,2016-06-02-20,Normal,-94.28,39.53
12,55,2016-06-02-20,Normal,-90.07,35.1
19,109,2016-06-02-20,Normal,-93.12,35.31
17,86,2016-06-02-20,Normal,-92.63,38.95
10,23,2016-06-02-20,Normal,-95.69,36.25
23,93,2016-06-02-20,Normal,-90.44,41.54
26,42,2016-06-02-20,Normal,-95.5,36.37
28,34,2016-06-02-20,Normal,-94.24,39.63
30,41,2016-06-02-20,Normal,-92.19,41.74
20,47,2016-06-02-20,Normal,-92.19,41.74
16,69,2016-06-02-20,Normal,-90.44,41.54
12,55,2016-06-02-20,Normal,-90.07,35.68
14,15,2016-06-02-20,Normal,-94.3,37.66
30,41,2016-06-02-20,Normal,-91.24,41.67
32,84,2016-06-02-20,Normal,-92.31,34.78
27,59,2016-06-02-20,Normal,-90.55,38.81
29,108,2016-06-02-20,Normal,-97.14,36.41
20,47,2016-06-02-20,Normal,-91.24,41.67
24,102,2016-06-02-20,Normal,-89.17,40.38
12,55,2016-06-02-20,Normal,-89.71,37.47
15,48,2016-06-02-20,Normal,-92.31,34.78
26,42,2016-06-02-20,Normal,-92.31,37.81
23,93,2016-06-02-20,Normal,-91.47,41.74
20,47,2016-06-02-20,Normal,-90.82,41.66
24,102,2016-06-02-20,Normal,-88.77,40.76
15,48,2016-06-02-20,Normal,-92.09,34.8
27,59,2016-06-02-20,Normal,-90.21,38.65
21,21,2016-06-02-20,Normal,-94.46,37.16
22,24,2016-06-02-20,Normal,-91.74,34.89
21,21,2016-06-02-20,Normal,-94.58,37.03
17,86,2016-06-02-20,Normal,-90.55,38.81
28,34,2016-06-02-20,Normal,-91.2,39.75
28,34,2016-06-02-20,Normal,-90.97,39.72
11,19,2016-06-02-20,Normal,-88.77,40.76
21,21,2016-06-02-20,Normal,-94.58,37.03
23,93,2016-06-02-20,Normal,-91.05,41.72
25,53,2016-06-02-20,Normal,-89.56,37.2
13,10,2016-06-02-20,Normal,-90.2,41.59
10,23,2016-06-02-20,Normal,-90.69,38.5
29,108,2016-06-02-20,Normal,-97.32,37.15
30,41,2016-06-02-20,Normal,-87.66,41.89
13,10,2016-06-02-20,Normal,-87.66,41.89
31,82,2016-06-02-20,Normal,-94.59,39.1
25,53,2016-06-02-20,Normal,-89.8,35.94
26,42,2016-06-02-20,Normal,-90.18,38.64
22,24,2016-06-02-20,Normal,-91.14,34.96
14,15,2016-06-02-20,Normal,-94.38,38.99
18,16,2016-06-02-20,Normal,-89.66,39.78
14,15,2016-06-02-20,Normal,-94.38,38.67
24,102,2016-06-02-20,Normal,-89.74,39.1
17,86,2016-06-02-20,Normal,-92.38,38.98
31,82,2016-06-02-20,Normal,-94.38,38.67
15,48,2016-06-02-20,Normal,-91.14,34.96
16,69,2016-06-02-20,Normal,-91.05,41.72
11,19,2016-06-02-20,Normal,-89.74,39.1
10,23,2016-06-02-20,Normal,-90.18,38.64
23,93,2016-06-02-20,Normal,-91.32,41.71
27,59,2016-06-02-20,Normal,-92.38,38.98
19,109,2016-06-02-20,Normal,-97.37,36.79
24,102,2016-06-02-20,Normal,-89.17,40.38
32,84,2016-06-02-20,Normal,-91.93,34.81
30,41,2016-06-02-20,Normal,-88.64,42.21
10,23,2016-06-02-20,Normal,-90.18,38.64
16,69,2016-06-02-20,Normal,-90.44,41.54
18,16,2016-06-02-20,Normal,-91.36,39.76
32,84,2016-06-02-20,Normal,-90.94,35.03
29,108,2016-06-02-20,Normal,-95.3,35.64
23,93,2016-06-02-20,Normal,-90.29,40.96
10,23,2016-06-02-20,Normal,-91.69,37.99
27,59,2016-06-02-20,Normal,-94.31,39.04
26,42,2016-06-02-20,Normal,-92.08,37.81
11,19,2016-06-02-20,Normal,-89.63,39.84
17,86,2016-06-02-20,Normal,-94.44,39.1
14,15,2016-06-02-20,Normal,-94.38,38.67
29,108,2016-06-02-20,Normal,-95.15,35.51
32,84,2016-06-02-20,Normal,-90.37,35.21
24,102,2016-06-02-20,Normal,-89.74,39.1
17,86,2016-06-02-20,Normal,-94.31,39.04
28,34,2016-06-02-20,Normal,-91.59,39.68
23,93,2016-06-02-20,Normal,-89.52,40.7
31,82,2016-06-02-20,Normal,-94.38,38.99
20,47,2016-06-02-20,Normal,-92.4,41.78
29,108,2016-06-02-20,Normal,-94.57,35.37
10,23,2016-06-02-20,Normal,-92.31,37.81
16,69,2016-06-02-20,Normal,-89.52,40.7
27,59,2016-06-02-20,Normal,-94.44,39.1
20,47,2016-06-02-20,Normal,-92.74,41.75
18,16,2016-06-02-20,Normal,-92.27,39.76
13,10,2016-06-02-20,Normal,-92.4,41.78
12,55,2016-06-02-20,Normal,-89.56,37.2
19,109,2016-06-02-20,Normal,-92.25,34.92
23,93,2016-06-02-20,Normal,-91.78,42.23
30,41,2016-06-02-20,Normal,-91.94,41.71
27,59,2016-06-02-20,Normal,-92.53,38.98
10,23,2016-06-02-20,Normal,-94.54,37.02
15,48,2016-06-02-20,Normal,-92.31,34.78
30,41,2016-06-02-20,Normal,-91.59,41.7
23,93,2016-06-02-20,Normal,-91.78,42.23
22,24,2016-06-02-20,Normal,-92.09,34.8
24,102,2016-06-02-20,Normal,-92.31,34.78
12,55,2016-06-02-20,Normal,-90.0,37.72
19,109,2016-06-02-20,Normal,-92.25,34.75
28,34,2016-06-02-20,Normal,-94.25,39.73
25,53,2016-06-02-20,Normal,-89.71,37.47
24,102,2016-06-02-20,Normal,-92.09,34.8
18,16,2016-06-02-20,Normal,-94.28,39.53
23,93,2016-06-02-20,Normal,-91.47,41.74
19,109,2016-06-02-20,Normal,-92.25,34.92
10,23,2016-06-02-20,Normal,-95.01,36.73
29,108,2016-06-02-20,Normal,-92.87,35.25
20,47,2016-06-02-20,Normal,-90.82,41.66
27,59,2016-06-02-20,Normal,-92.03,38.97
15,48,2016-06-02-20,Normal,-91.74,34.89
21,21,2016-06-02-20,Normal,-89.63,39.84
23,93,2016-06-02-20,Normal,-91.32,41.71
20,47,2016-06-02-20,Normal,-90.64,41.56
23,93,2016-06-02-20,Normal,-91.05,41.72
16,69,2016-06-02-20,Normal,-91.05,41.72
27,59,2016-06-02-20,Normal,-91.74,38.94
27,59,2016-06-02-20,Normal,-91.56,38.93
17,86,2016-06-02-20,Normal,-91.33,38.87
21,21,2016-06-02-20,Normal,-88.77,40.76
18,16,2016-06-02-20,Normal,-94.57,39.15
15,48,2016-06-02-20,Normal,-91.14,34.96
31,82,2016-06-02-20,Normal,-88.42,41.11
11,19,2016-06-02-20,Normal,-89.03,41.92
24,102,2016-06-02-20,Normal,-91.14,34.96
12,55,2016-06-02-20,Normal,-90.35,38.43
13,10,2016-06-02-20,Normal,-90.2,41.59
15,48,2016-06-02-20,Normal,-90.94,35.03
30,41,2016-06-02-20,Normal,-89.88,41.77
32,84,2016-06-02-20,Normal,-90.68,35.12
21,21,2016-06-02-20,Normal,-88.07,41.48
11,19,2016-06-02-20,Normal,-88.96,42.25
28,34,2016-06-02-20,Normal,-94.57,39.15
30,41,2016-06-02-20,Normal,-89.6,41.76
31,82,2016-06-02-20,Normal,-87.67,41.87
25,53,2016-06-02-20,Normal,-90.35,38.43
23,93,2016-06-02-20,Normal,-90.0,37.72
29,108,2016-06-02-20,Normal,-95.56,35.97
17,86,2016-06-02-20,Normal,-90.21,38.65
15,48,2016-06-02-20,Normal,-90.44,41.54
25,53,2016-06-02-20,Normal,-89.65,36.37
19,109,2016-06-02-20,Normal,-95.42,35.87
22,24,2016-06-02-20,Normal,-91.14,34.96
25,53,2016-06-02-20,Normal,-89.8,35.94
14,15,2016-06-02-20,Normal,-90.7,41.62
23,93,2016-06-02-20,Normal,-89.56,37.2
20,47,2016-06-02-20,Normal,-87.66,41.89
27,59,2016-06-02-20,Normal,-90.21,38.65
18,16,2016-06-02-20,Normal,-93.33,39.77
22,24,2016-06-02-20,Normal,-91.38,34.83
32,84,2016-06-02-20,Normal,-91.32,41.71
18,16,2016-06-02-20,Normal,-93.13,39.78
24,102,2016-06-02-20,Normal,-91.38,34.83
14,15,2016-06-02-20,Normal,-90.44,41.54
26,42,2016-06-02-20,Normal,-94.54,37.02
17,86,2016-06-02-20,Normal,-90.67,38.82
15,48,2016-06-02-20,Normal,-91.32,41.71
18,16,2016-06-02-20,Normal,-92.94,39.77
21,21,2016-06-02-20,Normal,-90.2,38.65
24,102,2016-06-02-20,Normal,-91.74,34.89
12,55,2016-06-02-20,Normal,-90.07,35.1
11,19,2016-06-02-20,Normal,-90.82,41.66
14,15,2016-06-02-20,Normal,-90.29,40.96
30,41,2016-06-02-20,Normal,-89.6,41.76
27,59,2016-06-02-20,Normal,-91.33,38.87
32,84,2016-06-02-20,Normal,-91.32,41.71
18,16,2016-06-02-20,Normal,-91.8,39.67
10,23,2016-06-02-20,Normal,-93.14,37.26
22,24,2016-06-02-20,Normal,-91.38,34.83
11,19,2016-06-02-20,Normal,-91.24,41.67
24,102,2016-06-02-20,Normal,-91.74,34.89
10,23,2016-06-02-20,Normal,-92.99,37.34
24,102,2016-06-02-20,Normal,-91.93,34.81
22,24,2016-06-02-20,Normal,-91.14,34.96
19,109,2016-06-02-20,Normal,-97.37,36.79
25,53,2016-06-02-20,Normal,-89.71,37.47
18,16,2016-06-02-20,Normal,-91.2,39.75
22,24,2016-06-02-20,Normal,-90.94,35.03
27,59,2016-06-02-20,Normal,-91.56,38.93
11,19,2016-06-02-20,Normal,-91.59,41.7
28,34,2016-06-02-20,Normal,-91.8,39.67
31,82,2016-06-02-20,Normal,-87.67,41.87
23,93,2016-06-02-20,Normal,-89.8,35.94
21,21,2016-06-02-20,Normal,-87.67,41.87
26,42,2016-06-02-20,Normal,-92.61,37.7
31,82,2016-06-02-20,Normal,-88.07,41.48
24,89,2016-06-02-20,Normal,-90.29,40.96
21,54,2016-06-02-20,Normal,-88.07,41.48
28,90,2016-06-02-20,Normal,-90.79,39.69
13,69,2016-06-02-20,Normal,-89.8,35.94
17,27,2016-06-02-20,Normal,-92.03,38.97
11,39,2016-06-02-20,Normal,-93.58,41.62
21,54,2016-06-02-20,Normal,-88.42,41.11
17,27,2016-06-02-20,Normal,-91.74,38.94
16,71,2016-06-02-20,Normal,-91.47,41.74
25,106,2016-06-02-20,Normal,-93.36,41.69
32,21,2016-06-02-20,Normal,-89.63,39.84
25,106,2016-06-02-20,Normal,-93.04,41.71
17,86,2016-06-02-20,Normal,-90.21,38.65
14,15,2016-06-02-20,Normal,-94.58,37.03
11,19,2016-06-02-20,Normal,-90.2,38.65
22,24,2016-06-02-20,Normal,-90.04,35.19
16,69,2016-06-02-20,Normal,-89.91,40.86
10,23,2016-06-02-20,Normal,-90.18,38.64
29,108,2016-06-02-20,Normal,-97.32,37.48
14,15,2016-06-02-20,Normal,-94.46,37.16
19,109,2016-06-02-20,Normal,-97.32,37.48
26,42,2016-06-02-20,Normal,-90.34,38.58
15,48,2016-06-02-20,Normal,-90.37,35.21
26,42,2016-06-02-20,Normal,-90.53,38.51
17,86,2016-06-02-20,Normal,-90.55,38.81
23,93,2016-06-02-20,Normal,-90.29,40.96
30,41,2016-06-02-20,Normal,-93.04,41.71
25,53,2016-06-02-20,Normal,-90.24,38.0
10,23,2016-06-02-20,Normal,-90.53,38.51
22,24,2016-06-02-20,Normal,-90.94,35.03
14,15,2016-06-02-20,Normal,-94.3,37.66
20,47,2016-06-02-20,Normal,-92.74,41.75
31,82,2016-06-02-20,Normal,-94.3,37.66
30,41,2016-06-02-20,Normal,-92.74,41.75
24,102,2016-06-02-20,Normal,-88.77,40.76
14,15,2016-06-02-20,Normal,-94.37,38.0
18,16,2016-06-02-20,Normal,-90.24,39.72
28,34,2016-06-02-20,Normal,-90.24,39.72
27,59,2016-06-02-20,Normal,-90.79,38.83
26,42,2016-06-02-20,Normal,-91.07,38.31
21,21,2016-06-02-20,Normal,-94.35,38.33
19,109,2016-06-02-20,Normal,-97.37,36.91
18,16,2016-06-02-20,Normal,-90.24,39.72
25,53,2016-06-02-20,Normal,-89.56,37.2
16,69,2016-06-02-20,Normal,-91.05,41.72
12,55,2016-06-02-20,Normal,-89.54,36.84
21,21,2016-06-02-20,Normal,-94.38,38.67
28,34,2016-06-02-20,Normal,-90.37,39.71
18,16,2016-06-02-20,Normal,-90.37,39.71
20,47,2016-06-02-20,Normal,-91.94,41.71
17,86,2016-06-02-20,Normal,-92.38,38.98
28,34,2016-06-02-20,Normal,-94.25,39.73
15,48,2016-06-02-20,Normal,-90.68,35.12
21,21,2016-06-02-20,Normal,-94.46,37.16
13,10,2016-06-02-20,Normal,-92.4,41.78
21,21,2016-06-02-20,Normal,-94.31,37.31
23,93,2016-06-02-20,Normal,-89.52,40.7
14,15,2016-06-02-20,Normal,-94.3,37.66
17,86,2016-06-02-20,Normal,-92.03,38.97
24,102,2016-06-02-20,Normal,-87.67,41.87
25,53,2016-06-02-20,Normal,-90.07,35.68
19,109,2016-06-02-20,Normal,-93.92,35.53
15,48,2016-06-02-20,Normal,-90.37,35.21
19,109,2016-06-02-20,Normal,-94.57,35.37
17,86,2016-06-02-20,Normal,-91.74,38.94
25,53,2016-06-02-20,Normal,-89.8,35.94
29,108,2016-06-02-20,Normal,-95.15,35.51
21,21,2016-06-02-20,Normal,-94.3,37.66
29,108,2016-06-02-20,Normal,-94.88,35.47
25,53,2016-06-02-20,Normal,-89.65,36.37
27,59,2016-06-02-20,Normal,-92.22,38.96
31,82,2016-06-02-20,Normal,-94.35,38.33
19,109,2016-06-02-20,Normal,-94.88,35.47
15,48,2016-06-02-20,Normal,-90.37,35.21
24,102,2016-06-02-20,Normal,-88.42,41.11
17,86,2016-06-02-20,Normal,-91.56,38.93
16,69,2016-06-02-20,Normal,-89.91,40.86
18,16,2016-06-02-20,Normal,-93.13,39.78
22,24,2016-06-02-20,Normal,-90.68,35.12
30,41,2016-06-02-20,Normal,-93.58,41.62
28,34,2016-06-02-20,Normal,-93.13,39.78
29,108,2016-06-02-20,Normal,-95.42,35.87
13,10,2016-06-02-20,Normal,-93.58,41.62
17,86,2016-06-02-20,Normal,-91.19,38.83
16,69,2016-06-02-20,Normal,-90.44,41.54
23,93,2016-06-02-20,Normal,-90.7,41.62
31,82,2016-06-02-20,Normal,-94.38,38.99
22,24,2016-06-02-20,Normal,-90.94,35.03
21,21,2016-06-02-20,Normal,-94.38,38.99
19,109,2016-06-02-20,Normal,-95.42,35.87
18,16,2016-06-02-20,Normal,-92.74,39.76
23,93,2016-06-02-20,Normal,-91.05,41.72
18,16,2016-06-02-20,Normal,-92.57,39.77
30,41,2016-06-02-20,Normal,-92.74,41.75
21,21,2016-06-02-20,Normal,-94.59,39.1
24,102,2016-06-02-20,Normal,-89.63,39.84
14,15,2016-06-02-20,Normal,-94.59,39.1
17,86,2016-06-02-20,Normal,-90.93,38.82
26,42,2016-06-02-20,Normal,-93.14,37.26
29,108,2016-06-02-20,Normal,-95.99,36.17
30,41,2016-06-02-20,Normal,-92.4,41.78
19,109,2016-06-02-20,Normal,-95.76,36.08
13,10,2016-06-02-20,Normal,-92.74,41.75
22,24,2016-06-02-20,Normal,-91.74,34.89
28,34,2016-06-02-20,Normal,-92.42,39.76
20,47,2016-06-02-20,Normal,-92.4,41.78
30,41,2016-06-02-20,Normal,-92.19,41.74
17,86,2016-06-02-20,Normal,-90.67,38.82
22,24,2016-06-02-20,Normal,-91.93,34.81
16,69,2016-06-02-20,Normal,-91.47,41.74
15,48,2016-06-02-20,Normal,-91.93,34.81
24,102,2016-06-02-20,Normal,-90.2,38.65
12,55,2016-06-02-20,Normal,-90.35,38.43
31,82,2016-06-02-20,Normal,-94.35,38.33
28,34,2016-06-02-20,Normal,-92.07,39.71
24,102,2016-06-02-20,Normal,-89.74,39.1
12,55,2016-06-02-20,Normal,-90.24,38.0
27,59,2016-06-02-20,Normal,-90.79,38.83
28,34,2016-06-02-20,Normal,-91.8,39.67
18,16,2016-06-02-20,Normal,-91.59,39.68
15,48,2016-06-02-20,Normal,-92.09,34.8
31,82,2016-06-02-20,Normal,-94.37,38.0
20,47,2016-06-02-20,Normal,-91.59,41.7
24,102,2016-06-02-20,Normal,-89.63,39.84
28,34,2016-06-02-20,Normal,-90.79,39.69
25,53,2016-06-02-20,Normal,-89.54,36.84
11,19,2016-06-02-20,Normal,-88.07,41.48
21,21,2016-06-02-20,Normal,-94.46,37.16
18,16,2016-06-02-20,Normal,-90.63,39.7
13,10,2016-06-02-20,Normal,-89.88,41.77
14,15,2016-06-02-20,Normal,-94.31,37.31
18,16,2016-06-02-20,Normal,-90.52,39.71
26,42,2016-06-02-20,Normal,-91.55,38.04
29,108,2016-06-02-20,Normal,-97.32,37.15
27,59,2016-06-02-20,Normal,-90.67,38.82
24,102,2016-06-02-20,Normal,-88.07,41.48
30,41,2016-06-02-20,Normal,-89.29,41.85
15,48,2016-06-02-20,Normal,-90.94,35.03
12,55,2016-06-02-20,Normal,-90.24,35.35
29,108,2016-06-02-20,Normal,-97.32,37.27
27,59,2016-06-02-20,Normal,-90.79,38.83
16,69,2016-06-02-20,Normal,-90.29,40.96
23,93,2016-06-02-20,Normal,-89.91,40.86
25,53,2016-06-02-20,Normal,-90.07,35.68
11,19,2016-06-02-20,Normal,-88.07,41.48
13,10,2016-06-02-20,Normal,-89.03,41.92
28,34,2016-06-02-20,Normal,-90.24,39.72
25,53,2016-06-02-20,Normal,-90.24,35.35
27,59,2016-06-02-20,Normal,-90.93,38.82
30,41,2016-06-02-20,Normal,-88.64,42.21
24,102,2016-06-02-20,Normal,-88.77,40.76
20,47,2016-06-02-20,Normal,-88.64,42.21
27,59,2016-06-02-20,Normal,-91.1,38.83
28,34,2016-06-02-20,Normal,-90.24,39.72
25,53,2016-06-02-20,Normal,-90.07,35.1
13,10,2016-06-02-20,Normal,-88.64,42.21
19,109,2016-06-02-20,Normal,-97.36,37.69
28,34,2016-06-02-20,Normal,-90.14,39.76
15,48,2016-06-02-20,Normal,-90.04,35.19
26,42,2016-06-02-20,Normal,-90.86,38.46
27,59,2016-06-02-20,Normal,-91.19,38.83
24,102,2016-06-02-20,Normal,-89.63,39.84
30,41,2016-06-02-20,Normal,-88.02,42.04
22,24,2016-06-02-20,Normal,-90.68,35.12
16,69,2016-06-02-20,Normal,-89.91,40.86
11,19,2016-06-02-20,Normal,-89.63,39.84
23,93,2016-06-02-20,Normal,-90.29,40.96
28,34,2016-06-02-20,Normal,-89.78,39.77
10,23,2016-06-02-20,Normal,-90.86,38.46
16,69,2016-06-02-20,Normal,-90.29,40.96
19,109,2016-06-02-20,Normal,-97.34,36.63
15,48,2016-06-02-20,Normal,-91.74,34.89
10,23,2016-06-02-20,Normal,-90.34,38.58
32,84,2016-06-02-20,Normal,-92.09,34.8
31,82,2016-06-02-20,Normal,-94.37,38.0
27,59,2016-06-02-20,Normal,-92.63,38.95
16,69,2016-06-02-20,Normal,-91.47,41.74
24,102,2016-06-02-20,Normal,-88.77,40.76
10,23,2016-06-02-20,Normal,-90.53,38.51
13,10,2016-06-02-20,Normal,-88.96,42.25
15,48,2016-06-02-20,Normal,-92.09,34.8
16,69,2016-06-02-20,Normal,-91.78,42.23
29,108,2016-06-02-20,Normal,-96.68,36.2
13,10,2016-06-02-20,Normal,-89.29,41.85
15,48,2016-06-02-20,Normal,-92.31,34.78
15,48,2016-06-02-20,Normal,-91.93,34.81
24,102,2016-06-02-20,Normal,-88.42,41.11
26,42,2016-06-02-20,Normal,-90.86,38.46
20,47,2016-06-02-20,Normal,-89.88,41.77
30,41,2016-06-02-20,Normal,-89.29,41.85
32,84,2016-06-02-20,Normal,-92.09,34.8
20,47,2016-06-02-20,Normal,-89.6,41.76
32,84,2016-06-02-20,Normal,-92.31,34.78
11,19,2016-06-02-20,Normal,-88.07,41.48
24,102,2016-06-02-20,Normal,-87.67,41.87
18,16,2016-06-02-20,Normal,-90.52,39.71
14,15,2016-06-02-20,Normal,-94.58,37.03
24,102,2016-06-02-20,Normal,-87.67,41.87
22,24,2016-06-02-20,Normal,-91.93,34.81
32,84,2016-06-02-20,Normal,-91.93,34.81
28,34,2016-06-02-20,Normal,-90.52,39.71
27,59,2016-06-02-20,Normal,-93.45,38.99
17,86,2016-06-02-20,Normal,-93.85,39.01
24,102,2016-06-02-20,Normal,-88.07,41.48
29,108,2016-06-02-20,Normal,-95.99,36.17
20,47,2016-06-02-20,Normal,-90.64,41.56
19,109,2016-06-02-20,Normal,-96.21,36.19
26,42,2016-06-02-20,Normal,-91.44,38.09
10,23,2016-06-02-20,Normal,-91.3,38.14
14,15,2016-06-02-20,Normal,-94.31,37.31
20,47,2016-06-02-20,Normal,-90.82,41.66
13,10,2016-06-02-20,Normal,-90.64,41.56
30,41,2016-06-02-20,Normal,-90.82,41.66
18,16,2016-06-02-20,Normal,-90.97,39.72
29,108,2016-06-02-20,Normal,-95.56,35.97
31,82,2016-06-02-20,Normal,-94.3,37.66
14,15,2016-06-02-20,Normal,-94.3,37.66
30,41,2016-06-02-20,Normal,-91.24,41.67
17,86,2016-06-02-20,Normal,-94.31,39.04
28,34,2016-06-02-20,Normal,-90.97,39.72
20,47,2016-06-02-20,Normal,-91.59,41.7
15,48,2016-06-02-20,Normal,-91.14,34.96
19,109,2016-06-02-20,Normal,-94.88,35.47
16,69,2016-06-02-20,Normal,-89.91,40.86
25,53,2016-06-02-20,Normal,-89.8,35.94
28,34,2016-06-02-20,Normal,-92.07,39.71
22,24,2016-06-02-20,Normal,-90.37,35.21
19,109,2016-06-02-20,Normal,-94.57,35.37
11,19,2016-06-02-20,Normal,-93.36,41.69
29,108,2016-06-02-20,Normal,-93.92,35.53
13,10,2016-06-02-20,Normal,-93.04,41.71
32,84,2016-06-02-20,Normal,-90.68,35.12
11,19,2016-06-02-20,Normal,-93.04,41.71
24,102,2016-06-02-20,Normal,-90.68,35.12
30,41,2016-06-02-20,Normal,-93.36,41.69
15,48,2016-06-02-20,Normal,-90.68,35.12
23,93,2016-06-02-20,Normal,-90.44,41.54
22,24,2016-06-02-20,Normal,-90.94,35.03
22,24,2016-06-02-20,Normal,-91.14,34.96
32,84,2016-06-02-20,Normal,-91.14,34.96
19,109,2016-06-02-20,Normal,-93.61,35.51
31,82,2016-06-02-20,Normal,-94.38,38.67
19,109,2016-06-02-20,Normal,-93.92,35.53
15,48,2016-06-02-20,Normal,-90.94,35.03
16,69,2016-06-02-20,Normal,-90.7,41.62
11,19,2016-06-02-20,Normal,-92.4,41.78
15,48,2016-06-02-20,Normal,-91.14,34.96
16,69,2016-06-02-20,Normal,-91.05,41.72
20,47,2016-06-02-20,Normal,-93.36,41.69
14,15,2016-06-02-20,Normal,-94.37,38.0
17,86,2016-06-02-20,Normal,-93.01,38.97
23,93,2016-06-02-20,Normal,-91.05,41.72
11,19,2016-06-02-20,Normal,-91.94,41.71
10,23,2016-06-02-20,Normal,-93.34,37.21
28,34,2016-06-02-20,Normal,-92.94,39.77
15,48,2016-06-02-20,Normal,-91.38,34.83
16,69,2016-06-02-20,Normal,-91.47,41.74
27,59,2016-06-02-20,Normal,-93.2,38.98
30,41,2016-06-02-20,Normal,-92.74,41.75
24,102,2016-06-02-20,Normal,-91.74,34.89
13,10,2016-06-02-20,Normal,-93.04,41.71
25,53,2016-06-02-20,Normal,-89.8,35.94
31,82,2016-06-02-20,Normal,-94.46,37.16
26,42,2016-06-02-20,Normal,-94.23,37.09
17,86,2016-06-02-20,Normal,-92.85,38.93
10,23,2016-06-02-20,Normal,-93.69,37.16
26,42,2016-06-02-20,Normal,-93.96,37.08
30,41,2016-06-02-20,Normal,-92.4,41.78
14,15,2016-06-02-20,Normal,-94.46,37.16
25,53,2016-06-02-20,Normal,-89.65,36.37
32,84,2016-06-02-20,Normal,-92.31,34.78
20,47,2016-06-02-20,Normal,-92.19,41.74
14,15,2016-06-02-20,Normal,-91.63,41.72
10,23,2016-06-02-20,Normal,-95.99,36.17
30,41,2016-06-02-20,Normal,-89.29,41.85
21,21,2016-06-02-20,Normal,-87.67,41.87
29,108,2016-06-02-20,Normal,-94.88,35.47
17,86,2016-06-02-20,Normal,-90.67,38.82
18,16,2016-06-02-20,Normal,-94.24,39.63
24,102,2016-06-02-20,Normal,-90.04,35.19
14,15,2016-06-02-20,Normal,-91.63,41.72
12,55,2016-06-02-20,Normal,-89.71,37.47
23,93,2016-06-02-20,Normal,-89.52,40.7
12,55,2016-06-02-20,Normal,-89.56,37.2
19,109,2016-06-02-20,Normal,-94.88,35.47
25,53,2016-06-02-20,Normal,-89.71,37.47
32,84,2016-06-02-20,Normal,-90.29,40.96
22,24,2016-06-02-20,Normal,-90.37,35.21
12,55,2016-06-02-20,Normal,-89.65,36.37
15,48,2016-06-02-20,Normal,-89.91,40.86
26,42,2016-06-02-20,Normal,-95.5,36.37
31,82,2016-06-02-20,Normal,-89.17,40.38
19,109,2016-06-02-20,Normal,-95.15,35.51
16,69,2016-06-02-20,Normal,-90.29,40.96
28,34,2016-06-02-20,Normal,-94.25,39.73
32,84,2016-06-02-20,Normal,-90.44,41.54
18,16,2016-06-02-20,Normal,-93.93,39.76
31,82,2016-06-02-20,Normal,-89.74,39.1
26,42,2016-06-02-20,Normal,-94.23,37.09
13,10,2016-06-02-20,Normal,-88.02,42.04
11,19,2016-06-02-20,Normal,-89.6,41.76
25,53,2016-06-02-20,Normal,-90.07,35.1
23,93,2016-06-02-20,Normal,-89.8,35.94
32,84,2016-06-02-20,Normal,-91.78,42.23
10,23,2016-06-02-20,Normal,-94.23,37.09
31,82,2016-06-02-20,Normal,-89.17,40.38
18,16,2016-06-02-20,Normal,-92.42,39.76
26,42,2016-06-02-20,Normal,-93.96,37.08
21,21,2016-06-02-20,Normal,-89.63,39.84
15,48,2016-06-02-20,Normal,-91.78,42.23
26,42,2016-06-02-20,Normal,-93.34,37.21
24,102,2016-06-02-20,Normal,-92.09,34.8
25,53,2016-06-02-20,Normal,-90.24,35.35
23,93,2016-06-02-20,Normal,-90.07,35.1
27,59,2016-06-02-20,Normal,-91.19,38.83
18,16,2016-06-02-20,Normal,-92.07,39.71
11,19,2016-06-02-20,Normal,-90.2,41.59
23,93,2016-06-02-20,Normal,-90.24,35.35
16,69,2016-06-02-20,Normal,-91.78,42.23
11,19,2016-06-02-20,Normal,-90.64,41.56
25,53,2016-06-02-20,Normal,-89.8,35.94
20,47,2016-06-02-20,Normal,-90.82,41.66
12,55,2016-06-02-20,Normal,-90.24,38.0
24,102,2016-06-02-20,Normal,-90.94,35.03
30,41,2016-06-02-20,Normal,-90.82,41.66
14,15,2016-06-02-20,Normal,-91.47,41.74
31,82,2016-06-02-20,Normal,-88.42,41.11
13,10,2016-06-02-20,Normal,-90.64,41.56
10,23,2016-06-02-20,Normal,-92.61,37.7
28,34,2016-06-02-20,Normal,-91.2,39.75
11,19,2016-06-02-20,Normal,-92.74,41.75
23,93,2016-06-02-20,Normal,-89.56,37.2
22,24,2016-06-02-20,Normal,-90.37,35.21
25,53,2016-06-02-20,Normal,-90.35,38.43
24,102,2016-06-02-20,Normal,-90.37,35.21
10,23,2016-06-02-20,Normal,-92.31,37.81
26,42,2016-06-02-20,Normal,-91.99,37.94
20,47,2016-06-02-20,Normal,-91.59,41.7
30,41,2016-06-02-20,Normal,-91.59,41.7
32,84,2016-06-02-20,Normal,-89.52,40.7
14,15,2016-06-02-20,Normal,-91.78,42.23
11,19,2016-06-02-20,Normal,-93.36,41.69
20,47,2016-06-02-20,Normal,-92.19,41.74
31,82,2016-06-02-20,Normal,-89.74,39.1
23,93,2016-06-02-20,Normal,-90.0,37.72
28,34,2016-06-02-20,Normal,-90.63,39.7
14,15,2016-06-02-20,Normal,-90.44,41.54
26,42,2016-06-02-20,Normal,-90.53,38.51
13,10,2016-06-02-20,Normal,-91.94,41.71
19,100,2016-06-02-20,Normal,-97.36,37.69
16,46,2016-06-02-20,Normal,-89.52,40.7
23,66,2016-06-02-20,Normal,-89.52,40.7
14,18,2016-06-02-20,Normal,-94.46,37.16
21,105,2016-06-02-20,Normal,-94.58,37.03
22,24,2016-06-02-20,Normal,-90.04,35.19
12,74,2016-06-02-20,Normal,-90.35,38.43
20,79,2016-06-02-20,Normal,-93.36,41.69
18,49,2016-06-02-20,Normal,-89.78,39.77
24,68,2016-06-02-20,Normal,-89.74,39.1
14,18,2016-06-02-20,Normal,-94.31,37.31
17,92,2016-06-02-20,Normal,-90.41,38.75
13,12,2016-06-02-20,Normal,-93.04,41.71
30,95,2016-06-02-20,Normal,-93.04,41.71
15,32,2016-06-02-20,Normal,-90.68,35.12
23,66,2016-06-02-20,Normal,-90.44,41.54
11,27,2016-06-02-20,Normal,-89.17,40.38
18,49,2016-06-02-20,Normal,-89.96,39.74
28,58,2016-06-02-20,Normal,-89.96,39.74
24,68,2016-06-02-20,Normal,-89.17,40.38
20,79,2016-06-02-20,Normal,-92.74,41.75
29,16,2016-06-02-20,Normal,-97.32,37.15
23,66,2016-06-02-20,Normal,-90.7,41.62
14,18,2016-06-02-20,Normal,-94.37,38.0
29,16,2016-06-02-20,Normal,-97.37,36.91
13,12,2016-06-02-20,Normal,-92.4,41.78
26,17,2016-06-02-20,Normal,-90.86,38.46
10,39,2016-06-02-20,Normal,-91.07,38.31
23,66,2016-06-02-20,Normal,-91.05,41.72
12,74,2016-06-02-20,Normal,-89.56,37.2
15,32,2016-06-02-20,Normal,-91.38,34.83
16,46,2016-06-02-20,Normal,-91.32,41.71
14,18,2016-06-02-20,Normal,-94.35,38.33
22,24,2016-06-02-20,Normal,-91.38,34.83
20,79,2016-06-02-20,Normal,-91.94,41.71
20,79,2016-06-02-20,Normal,-92.19,41.74
14,18,2016-06-02-20,Normal,-94.38,38.67
19,100,2016-06-02-20,Normal,-97.35,36.4
23,66,2016-06-02-20,Normal,-91.32,41.71
30,95,2016-06-02-20,Normal,-91.59,41.7
18,49,2016-06-02-20,Normal,-90.52,39.71
12,74,2016-06-02-20,Normal,-89.54,36.84
10,39,2016-06-02-20,Normal,-91.3,38.14
31,48,2016-06-02-20,Normal,-94.38,38.99
30,95,2016-06-02-20,Normal,-91.24,41.67
21,105,2016-06-02-20,Normal,-94.38,38.99
17,92,2016-06-02-20,Normal,-91.19,38.83
32,71,2016-06-02-20,Normal,-92.09,34.8
13,12,2016-06-02-20,Normal,-89.6,41.76
17,92,2016-06-02-20,Normal,-92.22,38.96
18,49,2016-06-02-20,Normal,-91.59,39.68
12,74,2016-06-02-20,Normal,-90.24,35.35
14,18,2016-06-02-20,Normal,-94.37,38.0
22,24,2016-06-02-20,Normal,-91.74,34.89
17,92,2016-06-02-20,Normal,-92.38,38.98
11,27,2016-06-02-20,Normal,-89.74,39.1
24,68,2016-06-02-20,Normal,-89.74,39.1
29,16,2016-06-02-20,Normal,-95.76,36.08
20,79,2016-06-02-20,Normal,-89.29,41.85
19,100,2016-06-02-20,Normal,-95.56,35.97
12,74,2016-06-02-20,Normal,-90.07,35.68
27,81,2016-06-02-20,Normal,-92.53,38.98
16,46,2016-06-02-20,Normal,-90.7,41.62
23,66,2016-06-02-20,Normal,-90.7,41.62
17,92,2016-06-02-20,Normal,-92.63,38.95
18,49,2016-06-02-20,Normal,-92.27,39.76
32,71,2016-06-02-20,Normal,-91.14,34.96
19,100,2016-06-02-20,Normal,-95.42,35.87
30,95,2016-06-02-20,Normal,-88.96,42.25
12,74,2016-06-02-20,Normal,-89.65,36.37
10,39,2016-06-02-20,Normal,-92.74,37.6
29,16,2016-06-02-20,Normal,-95.42,35.87
15,32,2016-06-02-20,Normal,-90.94,35.03
20,79,2016-06-02-20,Normal,-88.64,42.21
23,66,2016-06-02-20,Normal,-90.29,40.96
12,74,2016-06-02-20,Normal,-89.54,36.84
28,58,2016-06-02-20,Normal,-92.42,39.76
13,12,2016-06-02-20,Normal,-88.41,42.11
19,100,2016-06-02-20,Normal,-95.15,35.51
31,48,2016-06-02-20,Normal,-94.58,37.03
30,95,2016-06-02-20,Normal,-88.41,42.11
28,58,2016-06-02-20,Normal,-92.57,39.77
27,81,2016-06-02-20,Normal,-93.2,38.98
12,74,2016-06-02-20,Normal,-89.56,37.2
13,12,2016-06-02-20,Normal,-88.02,42.04
22,24,2016-06-02-20,Normal,-90.04,35.19
14,18,2016-06-02-20,Normal,-94.46,37.16
26,17,2016-06-02-20,Normal,-93.14,37.26
31,48,2016-06-02-20,Normal,-94.31,37.31
32,71,2016-06-02-20,Normal,-90.04,35.19
18,49,2016-06-02-20,Normal,-92.94,39.77
13,12,2016-06-02-20,Normal,-87.66,41.89
21,105,2016-06-02-20,Normal,-94.3,37.66
25,21,2016-06-02-20,Normal,-90.0,37.72
23,66,2016-06-02-20,Normal,-89.52,40.7
12,74,2016-06-02-20,Normal,-90.0,37.72
20,79,2016-06-02-20,Normal,-87.66,41.89
18,49,2016-06-02-20,Normal,-93.13,39.78
19,100,2016-06-02-20,Normal,-92.87,35.25
26,17,2016-06-02-20,Normal,-95.01,36.73
15,32,2016-06-02-20,Normal,-91.74,34.89
19,100,2016-06-02-20,Normal,-92.53,35.15
24,68,2016-06-02-20,Normal,-88.77,40.76
23,66,2016-06-02-20,Normal,-91.47,41.74
21,105,2016-06-02-20,Normal,-94.59,39.1
17,92,2016-06-02-20,Normal,-94.44,39.1
30,95,2016-06-02-20,Normal,-89.03,41.92
25,21,2016-06-02-20,Normal,-90.0,37.72
14,18,2016-06-02-20,Normal,-94.59,39.1
13,12,2016-06-02-20,Normal,-89.6,41.76
27,81,2016-06-02-20,Normal,-94.31,39.04
25,21,2016-06-02-20,Normal,-89.71,37.47
24,68,2016-06-02-20,Normal,-89.17,40.38
23,66,2016-06-02-20,Normal,-91.63,41.72
16,46,2016-06-02-20,Normal,-91.63,41.72
13,12,2016-06-02-20,Normal,-89.88,41.77
18,49,2016-06-02-20,Normal,-94.36,39.37
21,105,2016-06-02-20,Normal,-94.38,38.67
26,17,2016-06-02-20,Normal,-95.5,36.37
28,58,2016-06-02-20,Normal,-94.36,39.37
17,92,2016-06-02-20,Normal,-94.0,39.03
26,17,2016-06-02-20,Normal,-95.69,36.25
32,71,2016-06-02-20,Normal,-92.31,34.78
11,27,2016-06-02-20,Normal,-89.74,39.1
28,58,2016-06-02-20,Normal,-94.42,39.27
17,92,2016-06-02-20,Normal,-93.85,39.01
29,16,2016-06-02-20,Normal,-92.25,34.92
12,74,2016-06-02-20,Normal,-89.54,36.84
18,49,2016-06-02-20,Normal,-94.57,39.15
25,21,2016-06-02-20,Normal,-89.65,36.37
23,66,2016-06-02-20,Normal,-91.63,41.72
31,48,2016-06-02-20,Normal,-94.3,37.66
25,21,2016-06-02-20,Normal,-89.8,35.94
14,18,2016-06-02-20,Normal,-94.37,38.0
24,68,2016-06-02-20,Normal,-90.2,38.65
22,24,2016-06-02-20,Normal,-91.93,34.81
23,66,2016-06-02-20,Normal,-91.47,41.74
29,16,2016-06-02-20,Normal,-92.87,35.25
15,32,2016-06-02-20,Normal,-91.93,34.81
30,95,2016-06-02-20,Normal,-91.24,41.67
16,46,2016-06-02-20,Normal,-91.32,41.71
19,100,2016-06-02-20,Normal,-92.87,35.25
20,79,2016-06-02-20,Normal,-91.24,41.67
14,18,2016-06-02-20,Normal,-94.31,37.31
29,16,2016-06-02-20,Normal,-93.12,35.31
25,21,2016-06-02-20,Normal,-90.24,35.35
26,17,2016-06-02-20,Normal,-95.76,36.18
25,21,2016-06-02-20,Normal,-89.8,35.94
24,68,2016-06-02-20,Normal,-87.67,41.87
31,48,2016-06-02-20,Normal,-94.37,38.0
26,17,2016-06-02-20,Normal,-95.01,36.73
23,66,2016-06-02-20,Normal,-89.52,40.7
22,24,2016-06-02-20,Normal,-90.04,35.19
26,17,2016-06-02-20,Normal,-94.83,36.84
25,21,2016-06-02-20,Normal,-89.65,36.37
30,95,2016-06-02-20,Normal,-93.04,41.71
11,27,2016-06-02-20,Normal,-87.67,41.87
28,58,2016-06-02-20,Normal,-93.6,39.77
19,100,2016-06-02-20,Normal,-95.15,35.51
14,18,2016-06-02-20,Normal,-94.35,38.33
13,12,2016-06-02-20,Normal,-93.58,41.62
26,17,2016-06-02-20,Normal,-94.54,37.02
11,27,2016-06-02-20,Normal,-88.07,41.48
32,71,2016-06-02-20,Normal,-90.68,35.12
27,81,2016-06-02-20,Normal,-91.74,38.94
25,21,2016-06-02-20,Normal,-89.56,37.2
13,12,2016-06-02-20,Normal,-93.58,41.62
26,17,2016-06-02-20,Normal,-94.23,37.09
24,68,2016-06-02-20,Normal,-88.77,40.76
29,16,2016-06-02-20,Normal,-95.42,35.87
16,46,2016-06-02-20,Normal,-90.29,40.96
25,21,2016-06-02-20,Normal,-89.71,37.47
18,49,2016-06-02-20,Normal,-92.94,39.77
28,58,2016-06-02-20,Normal,-92.94,39.77
16,46,2016-06-02-20,Normal,-90.44,41.54
31,48,2016-06-02-20,Normal,-94.59,39.1
19,100,2016-06-02-20,Normal,-95.56,35.97
27,81,2016-06-02-20,Normal,-91.19,38.83
15,32,2016-06-02-20,Normal,-91.14,34.96
24,68,2016-06-02-20,Normal,-89.17,40.38
19,100,2016-06-02-20,Normal,-95.76,36.08
18,49,2016-06-02-20,Normal,-92.74,39.76
17,92,2016-06-02-20,Normal,-91.1,38.83
30,95,2016-06-02-20,Normal,-93.36,41.69
31,48,2016-06-02-20,Normal,-94.38,38.99
32,71,2016-06-02-20,Normal,-91.38,34.83
21,105,2016-06-02-20,Normal,-94.38,38.99
20,79,2016-06-02-20,Normal,-92.74,41.75
24,68,2016-06-02-20,Normal,-90.2,38.65
25,21,2016-06-02-20,Normal,-90.15,38.62
14,18,2016-06-02-20,Normal,-94.38,38.99
25,21,2016-06-02-20,Normal,-90.35,38.43
11,27,2016-06-02-20,Normal,-89.74,39.1
28,58,2016-06-02-20,Normal,-92.27,39.76
10,39,2016-06-02-20,Normal,-93.34,37.21
19,100,2016-06-02-20,Normal,-96.21,36.19
18,49,2016-06-02-20,Normal,-92.27,39.76
21,105,2016-06-02-20,Normal,-94.38,38.67
14,18,2016-06-02-20,Normal,-94.35,38.33
22,24,2016-06-02-20,Normal,-91.93,34.81
20,79,2016-06-02-20,Normal,-91.94,41.71
11,27,2016-06-02-20,Normal,-90.2,38.65
28,58,2016-06-02-20,Normal,-92.07,39.71
10,39,2016-06-02-20,Normal,-92.99,37.34
31,48,2016-06-02-20,Normal,-94.37,38.0
16,46,2016-06-02-20,Normal,-91.63,41.72
17,92,2016-06-02-20,Normal,-90.55,38.81
32,71,2016-06-02-20,Normal,-92.31,34.78
14,18,2016-06-02-20,Normal,-94.3,37.66
16,46,2016-06-02-20,Normal,-91.78,42.23
21,105,2016-06-02-20,Normal,-94.37,38.0
27,81,2016-06-02-20,Normal,-90.55,38.81
23,66,2016-06-02-20,Normal,-91.78,42.23
12,74,2016-06-02-20,Normal,-90.35,38.43
24,68,2016-06-02-20,Normal,-89.17,40.38
10,39,2016-06-02-20,Normal,-92.74,37.6
29,16,2016-06-02-20,Normal,-97.35,36.4
19,100,2016-06-02-20,Normal,-97.14,36.41
18,49,2016-06-02-20,Normal,-91.36,39.76
28,58,2016-06-02-20,Normal,-91.36,39.76
24,68,2016-06-02-20,Normal,-88.77,40.76
10,39,2016-06-02-20,Normal,-92.61,37.7
29,16,2016-06-02-20,Normal,-97.34,36.63
26,17,2016-06-02-20,Normal,-92.31,37.81
31,48,2016-06-02-20,Normal,-94.58,37.03
16,46,2016-06-02-20,Normal,-91.47,41.74
20,79,2016-06-02-20,Normal,-90.64,41.56
30,95,2016-06-02-20,Normal,-90.82,41.66
17,92,2016-06-02-20,Normal,-90.41,38.75
22,24,2016-06-02-20,Normal,-91.74,34.89
14,18,2016-06-02-20,Normal,-94.58,37.03
32,71,2016-06-02-20,Normal,-91.74,34.89
14,18,2016-06-02-20,Normal,-94.58,37.03
31,48,2016-06-02-20,Normal,-94.58,37.03
32,71,2016-06-02-20,Normal,-91.38,34.83
21,105,2016-06-02-20,Normal,-94.58,37.03
13,12,2016-06-02-20,Normal,-89.88,41.77
28,58,2016-06-02-20,Normal,-90.79,39.69
19,100,2016-06-02-20,Normal,-97.37,36.91
25,21,2016-06-02-20,Normal,-89.65,36.37
12,74,2016-06-02-20,Normal,-89.54,36.84
20,79,2016-06-02-20,Normal,-89.6,41.76
28,58,2016-06-02-20,Normal,-90.63,39.7
26,17,2016-06-02-20,Normal,-91.55,38.04
24,68,2016-06-02-20,Normal,-87.67,41.87
19,100,2016-06-02-20,Normal,-97.32,37.15
24,68,2016-06-02-20,Normal,-88.07,41.48
32,71,2016-06-02-20,Normal,-92.31,34.78
19,100,2016-06-02-20,Normal,-96.68,36.2
15,32,2016-06-02-20,Normal,-92.09,34.8
23,66,2016-06-02-20,Normal,-91.78,42.23
24,68,2016-06-02-20,Normal,-87.67,41.87
22,24,2016-06-02-20,Normal,-92.31,34.78
21,105,2016-06-02-20,Normal,-94.58,37.03
30,95,2016-06-02-20,Normal,-89.29,41.85
27,81,2016-06-02-20,Normal,-93.2,38.98
31,48,2016-06-02-20,Normal,-94.58,37.03
18,49,2016-06-02-20,Normal,-90.52,39.71
13,12,2016-06-02-20,Normal,-89.88,41.77
20,79,2016-06-02-20,Normal,-89.88,41.77
17,92,2016-06-02-20,Normal,-93.65,39.0
23,66,2016-06-02-20,Normal,-91.47,41.74
15,32,2016-06-02-20,Normal,-92.09,34.8
21,105,2016-06-02-20,Normal,-94.58,37.03
16,46,2016-06-02-20,Normal,-91.63,41.72
31,48,2016-06-02-20,Normal,-94.46,37.16
11,27,2016-06-02-20,Normal,-87.67,41.87
29,16,2016-06-02-20,Normal,-95.76,36.08
23,66,2016-06-02-20,Normal,-91.32,41.71
26,17,2016-06-02-20,Normal,-91.3,38.14
12,74,2016-06-02-20,Normal,-90.15,38.62
24,68,2016-06-02-20,Normal,-88.42,41.11
11,27,2016-06-02-20,Normal,-88.07,41.48
10,39,2016-06-02-20,Normal,-91.18,38.22
26,17,2016-06-02-20,Normal,-91.44,38.09
12,74,2016-06-02-20,Normal,-90.35,38.43
27,81,2016-06-02-20,Normal,-94.0,39.03
14,18,2016-06-02-20,Normal,-94.3,37.66
13,12,2016-06-02-20,Normal,-91.24,41.67
11,27,2016-06-02-20,Normal,-88.42,41.11
19,100,2016-06-02-20,Normal,-95.56,35.97
30,95,2016-06-02-20,Normal,-90.82,41.66
12,74,2016-06-02-20,Normal,-90.24,38.0
25,21,2016-06-02-20,Normal,-89.71,37.47
10,39,2016-06-02-20,Normal,-91.44,38.09
21,105,2016-06-02-20,Normal,-94.37,38.0
18,49,2016-06-02-20,Normal,-91.36,39.76
31,48,2016-06-02-20,Normal,-94.37,38.0
19,100,2016-06-02-20,Normal,-95.3,35.64
24,68,2016-06-02-20,Normal,-89.74,39.1
12,74,2016-06-02-20,Normal,-89.71,37.47
13,12,2016-06-02-20,Normal,-92.19,41.74
27,81,2016-06-02-20,Normal,-94.31,39.04
10,39,2016-06-02-20,Normal,-91.55,38.04
31,48,2016-06-02-20,Normal,-94.35,38.33
15,32,2016-06-02-20,Normal,-90.94,35.03
14,18,2016-06-02-20,Normal,-94.38,38.67
31,48,2016-06-02-20,Normal,-94.38,38.67
24,68,2016-06-02-20,Normal,-90.2,38.65
23,66,2016-06-02-20,Normal,-89.52,40.7
14,18,2016-06-02-20,Normal,-94.38,38.99
18,49,2016-06-02-20,Normal,-92.07,39.71
28,58,2016-06-02-20,Normal,-92.07,39.71
28,58,2016-06-02-20,Normal,-91.8,39.67
31,48,2016-06-02-20,Normal,-94.38,38.99
26,17,2016-06-02-20,Normal,-92.31,37.81
23,66,2016-06-02-20,Normal,-89.52,40.7
14,18,2016-06-02-20,Normal,-94.59,39.1
24,68,2016-06-02-20,Normal,-93.36,41.69
29,16,2016-06-02-20,Normal,-94.22,35.5
27,81,2016-06-02-20,Normal,-94.16,39.04
25,21,2016-06-02-20,Normal,-90.07,35.68
15,32,2016-06-02-20,Normal,-90.04,35.19
16,46,2016-06-02-20,Normal,-89.52,40.7
11,27,2016-06-02-20,Normal,-90.2,38.65
18,49,2016-06-02-20,Normal,-92.42,39.76
27,81,2016-06-02-20,Normal,-94.0,39.03
22,24,2016-06-02-20,Normal,-90.37,35.21
31,48,2016-06-02-20,Normal,-94.38,38.99
25,21,2016-06-02-20,Normal,-90.24,35.35
32,71,2016-06-02-20,Normal,-90.68,35.12
17,92,2016-06-02-20,Normal,-93.65,39.0
21,105,2016-06-02-20,Normal,-94.31,37.31
17,92,2016-06-02-20,Normal,-92.63,38.95
26,17,2016-06-02-20,Normal,-93.69,37.16
32,71,2016-06-02-20,Normal,-91.93,34.81
14,18,2016-06-02-20,Normal,-94.31,37.31
22,24,2016-06-02-20,Normal,-91.93,34.81
14,18,2016-06-02-20,Normal,-94.46,37.16
28,58,2016-06-02-20,Normal,-93.93,39.76
25,21,2016-06-02-20,Normal,-89.65,36.37
17,92,2016-06-02-20,Normal,-92.53,38.98
27,81,2016-06-02-20,Normal,-92.63,38.95
20,79,2016-06-02-20,Normal,-92.4,41.78
31,48,2016-06-02-20,Normal,-94.58,37.03
30,95,2016-06-02-20,Normal,-92.4,41.78
13,12,2016-06-02-20,Normal,-91.94,41.71
24,68,2016-06-02-20,Normal,-90.64,41.56
25,21,2016-06-02-20,Normal,-89.56,37.2
16,46,2016-06-02-20,Normal,-91.78,42.23
14,18,2016-06-02-20,Normal,-94.58,37.03
28,58,2016-06-02-20,Normal,-94.25,39.73
26,17,2016-06-02-20,Normal,-94.54,37.02
27,81,2016-06-02-20,Normal,-92.38,38.98
29,16,2016-06-02-20,Normal,-92.53,35.15
17,92,2016-06-02-20,Normal,-92.03,38.97
21,105,2016-06-02-20,Normal,-89.74,39.1
12,74,2016-06-02-20,Normal,-89.56,37.2
25,21,2016-06-02-20,Normal,-90.0,37.72
13,12,2016-06-02-20,Normal,-91.24,41.67
23,66,2016-06-02-20,Normal,-91.47,41.74
31,48,2016-06-02-20,Normal,-90.29,40.96
22,24,2016-06-02-20,Normal,-91.93,34.81
26,17,2016-06-02-20,Normal,-95.01,36.73
29,16,2016-06-02-20,Normal,-93.12,35.31
32,71,2016-06-02-20,Normal,-91.93,34.81
21,105,2016-06-02-20,Normal,-89.17,40.38
23,66,2016-06-02-20,Normal,-91.05,41.72
25,21,2016-06-02-20,Normal,-90.24,38.0
19,100,2016-06-02-20,Normal,-93.12,35.31
21,105,2016-06-02-20,Normal,-88.77,40.76
12,74,2016-06-02-20,Normal,-90.24,38.0
20,79,2016-06-02-20,Normal,-90.64,41.56
17,92,2016-06-02-20,Normal,-91.56,38.93
15,32,2016-06-02-20,Normal,-91.38,34.83
28,58,2016-06-02-20,Normal,-94.36,39.37
25,21,2016-06-02-20,Normal,-90.35,38.43
26,17,2016-06-02-20,Normal,-95.35,36.47
18,49,2016-06-02-20,Normal,-94.42,39.27
10,39,2016-06-02-20,Normal,-95.14,36.66
22,24,2016-06-02-20,Normal,-91.14,34.96
31,48,2016-06-02-20,Normal,-91.63,41.72
13,12,2016-06-02-20,Normal,-88.41,42.11
15,32,2016-06-02-20,Normal,-90.04,35.19
29,16,2016-06-02-20,Normal,-95.3,35.64
12,74,2016-06-02-20,Normal,-89.71,37.47
20,79,2016-06-02-20,Normal,-88.64,42.21
15,32,2016-06-02-20,Normal,-90.35,38.43
18,49,2016-06-02-20,Normal,-94.15,39.77
14,18,2016-06-02-20,Normal,-91.47,41.74
12,74,2016-06-02-20,Normal,-89.56,37.2
15,32,2016-06-02-20,Normal,-90.24,38.0
28,58,2016-06-02-20,Normal,-93.93,39.76
23,66,2016-06-02-20,Normal,-91.14,34.96
29,16,2016-06-02-20,Normal,-95.42,35.87
28,58,2016-06-02-20,Normal,-94.15,39.77
16,46,2016-06-02-20,Normal,-90.0,37.72
11,27,2016-06-02-20,Normal,-89.91,40.86
24,68,2016-06-02-20,Normal,-88.64,42.21
29,16,2016-06-02-20,Normal,-95.76,36.08
22,24,2016-06-02-20,Normal,-94.3,37.66
15,32,2016-06-02-20,Normal,-90.0,37.72
10,39,2016-06-02-20,Normal,-95.35,36.47
30,95,2016-06-02-20,Normal,-88.02,42.04
28,58,2016-06-02-20,Normal,-93.6,39.77
15,32,2016-06-02-20,Normal,-89.71,37.47
12,74,2016-06-02-20,Normal,-90.07,35.1
23,66,2016-06-02-20,Normal,-92.31,34.78
30,95,2016-06-02-20,Normal,-88.64,42.21
26,17,2016-06-02-20,Normal,-93.69,37.16
15,32,2016-06-02-20,Normal,-90.07,35.68
12,74,2016-06-02-20,Normal,-90.24,35.35
21,105,2016-06-02-20,Normal,-88.77,40.76
13,12,2016-06-02-20,Normal,-89.6,41.76
32,71,2016-06-02-20,Normal,-91.63,41.72
11,27,2016-06-02-20,Normal,-91.78,42.23
26,17,2016-06-02-20,Normal,-93.34,37.21
14,18,2016-06-02-20,Normal,-89.91,40.86
20,79,2016-06-02-20,Normal,-89.6,41.76
18,49,2016-06-02-20,Normal,-91.8,39.67
25,21,2016-06-02-20,Normal,-89.54,36.84
31,48,2016-06-02-20,Normal,-90.44,41.54
18,49,2016-06-02-20,Normal,-91.59,39.68
25,21,2016-06-02-20,Normal,-89.65,36.37
16,46,2016-06-02-20,Normal,-90.07,35.1
19,100,2016-06-02-20,Normal,-97.35,36.4
23,66,2016-06-02-20,Normal,-91.38,34.83
27,81,2016-06-02-20,Normal,-91.33,38.87
10,39,2016-06-02-20,Normal,-93.34,37.21
11,27,2016-06-02-20,Normal,-91.63,41.72
32,71,2016-06-02-20,Normal,-91.05,41.72
16,46,2016-06-02-20,Normal,-90.24,35.35
31,48,2016-06-02-20,Normal,-90.7,41.62
20,79,2016-06-02-20,Normal,-91.94,41.71
24,68,2016-06-02-20,Normal,-93.04,41.71
16,46,2016-06-02-20,Normal,-89.56,37.2
26,17,2016-06-02-20,Normal,-92.08,37.81
19,100,2016-06-02-20,Normal,-97.36,37.69
27,81,2016-06-02-20,Normal,-92.63,38.95
18,49,2016-06-02-20,Normal,-90.37,39.71
15,32,2016-06-02-20,Normal,-89.56,37.2
21,105,2016-06-02-20,Normal,-89.74,39.1
19,100,2016-06-02-20,Normal,-97.32,37.48
16,46,2016-06-02-20,Normal,-90.0,37.72
12,74,2016-06-02-20,Normal,-90.15,38.62
31,48,2016-06-02-20,Normal,-91.47,41.74
14,18,2016-06-02-20,Normal,-91.47,41.74
20,79,2016-06-02-20,Normal,-93.04,41.71
23,66,2016-06-02-20,Normal,-90.04,35.19
16,46,2016-06-02-20,Normal,-89.71,37.47
14,18,2016-06-02-20,Normal,-91.78,42.23
27,81,2016-06-02-20,Normal,-92.85,38.93
14,18,2016-06-02-20,Normal,-91.63,41.72
26,17,2016-06-02-20,Normal,-91.69,37.99
11,27,2016-06-02-20,Normal,-89.52,40.7
15,32,2016-06-02-20,Normal,-90.24,38.0
22,24,2016-06-02-20,Normal,-94.37,38.0
27,81,2016-06-02-20,Normal,-93.2,38.98
30,95,2016-06-02-20,Normal,-92.4,41.78
11,27,2016-06-02-20,Normal,-90.29,40.96
24,68,2016-06-02-20,Normal,-93.04,41.71
10,39,2016-06-02-20,Normal,-91.69,37.99
26,17,2016-06-02-20,Normal,-91.44,38.09
13,12,2016-06-02-20,Normal,-93.58,41.62
22,24,2016-06-02-20,Normal,-94.38,38.67
12,74,2016-06-02-20,Normal,-89.63,39.84
10,39,2016-06-02-20,Normal,-91.55,38.04
18,49,2016-06-02-20,Normal,-89.78,39.77
20,79,2016-06-02-20,Normal,-93.58,41.62
16,46,2016-06-02-20,Normal,-90.15,38.62
10,39,2016-06-02-20,Normal,-91.44,38.09
17,92,2016-06-02-20,Normal,-93.85,39.01
24,68,2016-06-02-20,Normal,-92.4,41.78
30,95,2016-06-02-20,Normal,-93.36,41.69
28,58,2016-06-02-20,Normal,-89.78,39.77
22,24,2016-06-02-20,Normal,-94.38,38.99
31,48,2016-06-02-20,Normal,-90.44,41.54
15,32,2016-06-02-20,Normal,-90.35,38.43
16,46,2016-06-02-20,Normal,-90.24,38.0
23,66,2016-06-02-20,Normal,-91.93,34.81
29,16,2016-06-02-20,Normal,-97.35,36.4
19,100,2016-06-02-20,Normal,-97.35,36.4
17,92,2016-06-02-20,Normal,-94.16,39.04
26,17,2016-06-02-20,Normal,-90.86,38.46
14,18,2016-06-02-20,Normal,-90.29,40.96
15,32,2016-06-02-20,Normal,-90.0,37.72
11,27,2016-06-02-20,Normal,-91.32,41.71
17,92,2016-06-02-20,Normal,-94.31,39.04
26,17,2016-06-02-20,Normal,-90.69,38.5
16,46,2016-06-02-20,Normal,-89.71,37.47
20,79,2016-06-02-20,Normal,-92.74,41.75
21,105,2016-06-02-20,Normal,-88.07,41.48
11,27,2016-06-02-20,Normal,-91.47,41.74
15,32,2016-06-02-20,Normal,-89.71,37.47
26,17,2016-06-02-20,Normal,-90.53,38.51
16,46,2016-06-02-20,Normal,-89.56,37.2
31,48,2016-06-02-20,Normal,-89.52,40.7
25,21,2016-06-02-20,Normal,-90.64,41.56
22,24,2016-06-02-20,Normal,-94.38,38.67
27,81,2016-06-02-20,Normal,-94.44,39.1
23,66,2016-06-02-20,Normal,-92.09,34.8
17,92,2016-06-02-20,Normal,-94.44,39.1
18,49,2016-06-02-20,Normal,-90.24,39.72
28,58,2016-06-02-20,Normal,-90.14,39.76
26,17,2016-06-02-20,Normal,-90.18,38.64
25,21,2016-06-02-20,Normal,-90.2,41.59
20,79,2016-06-02-20,Normal,-91.94,41.71
27,81,2016-06-02-20,Normal,-94.31,39.04
13,12,2016-06-02-20,Normal,-91.59,41.7
20,79,2016-06-02-20,Normal,-91.59,41.7
21,105,2016-06-02-20,Normal,-88.07,41.48
32,71,2016-06-02-20,Normal,-91.47,41.74
14,18,2016-06-02-20,Normal,-90.29,40.96
23,66,2016-06-02-20,Normal,-91.74,34.89
31,48,2016-06-02-20,Normal,-90.44,41.54
11,27,2016-06-02-20,Normal,-91.63,41.72
30,95,2016-06-02-20,Normal,-92.19,41.74
12,74,2016-06-02-20,Normal,-89.17,40.38
17,92,2016-06-02-20,Normal,-94.0,39.03
15,32,2016-06-02-20,Normal,-90.07,35.68
16,46,2016-06-02-20,Normal,-90.07,35.68
28,58,2016-06-02-20,Normal,-90.37,39.71
10,39,2016-06-02-20,Normal,-90.18,38.64
14,18,2016-06-02-20,Normal,-90.7,41.62
21,105,2016-06-02-20,Normal,-89.17,40.38
17,92,2016-06-02-20,Normal,-93.85,39.01
13,12,2016-06-02-20,Normal,-90.64,41.56
16,46,2016-06-02-20,Normal,-90.07,35.1
29,16,2016-06-02-20,Normal,-95.56,35.97
19,100,2016-06-02-20,Normal,-95.56,35.97
12,74,2016-06-02-20,Normal,-89.74,39.1
32,71,2016-06-02-20,Normal,-91.05,41.72
23,66,2016-06-02-20,Normal,-91.38,34.83
26,17,2016-06-02-20,Normal,-92.31,37.81
21,105,2016-06-02-20,Normal,-88.07,41.48
20,79,2016-06-02-20,Normal,-87.66,41.89
31,48,2016-06-02-20,Normal,-90.44,41.54
30,95,2016-06-02-20,Normal,-88.41,42.11
19,100,2016-06-02-20,Normal,-93.12,35.31
14,18,2016-06-02-20,Normal,-90.7,41.62
13,12,2016-06-02-20,Normal,-87.66,41.89
23,66,2016-06-02-20,Normal,-91.93,34.81
24,68,2016-06-02-20,Normal,-88.96,42.25
11,27,2016-06-02-20,Normal,-91.05,41.72
18,49,2016-06-02-20,Normal,-92.94,39.77
16,46,2016-06-02-20,Normal,-90.35,38.43
26,17,2016-06-02-20,Normal,-92.61,37.7
10,39,2016-06-02-20,Normal,-92.31,37.81
19,100,2016-06-02-20,Normal,-92.53,35.15
17,92,2016-06-02-20,Normal,-91.33,38.87
28,58,2016-06-02-20,Normal,-92.94,39.77
11,27,2016-06-02-20,Normal,-91.32,41.71
18,49,2016-06-02-20,Normal,-93.33,39.77
22,24,2016-06-02-20,Normal,-94.38,38.67
12,74,2016-06-02-20,Normal,-88.77,40.76
25,21,2016-06-02-20,Normal,-89.88,41.77
10,39,2016-06-02-20,Normal,-94.23,37.09
32,71,2016-06-02-20,Normal,-89.91,40.86
31,48,2016-06-02-20,Normal,-91.63,41.72
26,17,2016-06-02-20,Normal,-95.01,36.73
23,66,2016-06-02-20,Normal,-90.04,35.19
16,46,2016-06-02-20,Normal,-90.24,35.35
29,16,2016-06-02-20,Normal,-94.57,35.37
32,71,2016-06-02-20,Normal,-89.52,40.7
11,27,2016-06-02-20,Normal,-90.29,40.96
30,95,2016-06-02-20,Normal,-90.82,41.66
19,100,2016-06-02-20,Normal,-94.57,35.37
29,16,2016-06-02-20,Normal,-94.88,35.47
18,49,2016-06-02-20,Normal,-94.36,39.37
28,58,2016-06-02-20,Normal,-94.57,39.15
17,92,2016-06-02-20,Normal,-90.67,38.82
32,71,2016-06-02-20,Normal,-89.52,40.7
11,27,2016-06-02-20,Normal,-89.52,40.7
19,100,2016-06-02-20,Normal,-94.88,35.47
26,17,2016-06-02-20,Normal,-95.5,36.37
29,16,2016-06-02-20,Normal,-95.15,35.51
31,48,2016-06-02-20,Normal,-91.47,41.74
11,27,2016-06-02-20,Normal,-89.52,40.7
21,105,2016-06-02-20,Normal,-88.07,41.48
20,79,2016-06-02-20,Normal,-92.19,41.74
22,24,2016-06-02-20,Normal,-94.38,38.67
18,49,2016-06-02-20,Normal,-94.24,39.63
21,105,2016-06-02-20,Normal,-87.67,41.87
14,18,2016-06-02-20,Normal,-89.52,40.7
13,12,2016-06-02-20,Normal,-92.4,41.78
25,21,2016-06-02-20,Normal,-90.64,41.56
22,24,2016-06-02-20,Normal,-94.58,37.03
19,100,2016-06-02-20,Normal,-97.14,36.41
29,16,2016-06-02-20,Normal,-97.35,36.4
27,81,2016-06-02-20,Normal,-92.63,38.95
15,32,2016-06-02-20,Normal,-90.15,38.62
14,18,2016-06-02-20,Normal,-89.91,40.86
17,92,2016-06-02-20,Normal,-92.85,38.93
13,12,2016-06-02-20,Normal,-92.19,41.74
27,81,2016-06-02-20,Normal,-92.85,38.93
18,49,2016-06-02-20,Normal,-92.27,39.76
21,105,2016-06-02-20,Normal,-90.94,35.03
13,12,2016-06-02-20,Normal,-91.59,41.7
27,81,2016-06-02-20,Normal,-93.01,38.97
25,21,2016-06-02-20,Normal,-90.2,41.59
20,79,2016-06-02-20,Normal,-91.94,41.71
24,68,2016-06-02-20,Normal,-89.88,41.77
32,71,2016-06-02-20,Normal,-91.05,41.72
24,68,2016-06-02-20,Normal,-90.2,41.59
20,79,2016-06-02-20,Normal,-91.59,41.7
14,18,2016-06-02-20,Normal,-90.7,41.62
16,46,2016-06-02-20,Normal,-90.24,38.0
22,24,2016-06-02-20,Normal,-94.38,38.67
29,16,2016-06-02-20,Normal,-97.37,36.79
12,74,2016-06-02-20,Normal,-90.2,38.65
21,105,2016-06-02-20,Normal,-91.38,34.83
11,27,2016-06-02-20,Normal,-89.17,40.38
23,66,2016-06-02-20,Normal,-91.38,34.83
32,71,2016-06-02-20,Normal,-91.05,41.72
23,66,2016-06-02-20,Normal,-91.74,34.89
30,95,2016-06-02-20,Normal,-89.03,41.92
26,17,2016-06-02-20,Normal,-91.99,37.94
24,68,2016-06-02-20,Normal,-88.41,42.11
28,58,2016-06-02-20,Normal,-90.24,39.72
20,79,2016-06-02-20,Normal,-88.02,42.04
21,105,2016-06-02-20,Normal,-90.94,35.03
30,95,2016-06-02-20,Normal,-88.96,42.25
10,39,2016-06-02-20,Normal,-92.48,37.8
12,74,2016-06-02-20,Normal,-89.63,39.84
24,68,2016-06-02-20,Normal,-88.96,42.25
32,71,2016-06-02-20,Normal,-91.47,41.74
17,92,2016-06-02-20,Normal,-93.85,39.01
13,12,2016-06-02-20,Normal,-87.66,41.89
15,32,2016-06-02-20,Normal,-89.8,35.94
11,27,2016-06-02-20,Normal,-88.42,41.11
17,92,2016-06-02-20,Normal,-93.65,39.0
31,48,2016-06-02-20,Normal,-89.52,40.7
14,18,2016-06-02-20,Normal,-91.32,41.71
16,46,2016-06-02-20,Normal,-90.15,38.62
12,74,2016-06-02-20,Normal,-89.17,40.38
19,100,2016-06-02-20,Normal,-95.3,35.64
14,18,2016-06-02-20,Normal,-91.47,41.74
22,24,2016-06-02-20,Normal,-91.47,41.74
26,17,2016-06-02-20,Normal,-90.18,38.64
25,21,2016-06-02-20,Normal,-92.4,41.78
12,74,2016-06-02-20,Normal,-89.63,39.84
21,105,2016-06-02-20,Normal,-92.09,34.8
16,46,2016-06-02-20,Normal,-90.24,38.0
32,71,2016-06-02-20,Normal,-90.35,38.43
27,81,2016-06-02-20,Normal,-91.56,38.93
10,39,2016-06-02-20,Normal,-90.18,38.64
19,100,2016-06-02-20,Normal,-94.57,35.37
24,68,2016-06-02-20,Normal,-92.74,41.75
11,27,2016-06-02-20,Normal,-89.63,39.84
22,24,2016-06-02-20,Normal,-91.78,42.23
20,79,2016-06-02-20,Normal,-91.24,41.67
27,81,2016-06-02-20,Normal,-91.19,38.83
10,39,2016-06-02-20,Normal,-90.34,38.58
14,18,2016-06-02-20,Normal,-91.78,42.23
15,32,2016-06-02-20,Normal,-89.56,37.2
28,58,2016-06-02-20,Normal,-90.97,39.72
14,18,2016-06-02-20,Normal,-91.63,41.72
26,17,2016-06-02-20,Normal,-91.55,38.04
16,46,2016-06-02-20,Normal,-90.07,35.68
28,58,2016-06-02-20,Normal,-92.07,39.71
14,18,2016-06-02-20,Normal,-90.44,41.54
23,66,2016-06-02-20,Normal,-89.8,35.94
26,17,2016-06-02-20,Normal,-91.69,37.99
13,12,2016-06-02-20,Normal,-93.58,41.62
31,48,2016-06-02-20,Normal,-88.02,42.04
24,68,2016-06-02-20,Normal,-92.4,41.78
18,49,2016-06-02-20,Normal,-92.94,39.77
22,24,2016-06-02-20,Normal,-89.91,40.86
24,68,2016-06-02-20,Normal,-92.19,41.74
16,46,2016-06-02-20,Normal,-90.24,35.35
20,79,2016-06-02-20,Normal,-93.58,41.62
32,71,2016-06-02-20,Normal,-90.07,35.1
25,21,2016-06-02-20,Normal,-92.4,41.78
13,12,2016-06-02-20,Normal,-93.58,41.62
12,74,2016-06-02-20,Normal,-94.38,38.99
10,39,2016-06-02-20,Normal,-91.69,37.99
15,32,2016-06-02-20,Normal,-90.24,35.35
30,95,2016-06-02-20,Normal,-93.04,41.71
16,46,2016-06-02-20,Normal,-90.07,35.1
23,66,2016-06-02-20,Normal,-90.07,35.1
16,46,2016-06-02-20,Normal,-90.24,35.35
30,95,2016-06-02-20,Normal,-89.17,40.38
23,66,2016-06-02-20,Normal,-89.65,36.37
16,46,2016-06-02-20,Normal,-89.56,37.2
26,17,2016-06-02-20,Normal,-92.99,37.34
28,58,2016-06-02-20,Normal,-93.93,39.76
17,92,2016-06-02-20,Normal,-91.33,38.87
19,100,2016-06-02-20,Normal,-93.61,35.51
10,39,2016-06-02-20,Normal,-92.74,37.6
22,24,2016-06-02-20,Normal,-91.05,41.72
11,27,2016-06-02-20,Normal,-89.17,40.38
12,74,2016-06-02-20,Normal,-94.31,37.31
22,24,2016-06-02-20,Normal,-91.32,41.71
17,92,2016-06-02-20,Normal,-91.56,38.93
31,48,2016-06-02-20,Normal,-89.6,41.76
12,74,2016-06-02-20,Normal,-94.46,37.16
24,68,2016-06-02-20,Normal,-89.29,41.85
32,71,2016-06-02-20,Normal,-89.71,37.47
16,46,2016-06-02-20,Normal,-90.24,38.0
21,105,2016-06-02-20,Normal,-92.09,34.8
28,58,2016-06-02-20,Normal,-94.25,39.73
30,95,2016-06-02-20,Normal,-87.67,41.87
23,66,2016-06-02-20,Normal,-89.71,37.47
21,105,2016-06-02-20,Normal,-92.31,34.78
31,48,2016-06-02-20,Normal,-90.2,41.59
26,17,2016-06-02-20,Normal,-93.96,37.08
10,39,2016-06-02-20,Normal,-93.14,37.26
16,46,2016-06-02-20,Normal,-90.35,38.43
21,105,2016-06-02-20,Normal,-92.31,34.78
20,79,2016-06-02-20,Normal,-91.63,41.72
16,46,2016-06-02-20,Normal,-90.15,38.62
27,81,2016-06-02-20,Normal,-92.03,38.97
11,27,2016-06-02-20,Normal,-88.07,41.48
10,39,2016-06-02-20,Normal,-93.34,37.21
21,105,2016-06-02-20,Normal,-92.09,34.8
11,27,2016-06-02-20,Normal,-87.67,41.87
24,68,2016-06-02-20,Normal,-88.64,42.21
19,100,2016-06-02-20,Normal,-95.15,35.51
13,12,2016-06-02-20,Normal,-89.63,39.84
18,49,2016-06-02-20,Normal,-94.42,39.27
30,95,2016-06-02-20,Normal,-88.42,41.11
27,81,2016-06-02-20,Normal,-92.22,38.96
16,46,2016-06-02-20,Normal,-94.46,37.16
24,68,2016-06-02-20,Normal,-88.02,42.04
26,17,2016-06-02-20,Normal,-95.01,36.73
29,16,2016-06-02-20,Normal,-95.56,35.97
11,27,2016-06-02-20,Normal,-87.67,41.87
21,105,2016-06-02-20,Normal,-91.74,34.89
18,49,2016-06-02-20,Normal,-94.36,39.37
20,79,2016-06-02-20,Normal,-91.05,41.72
21,105,2016-06-02-20,Normal,-91.38,34.83
23,66,2016-06-02-20,Normal,-90.07,35.68
28,58,2016-06-02-20,Normal,-93.33,39.77
11,27,2016-06-02-20,Normal,-89.17,40.38
16,46,2016-06-02-20,Normal,-94.38,38.67
26,17,2016-06-02-20,Normal,-95.5,36.37
13,12,2016-06-02-20,Normal,-88.42,41.11
30,95,2016-06-02-20,Normal,-88.07,41.48
19,100,2016-06-02-20,Normal,-97.37,36.79
10,39,2016-06-02-20,Normal,-95.76,36.18
24,68,2016-06-02-20,Normal,-89.88,41.77
24,68,2016-06-02-20,Normal,-90.64,41.56
32,71,2016-06-02-20,Normal,-90.07,35.1
11,27,2016-06-02-20,Normal,-88.77,40.76
16,46,2016-06-02-20,Normal,-94.35,38.33
15,32,2016-06-02-20,Normal,-91.38,34.83
13,12,2016-06-02-20,Normal,-89.17,40.38
27,81,2016-06-02-20,Normal,-94.44,39.1
32,71,2016-06-02-20,Normal,-90.24,35.35
23,66,2016-06-02-20,Normal,-90.07,35.1
27,81,2016-06-02-20,Normal,-94.44,39.1
15,32,2016-06-02-20,Normal,-91.14,34.96
31,48,2016-06-02-20,Normal,-92.19,41.74
16,46,2016-06-02-20,Normal,-94.3,37.66
14,18,2016-06-02-20,Normal,-91.05,41.72
18,49,2016-06-02-20,Normal,-92.07,39.71
26,42,2016-06-02-20,Normal,-91.69,37.99
14,15,2016-06-02-20,Normal,-91.63,41.72
18,16,2016-06-02-20,Normal,-90.24,39.72
25,53,2016-06-02-20,Normal,-93.36,41.69
27,59,2016-06-02-20,Normal,-92.85,38.93
19,109,2016-06-02-20,Normal,-97.32,37.48
18,16,2016-06-02-20,Normal,-90.24,39.72
20,47,2016-06-02-20,Normal,-92.4,41.78
30,41,2016-06-02-20,Normal,-92.74,41.75
29,108,2016-06-02-20,Normal,-97.32,37.27
22,24,2016-06-02-20,Normal,-90.94,35.03
14,15,2016-06-02-20,Normal,-91.47,41.74
21,21,2016-06-02-20,Normal,-90.2,38.65
10,23,2016-06-02-20,Normal,-91.55,38.04
24,102,2016-06-02-20,Normal,-90.68,35.12
32,84,2016-06-02-20,Normal,-90.44,41.54
31,82,2016-06-02-20,Normal,-89.74,39.1
23,93,2016-06-02-20,Normal,-90.15,38.62
24,102,2016-06-02-20,Normal,-91.14,34.96
26,42,2016-06-02-20,Normal,-91.18,38.22
30,41,2016-06-02-20,Normal,-93.04,41.71
26,42,2016-06-02-20,Normal,-91.3,38.14
21,21,2016-06-02-20,Normal,-89.74,39.1
13,10,2016-06-02-20,Normal,-93.04,41.71
32,84,2016-06-02-20,Normal,-91.05,41.72
17,86,2016-06-02-20,Normal,-93.85,39.01
18,16,2016-06-02-20,Normal,-89.78,39.77
30,41,2016-06-02-20,Normal,-93.58,41.62
24,102,2016-06-02-20,Normal,-91.38,34.83
19,109,2016-06-02-20,Normal,-97.37,36.79
25,53,2016-06-02-20,Normal,-92.19,41.74
18,16,2016-06-02-20,Normal,-89.66,39.78
17,86,2016-06-02-20,Normal,-94.0,39.03
10,23,2016-06-02-20,Normal,-91.18,38.22
15,48,2016-06-02-20,Normal,-91.32,41.71
22,24,2016-06-02-20,Normal,-91.93,34.81
25,53,2016-06-02-20,Normal,-91.94,41.71
10,23,2016-06-02-20,Normal,-91.07,38.31
13,10,2016-06-02-20,Normal,-93.58,41.62
16,69,2016-06-02-20,Normal,-91.32,41.71
31,82,2016-06-02-20,Normal,-88.42,41.11
32,84,2016-06-02-20,Normal,-91.63,41.72
11,19,2016-06-02-20,Normal,-91.94,41.71
22,24,2016-06-02-20,Normal,-92.09,34.8
23,93,2016-06-02-20,Normal,-89.71,37.47
32,84,2016-06-02-20,Normal,-91.78,42.23
22,24,2016-06-02-20,Normal,-92.31,34.78
13,10,2016-06-02-20,Normal,-93.36,41.69
19,109,2016-06-02-20,Normal,-97.14,36.41
12,55,2016-06-02-20,Normal,-92.31,34.78
28,34,2016-06-02-20,Normal,-89.66,39.78
32,84,2016-06-02-20,Normal,-91.78,42.23
14,15,2016-06-02-20,Normal,-89.52,40.7
16,69,2016-06-02-20,Normal,-91.78,42.23
21,21,2016-06-02-20,Normal,-87.67,41.87
31,82,2016-06-02-20,Normal,-87.67,41.87
18,16,2016-06-02-20,Normal,-90.14,39.76
16,69,2016-06-02-20,Normal,-91.78,42.23
28,34,2016-06-02-20,Normal,-89.96,39.74
27,59,2016-06-02-20,Normal,-94.31,39.04
18,16,2016-06-02-20,Normal,-90.24,39.72
12,55,2016-06-02-20,Normal,-92.09,34.8
28,34,2016-06-02-20,Normal,-90.14,39.76
27,59,2016-06-02-20,Normal,-94.16,39.04
19,109,2016-06-02-20,Normal,-96.68,36.2
29,108,2016-06-02-20,Normal,-96.44,36.23
24,102,2016-06-02-20,Normal,-92.09,34.8
25,53,2016-06-02-20,Normal,-90.2,41.59
16,69,2016-06-02-20,Normal,-91.63,41.72
23,93,2016-06-02-20,Normal,-90.07,35.68
25,53,2016-06-02-20,Normal,-89.88,41.77
10,23,2016-06-02-20,Normal,-90.18,38.64
22,24,2016-06-02-20,Normal,-91.74,34.89
30,41,2016-06-02-20,Normal,-91.59,41.7
24,102,2016-06-02-20,Normal,-91.74,34.89
15,48,2016-06-02-20,Normal,-91.32,41.71
25,21,2016-06-02-20,Normal,-89.8,35.94
21,105,2016-06-02-20,Normal,-94.59,39.1
13,12,2016-06-02-20,Normal,-90.82,41.66
24,68,2016-06-02-20,Normal,-87.67,41.87
25,21,2016-06-02-20,Normal,-90.07,35.68
30,95,2016-06-02-20,Normal,-90.64,41.56
14,18,2016-06-02-20,Normal,-94.38,38.99
19,100,2016-06-02-20,Normal,-96.97,36.24
20,79,2016-06-02-20,Normal,-90.82,41.66
11,27,2016-06-02-20,Normal,-88.42,41.11
29,16,2016-06-02-20,Normal,-96.97,36.24
17,92,2016-06-02-20,Normal,-91.74,38.94
11,27,2016-06-02-20,Normal,-88.77,40.76
32,71,2016-06-02-20,Normal,-92.31,34.78
20,79,2016-06-02-20,Normal,-90.64,41.56
12,74,2016-06-02-20,Normal,-90.07,35.1
17,92,2016-06-02-20,Normal,-92.03,38.97
16,46,2016-06-02-20,Normal,-91.63,41.72
20,79,2016-06-02-20,Normal,-90.2,41.59
26,17,2016-06-02-20,Normal,-92.08,37.81
12,74,2016-06-02-20,Normal,-90.07,35.1
25,21,2016-06-02-20,Normal,-90.07,35.1
27,81,2016-06-02-20,Normal,-92.03,38.97
32,71,2016-06-02-20,Normal,-91.93,34.81
16,46,2016-06-02-20,Normal,-89.91,40.86
30,95,2016-06-02-20,Normal,-87.66,41.89
15,32,2016-06-02-20,Normal,-90.37,35.21
20,79,2016-06-02-20,Normal,-88.02,42.04
23,66,2016-06-02-20,Normal,-90.29,40.96
29,16,2016-06-02-20,Normal,-93.92,35.53
11,27,2016-06-02-20,Normal,-88.07,41.48
28,58,2016-06-02-20,Normal,-93.33,39.77
19,100,2016-06-02-20,Normal,-93.61,35.51
23,66,2016-06-02-20,Normal,-90.44,41.54
11,27,2016-06-02-20,Normal,-87.67,41.87
27,81,2016-06-02-20,Normal,-94.0,39.03
18,49,2016-06-02-20,Normal,-93.6,39.77
17,92,2016-06-02-20,Normal,-94.16,39.04
12,74,2016-06-02-20,Normal,-90.15,38.62
23,66,2016-06-02-20,Normal,-90.7,41.62
32,71,2016-06-02-20,Normal,-91.14,34.96
19,100,2016-06-02-20,Normal,-93.12,35.31
29,16,2016-06-02-20,Normal,-93.12,35.31
25,21,2016-06-02-20,Normal,-90.15,38.62
11,27,2016-06-02-20,Normal,-87.67,41.87
23,66,2016-06-02-20,Normal,-91.05,41.72
31,48,2016-06-02-20,Normal,-94.38,38.99
24,68,2016-06-02-20,Normal,-88.07,41.48
32,71,2016-06-02-20,Normal,-91.38,34.83
17,92,2016-06-02-20,Normal,-93.01,38.97
15,32,2016-06-02-20,Normal,-91.38,34.83
16,46,2016-06-02-20,Normal,-91.05,41.72
32,71,2016-06-02-20,Normal,-91.14,34.96
24,68,2016-06-02-20,Normal,-89.17,40.38
23,66,2016-06-02-20,Normal,-90.7,41.62
14,18,2016-06-02-20,Normal,-94.58,37.03
29,16,2016-06-02-20,Normal,-93.61,35.51
11,27,2016-06-02-20,Normal,-88.77,40.76
19,100,2016-06-02-20,Normal,-93.61,35.51
12,74,2016-06-02-20,Normal,-90.07,35.1
28,58,2016-06-02-20,Normal,-94.24,39.63
16,46,2016-06-02-20,Normal,-90.44,41.54
27,81,2016-06-02-20,Normal,-92.63,38.95
17,92,2016-06-02-20,Normal,-92.63,38.95
24,68,2016-06-02-20,Normal,-88.42,41.11
11,27,2016-06-02-20,Normal,-88.42,41.11
25,21,2016-06-02-20,Normal,-90.24,35.35
22,24,2016-06-02-20,Normal,-90.68,35.12
16,46,2016-06-02-20,Normal,-90.29,40.96
30,95,2016-06-02-20,Normal,-92.4,41.78
10,39,2016-06-02-20,Normal,-95.35,36.47
24,68,2016-06-02-20,Normal,-88.07,41.48
22,24,2016-06-02-20,Normal,-90.37,35.21
16,46,2016-06-02-20,Normal,-89.91,40.86
20,79,2016-06-02-20,Normal,-89.29,41.85
18,49,2016-06-02-20,Normal,-90.52,39.71
13,12,2016-06-02-20,Normal,-89.29,41.85
10,39,2016-06-02-20,Normal,-91.69,37.99
18,49,2016-06-02-20,Normal,-90.37,39.71
13,12,2016-06-02-20,Normal,-89.03,41.92
15,32,2016-06-02-20,Normal,-90.68,35.12
32,71,2016-06-02-20,Normal,-90.68,35.12
15,32,2016-06-02-20,Normal,-90.94,35.03
21,105,2016-06-02-20,Normal,-94.37,38.0
30,95,2016-06-02-20,Normal,-89.03,41.92
10,39,2016-06-02-20,Normal,-91.44,38.09
29,16,2016-06-02-20,Normal,-97.36,37.69
21,105,2016-06-02-20,Normal,-94.3,37.66
10,39,2016-06-02-20,Normal,-91.3,38.14
22,24,2016-06-02-20,Normal,-90.04,35.19
14,18,2016-06-02-20,Normal,-94.38,38.67
19,100,2016-06-02-20,Normal,-97.32,37.48
29,16,2016-06-02-20,Normal,-97.36,37.69
31,48,2016-06-02-20,Normal,-94.35,38.33
26,17,2016-06-02-20,Normal,-91.18,38.22
21,105,2016-06-02-20,Normal,-94.35,38.33
30,95,2016-06-02-20,Normal,-88.96,42.25
25,21,2016-06-02-20,Normal,-90.07,35.1
18,49,2016-06-02-20,Normal,-90.14,39.76
32,71,2016-06-02-20,Normal,-90.37,35.21
24,68,2016-06-02-20,Normal,-89.63,39.84
22,24,2016-06-02-20,Normal,-90.04,35.19
29,16,2016-06-02-20,Normal,-97.32,37.27
21,105,2016-06-02-20,Normal,-94.38,38.99
32,71,2016-06-02-20,Normal,-90.68,35.12
11,27,2016-06-02-20,Normal,-89.63,39.84
27,81,2016-06-02-20,Normal,-91.56,38.93
12,74,2016-06-02-20,Normal,-90.24,35.35
18,49,2016-06-02-20,Normal,-89.78,39.77
24,68,2016-06-02-20,Normal,-90.2,38.65
29,16,2016-06-02-20,Normal,-97.37,36.91
14,18,2016-06-02-20,Normal,-94.59,39.1
11,27,2016-06-02-20,Normal,-90.2,38.65
19,100,2016-06-02-20,Normal,-97.37,36.91
30,95,2016-06-02-20,Normal,-88.02,42.04
28,58,2016-06-02-20,Normal,-89.66,39.78
22,24,2016-06-02-20,Normal,-90.68,35.12
16,46,2016-06-02-20,Normal,-90.29,40.96
31,48,2016-06-02-20,Normal,-94.38,38.67
23,66,2016-06-02-20,Normal,-90.7,41.62
27,81,2016-06-02-20,Normal,-92.03,38.97
11,27,2016-06-02-20,Normal,-90.2,38.65
14,18,2016-06-02-20,Normal,-94.38,38.99
30,95,2016-06-02-20,Normal,-87.66,41.89
17,92,2016-06-02-20,Normal,-92.38,38.98
14,18,2016-06-02-20,Normal,-94.38,38.67
20,79,2016-06-02-20,Normal,-88.41,42.11
28,58,2016-06-02-20,Normal,-89.78,39.77
24,68,2016-06-02-20,Normal,-89.63,39.84
19,100,2016-06-02-20,Normal,-97.34,36.63
15,32,2016-06-02-20,Normal,-91.38,34.83
20,79,2016-06-02-20,Normal,-88.64,42.21
19,100,2016-06-02-20,Normal,-97.35,36.4
16,46,2016-06-02-20,Normal,-91.05,41.72
13,12,2016-06-02-20,Normal,-88.64,42.21
15,32,2016-06-02-20,Normal,-91.74,34.89
24,68,2016-06-02-20,Normal,-88.77,40.76
17,92,2016-06-02-20,Normal,-92.63,38.95
13,12,2016-06-02-20,Normal,-88.96,42.25
14,18,2016-06-02-20,Normal,-94.37,38.0
11,27,2016-06-02-20,Normal,-89.17,40.38
16,46,2016-06-02-20,Normal,-91.47,41.74
18,49,2016-06-02-20,Normal,-90.24,39.72
13,12,2016-06-02-20,Normal,-89.03,41.92
30,95,2016-06-02-20,Normal,-88.96,42.25
12,74,2016-06-02-20,Normal,-89.71,37.47
21,105,2016-06-02-20,Normal,-94.31,37.31
31,48,2016-06-02-20,Normal,-94.31,37.31
19,100,2016-06-02-20,Normal,-96.97,36.24
25,21,2016-06-02-20,Normal,-90.07,35.1
10,39,2016-06-02-20,Normal,-92.61,37.7
21,105,2016-06-02-20,Normal,-94.38,38.67
26,17,2016-06-02-20,Normal,-92.89,37.51
17,92,2016-06-02-20,Normal,-93.45,38.99
18,49,2016-06-02-20,Normal,-92.74,39.76
24,68,2016-06-02-20,Normal,-92.4,41.78
22,24,2016-06-02-20,Normal,-90.94,35.03
19,100,2016-06-02-20,Normal,-93.36,35.4
16,46,2016-06-02-20,Normal,-90.44,41.54
14,18,2016-06-02-20,Normal,-94.35,38.33
18,49,2016-06-02-20,Normal,-92.94,39.77
25,21,2016-06-02-20,Normal,-90.24,35.35
14,18,2016-06-02-20,Normal,-94.37,38.0
27,81,2016-06-02-20,Normal,-93.45,38.99
15,32,2016-06-02-20,Normal,-91.14,34.96
10,39,2016-06-02-20,Normal,-92.99,37.34
30,95,2016-06-02-20,Normal,-93.36,41.69
31,48,2016-06-02-20,Normal,-94.37,38.0
24,68,2016-06-02-20,Normal,-91.59,41.7
24,68,2016-06-02-20,Normal,-91.94,41.71
20,79,2016-06-02-20,Normal,-93.36,41.69
26,17,2016-06-02-20,Normal,-93.34,37.21
18,49,2016-06-02-20,Normal,-93.33,39.77
22,24,2016-06-02-20,Normal,-91.74,34.89
32,71,2016-06-02-20,Normal,-91.14,34.96
12,74,2016-06-02-20,Normal,-90.35,38.43
16,46,2016-06-02-20,Normal,-90.44,41.54
24,68,2016-06-02-20,Normal,-88.64,42.21
28,58,2016-06-02-20,Normal,-94.57,39.15
18,49,2016-06-02-20,Normal,-94.42,39.27
20,79,2016-06-02-20,Normal,-90.2,41.59
30,95,2016-06-02-20,Normal,-90.2,41.59
28,58,2016-06-02-20,Normal,-94.42,39.27
10,39,2016-06-02-20,Normal,-95.5,36.37
11,27,2016-06-02-20,Normal,-90.7,41.62
19,100,2016-06-02-20,Normal,-93.92,35.53
26,17,2016-06-02-20,Normal,-95.99,36.17
20,79,2016-06-02-20,Normal,-89.29,41.85
11,27,2016-06-02-20,Normal,-90.29,40.96
10,39,2016-06-02-20,Normal,-95.99,36.17
25,21,2016-06-02-20,Normal,-90.24,38.0
19,100,2016-06-02-20,Normal,-94.88,35.47
25,21,2016-06-02-20,Normal,-89.56,37.2
19,100,2016-06-02-20,Normal,-94.22,35.5
22,24,2016-06-02-20,Normal,-90.37,35.21
15,32,2016-06-02-20,Normal,-90.37,35.21
25,21,2016-06-02-20,Normal,-89.71,37.47
26,17,2016-06-02-20,Normal,-95.76,36.18
16,46,2016-06-02-20,Normal,-89.52,40.7
10,39,2016-06-02-20,Normal,-95.99,36.17
20,79,2016-06-02-20,Normal,-87.66,41.89
28,58,2016-06-02-20,Normal,-93.33,39.77
18,49,2016-06-02-20,Normal,-93.13,39.78
11,27,2016-06-02-20,Normal,-90.7,41.62
14,18,2016-06-02-20,Normal,-90.44,41.54
20,79,2016-06-02-20,Normal,-88.02,42.04
25,21,2016-06-02-20,Normal,-90.07,35.1
24,68,2016-06-02-20,Normal,-89.29,41.85
31,48,2016-06-02-20,Normal,-90.29,40.96
29,16,2016-06-02-20,Normal,-96.44,36.23
12,74,2016-06-02-20,Normal,-90.07,35.68
16,46,2016-06-02-20,Normal,-89.65,36.37
17,92,2016-06-02-20,Normal,-90.67,38.82
31,48,2016-06-02-20,Normal,-89.91,40.86
26,17,2016-06-02-20,Normal,-94.54,37.02
25,21,2016-06-02-20,Normal,-90.24,35.35
12,74,2016-06-02-20,Normal,-90.24,35.35
10,39,2016-06-02-20,Normal,-94.54,37.02
26,17,2016-06-02-20,Normal,-93.96,37.08
32,71,2016-06-02-20,Normal,-91.63,41.72
29,16,2016-06-02-20,Normal,-96.68,36.2
13,12,2016-06-02-20,Normal,-89.03,41.92
11,27,2016-06-02-20,Normal,-91.47,41.74
20,79,2016-06-02-20,Normal,-90.2,41.59
15,32,2016-06-02-20,Normal,-90.24,35.35
13,12,2016-06-02-20,Normal,-90.64,41.56
23,66,2016-06-02-20,Normal,-91.14,34.96
25,21,2016-06-02-20,Normal,-89.71,37.47
19,100,2016-06-02-20,Normal,-97.37,36.91
28,58,2016-06-02-20,Normal,-91.59,39.68
14,18,2016-06-02-20,Normal,-90.7,41.62
22,24,2016-06-02-20,Normal,-94.3,37.66
15,32,2016-06-02-20,Normal,-90.07,35.68
21,105,2016-06-02-20,Normal,-88.07,41.48
25,21,2016-06-02-20,Normal,-90.0,37.72
16,46,2016-06-02-20,Normal,-89.8,35.94
30,95,2016-06-02-20,Normal,-90.2,41.59
29,16,2016-06-02-20,Normal,-97.32,37.27
24,68,2016-06-02-20,Normal,-92.4,41.78
15,32,2016-06-02-20,Normal,-89.65,36.37
17,92,2016-06-02-20,Normal,-92.22,38.96
14,18,2016-06-02-20,Normal,-91.47,41.74
31,48,2016-06-02-20,Normal,-91.63,41.72
31,48,2016-06-02-20,Normal,-91.47,41.74
19,100,2016-06-02-20,Normal,-97.32,37.27
26,17,2016-06-02-20,Normal,-92.48,37.8
32,71,2016-06-02-20,Normal,-89.91,40.86
25,21,2016-06-02-20,Normal,-90.35,38.43
15,32,2016-06-02-20,Normal,-89.54,36.84
26,17,2016-06-02-20,Normal,-90.86,38.46
30,95,2016-06-02-20,Normal,-91.24,41.67
24,68,2016-06-02-20,Normal,-89.03,41.92
32,71,2016-06-02-20,Normal,-90.44,41.54
16,46,2016-06-02-20,Normal,-90.07,35.1
31,48,2016-06-02-20,Normal,-91.47,41.74
26,17,2016-06-02-20,Normal,-91.07,38.31
10,39,2016-06-02-20,Normal,-90.69,38.5
30,95,2016-06-02-20,Normal,-90.82,41.66
11,27,2016-06-02-20,Normal,-90.7,41.62
14,18,2016-06-02-20,Normal,-91.47,41.74
18,49,2016-06-02-20,Normal,-91.2,39.75
29,16,2016-06-02-20,Normal,-95.15,35.51
19,100,2016-06-02-20,Normal,-95.15,35.51
26,17,2016-06-02-20,Normal,-91.18,38.22
13,12,2016-06-02-20,Normal,-89.29,41.85
27,81,2016-06-02-20,Normal,-93.01,38.97
20,79,2016-06-02-20,Normal,-89.29,41.85
10,39,2016-06-02-20,Normal,-90.86,38.46
28,58,2016-06-02-20,Normal,-91.36,39.76
22,24,2016-06-02-20,Normal,-94.3,37.66
26,17,2016-06-02-20,Normal,-91.3,38.14
30,95,2016-06-02-20,Normal,-90.2,41.59
19,100,2016-06-02-20,Normal,-94.88,35.47
16,46,2016-06-02-20,Normal,-89.8,35.94
29,16,2016-06-02-20,Normal,-94.57,35.37
23,66,2016-06-02-20,Normal,-90.37,35.21
20,79,2016-06-02-20,Normal,-89.03,41.92
21,105,2016-06-02-20,Normal,-89.63,39.84
30,95,2016-06-02-20,Normal,-89.6,41.76
10,39,2016-06-02-20,Normal,-91.3,38.14
14,18,2016-06-02-20,Normal,-91.63,41.72
22,24,2016-06-02-20,Normal,-94.35,38.33
13,12,2016-06-02-20,Normal,-88.64,42.21
11,27,2016-06-02-20,Normal,-89.52,40.7
16,46,2016-06-02-20,Normal,-89.56,37.2
11,27,2016-06-02-20,Normal,-89.91,40.86
30,95,2016-06-02-20,Normal,-89.03,41.92
17,92,2016-06-02-20,Normal,-92.53,38.98
30,95,2016-06-02-20,Normal,-89.29,41.85
20,79,2016-06-02-20,Normal,-88.64,42.21
23,66,2016-06-02-20,Normal,-91.14,34.96
14,18,2016-06-02-20,Normal,-91.47,41.74
25,21,2016-06-02-20,Normal,-88.64,42.21
27,81,2016-06-02-20,Normal,-92.38,38.98
10,39,2016-06-02-20,Normal,-91.55,38.04
14,18,2016-06-02-20,Normal,-91.32,41.71
10,39,2016-06-02-20,Normal,-91.69,37.99
27,81,2016-06-02-20,Normal,-92.22,38.96
24,68,2016-06-02-20,Normal,-88.41,42.11
12,74,2016-06-02-20,Normal,-87.67,41.87
27,81,2016-06-02-20,Normal,-91.19,38.83
28,58,2016-06-02-20,Normal,-93.13,39.78
25,21,2016-06-02-20,Normal,-90.2,41.59
24,68,2016-06-02-20,Normal,-89.6,41.76
24,68,2016-06-02-20,Normal,-89.88,41.77
22,24,2016-06-02-20,Normal,-94.37,38.0
30,95,2016-06-02-20,Normal,-88.41,42.11
29,16,2016-06-02-20,Normal,-92.25,34.75
20,79,2016-06-02-20,Normal,-89.03,41.92
26,17,2016-06-02-20,Normal,-92.99,37.34
14,18,2016-06-02-20,Normal,-89.52,40.7
25,21,2016-06-02-20,Normal,-90.64,41.56
14,18,2016-06-02-20,Normal,-89.91,40.86
25,21,2016-06-02-20,Normal,-90.82,41.66
15,32,2016-06-02-20,Normal,-90.24,38.0
18,49,2016-06-02-20,Normal,-94.25,39.73
14,18,2016-06-02-20,Normal,-90.29,40.96
15,32,2016-06-02-20,Normal,-89.71,37.47
16,46,2016-06-02-20,Normal,-90.0,37.72
15,32,2016-06-02-20,Normal,-90.0,37.72
12,74,2016-06-02-20,Normal,-90.2,38.65
23,66,2016-06-02-20,Normal,-91.74,34.89
30,95,2016-06-02-20,Normal,-88.96,42.25
20,79,2016-06-02-20,Normal,-89.6,41.76
19,100,2016-06-02-20,Normal,-92.87,35.25
14,18,2016-06-02-20,Normal,-90.44,41.54
16,46,2016-06-02-20,Normal,-89.56,37.2
26,17,2016-06-02-20,Normal,-93.96,37.08
23,66,2016-06-02-20,Normal,-91.14,34.96
30,95,2016-06-02-20,Normal,-89.03,41.92
11,27,2016-06-02-20,Normal,-91.32,41.71
25,21,2016-06-02-20,Normal,-91.94,41.71
28,58,2016-06-02-20,Normal,-94.25,39.73
14,18,2016-06-02-20,Normal,-90.7,41.62
15,32,2016-06-02-20,Normal,-89.54,36.84
19,100,2016-06-02-20,Normal,-93.36,35.4
11,27,2016-06-02-20,Normal,-91.05,41.72
28,58,2016-06-02-20,Normal,-94.24,39.63
25,21,2016-06-02-20,Normal,-92.19,41.74
10,39,2016-06-02-20,Normal,-93.96,37.08
10,39,2016-06-02-20,Normal,-93.69,37.16
17,92,2016-06-02-20,Normal,-90.21,38.65
18,49,2016-06-02-20,Normal,-94.57,39.15
18,49,2016-06-02-20,Normal,-94.42,39.27
23,66,2016-06-02-20,Normal,-90.68,35.12
24,68,2016-06-02-20,Normal,-92.19,41.74
21,105,2016-06-02-20,Normal,-89.63,39.84
27,81,2016-06-02-20,Normal,-90.21,38.65
16,46,2016-06-02-20,Normal,-90.07,35.68
19,100,2016-06-02-20,Normal,-95.3,35.64
20,79,2016-06-02-20,Normal,-92.4,41.78
31,48,2016-06-02-20,Normal,-91.32,41.71
10,39,2016-06-02-20,Normal,-95.35,36.47
31,48,2016-06-02-20,Normal,-91.05,41.72
16,46,2016-06-02-20,Normal,-89.8,35.94
16,46,2016-06-02-20,Normal,-90.07,35.68
17,92,2016-06-02-20,Normal,-91.1,38.83
23,66,2016-06-02-20,Normal,-91.38,34.83
23,66,2016-06-02-20,Normal,-91.14,34.96
14,18,2016-06-02-20,Normal,-91.32,41.71
28,58,2016-06-02-20,Normal,-94.24,39.63
11,27,2016-06-02-20,Normal,-90.29,40.96
18,49,2016-06-02-20,Normal,-94.15,39.77
19,100,2016-06-02-20,Normal,-95.56,35.97
15,32,2016-06-02-20,Normal,-89.65,36.37
10,39,2016-06-02-20,Normal,-95.69,36.25
21,105,2016-06-02-20,Normal,-88.42,41.11
14,18,2016-06-02-20,Normal,-91.05,41.72
22,24,2016-06-02-20,Normal,-94.38,38.99
12,74,2016-06-02-20,Normal,-89.17,40.38
15,32,2016-06-02-20,Normal,-89.54,36.84
23,66,2016-06-02-20,Normal,-91.93,34.81
19,100,2016-06-02-20,Normal,-95.99,36.17
21,105,2016-06-02-20,Normal,-88.77,40.76
29,16,2016-06-02-20,Normal,-96.21,36.19
18,49,2016-06-02-20,Normal,-93.33,39.77
24,68,2016-06-02-20,Normal,-92.4,41.78
12,74,2016-06-02-20,Normal,-89.63,39.84
22,24,2016-06-02-20,Normal,-94.35,38.33
19,100,2016-06-02-20,Normal,-96.21,36.19
31,48,2016-06-02-20,Normal,-89.91,40.86
28,58,2016-06-02-20,Normal,-93.93,39.76
25,21,2016-06-02-20,Normal,-91.94,41.71
15,32,2016-06-02-20,Normal,-89.71,37.47
19,100,2016-06-02-20,Normal,-96.44,36.23
31,48,2016-06-02-20,Normal,-89.52,40.7
18,49,2016-06-02-20,Normal,-92.94,39.77
25,21,2016-06-02-20,Normal,-91.59,41.7
24,68,2016-06-02-20,Normal,-91.94,41.71
30,95,2016-06-02-20,Normal,-93.58,41.62
27,81,2016-06-02-20,Normal,-92.22,38.96
12,74,2016-06-02-20,Normal,-90.2,38.65
13,12,2016-06-02-20,Normal,-93.04,41.71
31,48,2016-06-02-20,Normal,-89.52,40.7
17,92,2016-06-02-20,Normal,-92.38,38.98
27,81,2016-06-02-20,Normal,-92.38,38.98
14,18,2016-06-02-20,Normal,-89.52,40.7
21,105,2016-06-02-20,Normal,-90.2,38.65
32,71,2016-06-02-20,Normal,-91.63,41.72
31,48,2016-06-02-20,Normal,-91.32,41.71
17,92,2016-06-02-20,Normal,-93.2,38.98
12,74,2016-06-02-20,Normal,-88.07,41.48
10,39,2016-06-02-20,Normal,-94.54,37.02
13,12,2016-06-02-20,Normal,-90.82,41.66
27,81,2016-06-02-20,Normal,-93.2,38.98
19,100,2016-06-02-20,Normal,-97.32,37.15
26,17,2016-06-02-20,Normal,-93.34,37.21
25,21,2016-06-02-20,Normal,-89.29,41.85
20,79,2016-06-02-20,Normal,-90.82,41.66
29,16,2016-06-02-20,Normal,-97.32,37.48
32,71,2016-06-02-20,Normal,-89.91,40.86
14,18,2016-06-02-20,Normal,-91.32,41.71
17,92,2016-06-02-20,Normal,-93.85,39.01
17,92,2016-06-02-20,Normal,-93.65,39.0
12,74,2016-06-02-20,Normal,-87.67,41.87
19,100,2016-06-02-20,Normal,-97.32,37.27
30,95,2016-06-02-20,Normal,-91.24,41.67
20,79,2016-06-02-20,Normal,-90.2,41.59
31,48,2016-06-02-20,Normal,-91.78,42.23
12,74,2016-06-02-20,Normal,-88.07,41.48
27,81,2016-06-02-20,Normal,-93.85,39.01
16,46,2016-06-02-20,Normal,-89.54,36.84
18,49,2016-06-02-20,Normal,-90.79,39.69
31,48,2016-06-02-20,Normal,-91.78,42.23
28,58,2016-06-02-20,Normal,-91.36,39.76
13,12,2016-06-02-20,Normal,-89.6,41.76
11,27,2016-06-02-20,Normal,-89.52,40.7
16,46,2016-06-02-20,Normal,-89.65,36.37
23,66,2016-06-02-20,Normal,-90.37,35.21
15,32,2016-06-02-20,Normal,-89.8,35.94
27,81,2016-06-02-20,Normal,-94.16,39.04
30,95,2016-06-02-20,Normal,-90.2,41.59
14,18,2016-06-02-20,Normal,-91.78,42.23
13,12,2016-06-02-20,Normal,-89.29,41.85
14,18,2016-06-02-20,Normal,-91.63,41.72
10,39,2016-06-02-20,Normal,-93.14,37.26
21,105,2016-06-02-20,Normal,-92.09,34.8
24,68,2016-06-02-20,Normal,-88.02,42.04
13,12,2016-06-02-20,Normal,-89.03,41.92
29,16,2016-06-02-20,Normal,-97.32,37.15
19,100,2016-06-02-20,Normal,-97.32,37.27
17,92,2016-06-02-20,Normal,-94.44,39.1
25,21,2016-06-02-20,Normal,-87.66,41.89
23,66,2016-06-02-20,Normal,-91.14,34.96
26,17,2016-06-02-20,Normal,-92.31,37.81
26,17,2016-06-02-20,Normal,-92.48,37.8
30,95,2016-06-02-20,Normal,-89.6,41.76
31,48,2016-06-02-20,Normal,-91.05,41.72
20,79,2016-06-02-20,Normal,-88.96,42.25
23,66,2016-06-02-20,Normal,-92.31,34.78
12,74,2016-06-02-20,Normal,-89.17,40.38
13,12,2016-06-02-20,Normal,-88.02,42.04
28,58,2016-06-02-20,Normal,-89.96,39.74
19,100,2016-06-02-20,Normal,-97.14,36.41
31,48,2016-06-02-20,Normal,-89.52,40.7
30,95,2016-06-02-20,Normal,-88.02,42.04
14,18,2016-06-02-20,Normal,-89.52,40.7
25,21,2016-06-02-20,Normal,-89.29,41.85
32,71,2016-06-02-20,Normal,-91.63,41.72
11,27,2016-06-02-20,Normal,-87.67,41.87
28,58,2016-06-02-20,Normal,-89.78,39.77
16,46,2016-06-02-20,Normal,-89.54,36.84
20,79,2016-06-02-20,Normal,-88.41,42.11
13,12,2016-06-02-20,Normal,-88.64,42.21
22,24,2016-06-02-20,Normal,-94.58,37.03
26,17,2016-06-02-20,Normal,-91.18,38.22
10,39,2016-06-02-20,Normal,-91.55,38.04
25,21,2016-06-02-20,Normal,-89.88,41.77
20,79,2016-06-02-20,Normal,-88.64,42.21
23,66,2016-06-02-20,Normal,-91.74,34.89
28,58,2016-06-02-20,Normal,-89.66,39.78
18,49,2016-06-02-20,Normal,-90.14,39.76
12,74,2016-06-02-20,Normal,-87.67,41.87
11,27,2016-06-02-20,Normal,-88.42,41.11
20,79,2016-06-02-20,Normal,-88.96,42.25
28,58,2016-06-02-20,Normal,-89.78,39.77
14,18,2016-06-02-20,Normal,-90.29,40.96
15,32,2016-06-02-20,Normal,-90.24,38.0
13,12,2016-06-02-20,Normal,-89.29,41.85
31,48,2016-06-02-20,Normal,-92.4,41.78
21,105,2016-06-02-20,Normal,-90.94,35.03
30,95,2016-06-02-20,Normal,-88.41,42.11
31,48,2016-06-02-20,Normal,-92.19,41.74
32,71,2016-06-02-20,Normal,-90.7,41.62
20,79,2016-06-02-20,Normal,-89.29,41.85
29,16,2016-06-02-20,Normal,-95.56,35.97
12,74,2016-06-02-20,Normal,-88.07,41.48
14,18,2016-06-02-20,Normal,-90.7,41.62
31,48,2016-06-02-20,Normal,-91.94,41.71
23,66,2016-06-02-20,Normal,-90.94,35.03
11,27,2016-06-02-20,Normal,-89.63,39.84
20,79,2016-06-02-20,Normal,-89.6,41.76
27,81,2016-06-02-20,Normal,-92.38,38.98
23,66,2016-06-02-20,Normal,-90.68,35.12
15,32,2016-06-02-20,Normal,-90.15,38.62
12,74,2016-06-02-20,Normal,-88.77,40.76
27,81,2016-06-02-20,Normal,-92.22,38.96
24,68,2016-06-02-20,Normal,-91.59,41.7
19,100,2016-06-02-20,Normal,-95.42,35.87
15,32,2016-06-02-20,Normal,-89.54,36.84
22,24,2016-06-02-20,Normal,-91.63,41.72
27,81,2016-06-02-20,Normal,-91.1,38.83
30,95,2016-06-02-20,Normal,-90.82,41.66
17,92,2016-06-02-20,Normal,-90.79,38.83
26,17,2016-06-02-20,Normal,-91.07,38.31
30,95,2016-06-02-20,Normal,-91.24,41.67
19,100,2016-06-02-20,Normal,-93.61,35.51
18,49,2016-06-02-20,Normal,-92.07,39.71
31,48,2016-06-02-20,Normal,-89.03,41.92
18,49,2016-06-02-20,Normal,-92.27,39.76
28,58,2016-06-02-20,Normal,-91.59,39.68
21,105,2016-06-02-20,Normal,-91.74,34.89
32,71,2016-06-02-20,Normal,-89.54,36.84
11,27,2016-06-02-20,Normal,-88.07,41.48
12,74,2016-06-02-20,Normal,-94.37,38.0
10,39,2016-06-02-20,Normal,-91.07,38.31
17,92,2016-06-02-20,Normal,-90.41,38.75
12,74,2016-06-02-20,Normal,-94.3,37.66
24,68,2016-06-02-20,Normal,-93.58,41.62
10,39,2016-06-02-20,Normal,-90.86,38.46
19,100,2016-06-02-20,Normal,-93.12,35.31
28,58,2016-06-02-20,Normal,-91.8,39.67
32,71,2016-06-02-20,Normal,-89.65,36.37
21,105,2016-06-02-20,Normal,-90.94,35.03
17,92,2016-06-02-20,Normal,-90.67,38.82
11,27,2016-06-02-20,Normal,-89.63,39.84
30,95,2016-06-02-20,Normal,-93.58,41.62
25,21,2016-06-02-20,Normal,-91.59,41.7
28,58,2016-06-02-20,Normal,-92.94,39.77
19,100,2016-06-02-20,Normal,-92.25,34.92
16,46,2016-06-02-20,Normal,-90.07,35.68
25,21,2016-06-02-20,Normal,-91.24,41.67
10,39,2016-06-02-20,Normal,-92.08,37.81
24,68,2016-06-02-20,Normal,-91.24,41.67
31,48,2016-06-02-20,Normal,-88.64,42.21
12,74,2016-06-02-20,Normal,-94.38,38.67
13,12,2016-06-02-20,Normal,-88.42,41.11
24,68,2016-06-02-20,Normal,-90.82,41.66
31,48,2016-06-02-20,Normal,-88.96,42.25
20,79,2016-06-02-20,Normal,-91.05,41.72
23,66,2016-06-02-20,Normal,-89.8,35.94
14,18,2016-06-02-20,Normal,-90.29,40.96
28,58,2016-06-02-20,Normal,-93.6,39.77
30,95,2016-06-02-20,Normal,-89.74,39.1
22,24,2016-06-02-20,Normal,-90.29,40.96
11,27,2016-06-02-20,Normal,-90.2,38.65
10,39,2016-06-02-20,Normal,-92.48,37.8
16,46,2016-06-02-20,Normal,-89.54,36.84
31,48,2016-06-02-20,Normal,-89.03,41.92
30,95,2016-06-02-20,Normal,-89.17,40.38
12,74,2016-06-02-20,Normal,-94.37,38.0
14,18,2016-06-02-20,Normal,-91.32,41.71
10,39,2016-06-02-20,Normal,-94.54,37.02
29,16,2016-06-02-20,Normal,-95.76,36.08
17,92,2016-06-02-20,Normal,-93.01,38.97
26,17,2016-06-02-20,Normal,-95.35,36.47
23,66,2016-06-02-20,Normal,-90.24,38.0
10,39,2016-06-02-20,Normal,-94.83,36.84
13,12,2016-06-02-20,Normal,-89.74,39.1
21,105,2016-06-02-20,Normal,-90.94,35.03
16,46,2016-06-02-20,Normal,-94.37,38.0
26,17,2016-06-02-20,Normal,-95.5,36.37
20,79,2016-06-02-20,Normal,-90.29,40.96
29,16,2016-06-02-20,Normal,-96.21,36.19
16,46,2016-06-02-20,Normal,-94.35,38.33
19,100,2016-06-02-20,Normal,-95.99,36.17
13,12,2016-06-02-20,Normal,-89.17,40.38
20,79,2016-06-02-20,Normal,-89.91,40.86
18,49,2016-06-02-20,Normal,-94.15,39.77
15,32,2016-06-02-20,Normal,-91.93,34.81
22,24,2016-06-02-20,Normal,-90.29,40.96
32,71,2016-06-02-20,Normal,-89.71,37.47
27,81,2016-06-02-20,Normal,-93.2,38.98
20,79,2016-06-02-20,Normal,-89.52,40.7
26,17,2016-06-02-20,Normal,-95.76,36.18
32,71,2016-06-02-20,Normal,-89.56,37.2
17,92,2016-06-02-20,Normal,-93.85,39.01
27,81,2016-06-02-20,Normal,-93.45,38.99
28,58,2016-06-02-20,Normal,-94.25,39.73
13,12,2016-06-02-20,Normal,-88.42,41.11
23,66,2016-06-02-20,Normal,-89.54,36.84
32,71,2016-06-02-20,Normal,-89.54,36.84
24,68,2016-06-02-20,Normal,-88.96,42.25
11,27,2016-06-02-20,Normal,-90.2,38.65
14,18,2016-06-02-20,Normal,-89.52,40.7
22,24,2016-06-02-20,Normal,-89.52,40.7
12,74,2016-06-02-20,Normal,-94.38,38.67
30,95,2016-06-02-20,Normal,-89.63,39.84
29,16,2016-06-02-20,Normal,-97.14,36.41
25,21,2016-06-02-20,Normal,-89.29,41.85
31,48,2016-06-02-20,Normal,-93.58,41.62
21,105,2016-06-02-20,Normal,-90.68,35.12
32,71,2016-06-02-20,Normal,-89.8,35.94
14,18,2016-06-02-20,Normal,-89.52,40.7
28,58,2016-06-02-20,Normal,-93.6,39.77
12,74,2016-06-02-20,Normal,-94.35,38.33
24,68,2016-06-02-20,Normal,-89.6,41.76
27,81,2016-06-02-20,Normal,-94.0,39.03
14,18,2016-06-02-20,Normal,-89.91,40.86
31,48,2016-06-02-20,Normal,-91.94,41.71
27,81,2016-06-02-20,Normal,-94.31,39.04
24,68,2016-06-02-20,Normal,-91.24,41.67
29,16,2016-06-02-20,Normal,-97.32,37.48
12,74,2016-06-02-20,Normal,-94.58,37.03
25,21,2016-06-02-20,Normal,-91.59,41.7
29,16,2016-06-02-20,Normal,-97.36,37.69
12,74,2016-06-02-20,Normal,-94.46,37.16
23,66,2016-06-02-20,Normal,-89.8,35.94
18,49,2016-06-02-20,Normal,-91.8,39.67
17,92,2016-06-02-20,Normal,-93.65,39.0
24,68,2016-06-02-20,Normal,-91.59,41.7
31,48,2016-06-02-20,Normal,-91.24,41.67
29,16,2016-06-02-20,Normal,-97.36,37.69
21,105,2016-06-02-20,Normal,-92.31,34.78
24,68,2016-06-02-20,Normal,-91.94,41.71
31,48,2016-06-02-20,Normal,-90.82,41.66
16,46,2016-06-02-20,Normal,-94.58,37.03
17,92,2016-06-02-20,Normal,-93.2,38.98
20,79,2016-06-02-20,Normal,-91.63,41.72
32,71,2016-06-02-20,Normal,-89.54,36.84
24,68,2016-06-02-20,Normal,-92.19,41.74
13,12,2016-06-02-20,Normal,-89.74,39.1
25,21,2016-06-02-20,Normal,-92.4,41.78
23,66,2016-06-02-20,Normal,-89.54,36.84
32,71,2016-06-02-20,Normal,-89.56,37.2
19,100,2016-06-02-20,Normal,-97.32,37.48
13,12,2016-06-02-20,Normal,-89.63,39.84
16,46,2016-06-02-20,Normal,-94.31,37.31
17,92,2016-06-02-20,Normal,-92.85,38.93
18,49,2016-06-02-20,Normal,-90.79,39.69
28,58,2016-06-02-20,Normal,-91.36,39.76
28,58,2016-06-02-20,Normal,-91.59,39.68
15,32,2016-06-02-20,Normal,-90.94,35.03
10,39,2016-06-02-20,Normal,-94.23,37.09
24,68,2016-06-02-20,Normal,-93.04,41.71
30,95,2016-06-02-20,Normal,-90.2,38.65
31,48,2016-06-02-20,Normal,-89.88,41.77
17,92,2016-06-02-20,Normal,-92.53,38.98
25,21,2016-06-02-20,Normal,-93.04,41.71
29,16,2016-06-02-20,Normal,-97.37,36.79
29,16,2016-06-02-20,Normal,-97.37,36.91
26,17,2016-06-02-20,Normal,-93.14,37.26
10,39,2016-06-02-20,Normal,-93.69,37.16
11,27,2016-06-02-20,Normal,-90.2,38.65
17,92,2016-06-02-20,Normal,-92.38,38.98
32,71,2016-06-02-20,Normal,-90.24,38.0
25,21,2016-06-02-20,Normal,-93.58,41.62
23,66,2016-06-02-20,Normal,-90.24,38.0
14,18,2016-06-02-20,Normal,-91.05,41.72
15,48,2016-06-02-20,Normal,-91.74,34.89
29,108,2016-06-02-20,Normal,-97.35,36.4
10,23,2016-06-02-20,Normal,-91.3,38.14
19,109,2016-06-02-20,Normal,-97.35,36.4
30,41,2016-06-02-20,Normal,-91.24,41.67
10,23,2016-06-02-20,Normal,-91.44,38.09
11,19,2016-06-02-20,Normal,-87.67,41.87
25,53,2016-06-02-20,Normal,-90.07,35.68
32,84,2016-06-02-20,Normal,-92.31,34.78
29,108,2016-06-02-20,Normal,-96.68,36.2
31,82,2016-06-02-20,Normal,-94.38,38.99
19,109,2016-06-02-20,Normal,-97.34,36.63
24,102,2016-06-02-20,Normal,-87.67,41.87
14,15,2016-06-02-20,Normal,-94.38,38.99
15,48,2016-06-02-20,Normal,-91.93,34.81
17,86,2016-06-02-20,Normal,-91.33,38.87
15,48,2016-06-02-20,Normal,-92.09,34.8
19,109,2016-06-02-20,Normal,-96.68,36.2
26,42,2016-06-02-20,Normal,-91.55,38.04
22,24,2016-06-02-20,Normal,-92.31,34.78
14,15,2016-06-02-20,Normal,-94.59,39.1
19,109,2016-06-02-20,Normal,-96.97,36.24
13,10,2016-06-02-20,Normal,-90.64,41.56
14,15,2016-06-02-20,Normal,-94.38,38.99
12,55,2016-06-02-20,Normal,-90.07,35.1
29,108,2016-06-02-20,Normal,-96.44,36.23
13,10,2016-06-02-20,Normal,-90.2,41.59
25,53,2016-06-02-20,Normal,-90.07,35.1
32,84,2016-06-02-20,Normal,-92.09,34.8
14,15,2016-06-02-20,Normal,-94.38,38.67
28,34,2016-06-02-20,Normal,-91.36,39.76
16,69,2016-06-02-20,Normal,-91.47,41.74
26,42,2016-06-02-20,Normal,-92.08,37.81
32,84,2016-06-02-20,Normal,-91.93,34.81
23,93,2016-06-02-20,Normal,-91.47,41.74
12,55,2016-06-02-20,Normal,-90.24,35.35
18,16,2016-06-02-20,Normal,-91.59,39.68
28,34,2016-06-02-20,Normal,-91.59,39.68
20,47,2016-06-02-20,Normal,-89.6,41.76
16,69,2016-06-02-20,Normal,-91.32,41.71
22,24,2016-06-02-20,Normal,-91.38,34.83
30,41,2016-06-02-20,Normal,-89.29,41.85
29,108,2016-06-02-20,Normal,-95.76,36.08
24,102,2016-06-02-20,Normal,-89.74,39.1
15,48,2016-06-02-20,Normal,-91.38,34.83
32,84,2016-06-02-20,Normal,-91.38,34.83
10,23,2016-06-02-20,Normal,-92.48,37.8
12,55,2016-06-02-20,Normal,-89.8,35.94
29,108,2016-06-02-20,Normal,-95.56,35.97
16,69,2016-06-02-20,Normal,-90.7,41.62
31,82,2016-06-02-20,Normal,-94.31,37.31
15,48,2016-06-02-20,Normal,-91.14,34.96
11,19,2016-06-02-20,Normal,-90.2,38.65
22,24,2016-06-02-20,Normal,-90.94,35.03
24,102,2016-06-02-20,Normal,-90.2,38.65
10,23,2016-06-02-20,Normal,-92.74,37.6
11,19,2016-06-02-20,Normal,-90.2,38.65
13,10,2016-06-02-20,Normal,-88.64,42.21
29,108,2016-06-02-20,Normal,-95.42,35.87
14,15,2016-06-02-20,Normal,-94.46,37.16
26,42,2016-06-02-20,Normal,-92.89,37.51
20,47,2016-06-02-20,Normal,-88.64,42.21
11,19,2016-06-02-20,Normal,-89.74,39.1
16,69,2016-06-02-20,Normal,-89.91,40.86
10,23,2016-06-02-20,Normal,-92.99,37.34
15,48,2016-06-02-20,Normal,-90.68,35.12
12,55,2016-06-02-20,Normal,-89.56,37.2
19,109,2016-06-02-20,Normal,-95.15,35.51
23,93,2016-06-02-20,Normal,-89.52,40.7
19,109,2016-06-02-20,Normal,-95.3,35.64
27,59,2016-06-02-20,Normal,-93.01,38.97
31,82,2016-06-02-20,Normal,-94.46,37.16
28,34,2016-06-02-20,Normal,-92.74,39.76
11,19,2016-06-02-20,Normal,-89.63,39.84
32,84,2016-06-02-20,Normal,-90.04,35.19
14,15,2016-06-02-20,Normal,-94.46,37.16
26,42,2016-06-02-20,Normal,-93.34,37.21
17,86,2016-06-02-20,Normal,-93.65,39.0
23,93,2016-06-02-20,Normal,-89.52,40.7
28,34,2016-06-02-20,Normal,-93.13,39.78
15,48,2016-06-02-20,Normal,-90.04,35.19
27,59,2016-06-02-20,Normal,-93.65,39.0
18,16,2016-06-02-20,Normal,-93.13,39.78
19,109,2016-06-02-20,Normal,-94.57,35.37
13,10,2016-06-02-20,Normal,-87.66,41.89
30,41,2016-06-02-20,Normal,-88.02,42.04
22,24,2016-06-02-20,Normal,-90.68,35.12
32,84,2016-06-02-20,Normal,-90.37,35.21
28,34,2016-06-02-20,Normal,-93.33,39.77
23,93,2016-06-02-20,Normal,-90.29,40.96
16,69,2016-06-02-20,Normal,-90.29,40.96
28,34,2016-06-02-20,Normal,-93.6,39.77
29,108,2016-06-02-20,Normal,-93.92,35.53
26,42,2016-06-02-20,Normal,-94.23,37.09
14,15,2016-06-02-20,Normal,-94.35,38.33
22,24,2016-06-02-20,Normal,-91.14,34.96
13,10,2016-06-02-20,Normal,-88.02,42.04
23,93,2016-06-02-20,Normal,-90.44,41.54
13,10,2016-06-02-20,Normal,-88.41,42.11
18,16,2016-06-02-20,Normal,-93.93,39.76
26,42,2016-06-02-20,Normal,-94.54,37.02
14,15,2016-06-02-20,Normal,-94.38,38.67
10,23,2016-06-02-20,Normal,-94.54,37.02
25,53,2016-06-02-20,Normal,-90.35,38.43
24,102,2016-06-02-20,Normal,-88.07,41.48
21,21,2016-06-02-20,Normal,-94.38,38.67
17,86,2016-06-02-20,Normal,-94.44,39.1
28,34,2016-06-02-20,Normal,-94.15,39.77
26,42,2016-06-02-20,Normal,-94.83,36.84
32,84,2016-06-02-20,Normal,-91.38,34.83
19,109,2016-06-02-20,Normal,-93.12,35.31
22,24,2016-06-02-20,Normal,-91.74,34.89
27,59,2016-06-02-20,Normal,-94.44,39.1
12,55,2016-06-02-20,Normal,-90.0,37.72
21,21,2016-06-02-20,Normal,-94.59,39.1
20,47,2016-06-02-20,Normal,-89.03,41.92
30,41,2016-06-02-20,Normal,-89.29,41.85
19,109,2016-06-02-20,Normal,-92.87,35.25
23,93,2016-06-02-20,Normal,-91.47,41.74
24,102,2016-06-02-20,Normal,-88.77,40.76
21,21,2016-06-02-20,Normal,-94.59,39.1
22,24,2016-06-02-20,Normal,-92.09,34.8
19,109,2016-06-02-20,Normal,-92.53,35.15
26,42,2016-06-02-20,Normal,-95.35,36.47
15,48,2016-06-02-20,Normal,-92.09,34.8
10,23,2016-06-02-20,Normal,-95.35,36.47
24,102,2016-06-02-20,Normal,-89.17,40.38
29,108,2016-06-02-20,Normal,-92.25,34.75
24,102,2016-06-02-20,Normal,-89.63,39.84
30,41,2016-06-02-20,Normal,-90.2,41.59
23,93,2016-06-02-20,Normal,-91.78,42.23
25,53,2016-06-02-20,Normal,-89.54,36.84
11,19,2016-06-02-20,Normal,-89.17,40.38
22,24,2016-06-02-20,Normal,-92.09,34.8
30,41,2016-06-02-20,Normal,-89.88,41.77
31,82,2016-06-02-20,Normal,-94.37,38.0
21,21,2016-06-02-20,Normal,-94.38,38.67
32,84,2016-06-02-20,Normal,-92.09,34.8
28,34,2016-06-02-20,Normal,-94.42,39.27
30,41,2016-06-02-20,Normal,-90.82,41.66
12,55,2016-06-02-20,Normal,-89.65,36.37
13,10,2016-06-02-20,Normal,-90.2,41.59
14,15,2016-06-02-20,Normal,-94.37,38.0
23,93,2016-06-02-20,Normal,-91.63,41.72
17,86,2016-06-02-20,Normal,-93.2,38.98
25,53,2016-06-02-20,Normal,-89.8,35.94
20,47,2016-06-02-20,Normal,-90.64,41.56
10,23,2016-06-02-20,Normal,-95.76,36.18
15,48,2016-06-02-20,Normal,-91.93,34.81
32,84,2016-06-02-20,Normal,-91.93,34.81
31,82,2016-06-02-20,Normal,-94.31,37.31
23,93,2016-06-02-20,Normal,-91.32,41.71
29,108,2016-06-02-20,Normal,-92.87,35.25
18,16,2016-06-02-20,Normal,-94.36,39.37
23,93,2016-06-02-20,Normal,-91.05,41.72
12,55,2016-06-02-20,Normal,-90.24,35.35
13,10,2016-06-02-20,Normal,-91.24,41.67
14,15,2016-06-02-20,Normal,-94.46,37.16
11,19,2016-06-02-20,Normal,-89.74,39.1
19,109,2016-06-02-20,Normal,-92.87,35.25
10,23,2016-06-02-20,Normal,-95.76,36.18
23,93,2016-06-02-20,Normal,-90.7,41.62
30,41,2016-06-02-20,Normal,-91.94,41.71
27,59,2016-06-02-20,Normal,-93.01,38.97
28,34,2016-06-02-20,Normal,-94.28,39.53
16,69,2016-06-02-20,Normal,-90.7,41.62
15,48,2016-06-02-20,Normal,-91.14,34.96
22,24,2016-06-02-20,Normal,-90.94,35.03
24,102,2016-06-02-20,Normal,-88.77,40.76
12,55,2016-06-02-20,Normal,-90.24,35.35
32,84,2016-06-02-20,Normal,-90.94,35.03
13,10,2016-06-02-20,Normal,-92.19,41.74
17,86,2016-06-02-20,Normal,-92.53,38.98
23,93,2016-06-02-20,Normal,-90.29,40.96
26,42,2016-06-02-20,Normal,-95.35,36.47
19,109,2016-06-02-20,Normal,-96.68,36.2
16,69,2016-06-02-20,Normal,-91.78,42.23
17,86,2016-06-02-20,Normal,-90.21,38.65
26,42,2016-06-02-20,Normal,-92.48,37.8
18,16,2016-06-02-20,Normal,-91.36,39.76
10,23,2016-06-02-20,Normal,-92.61,37.7
13,10,2016-06-02-20,Normal,-91.24,41.67
17,86,2016-06-02-20,Normal,-90.21,38.65
21,21,2016-06-02-20,Normal,-94.31,37.31
10,23,2016-06-02-20,Normal,-92.48,37.8
22,24,2016-06-02-20,Normal,-91.93,34.81
29,108,2016-06-02-20,Normal,-97.35,36.4
14,15,2016-06-02-20,Normal,-94.46,37.16
20,47,2016-06-02-20,Normal,-90.64,41.56
14,15,2016-06-02-20,Normal,-94.58,37.03
15,48,2016-06-02-20,Normal,-91.93,34.81
26,42,2016-06-02-20,Normal,-91.99,37.94
23,93,2016-06-02-20,Normal,-91.32,41.71
10,23,2016-06-02-20,Normal,-92.31,37.81
24,102,2016-06-02-20,Normal,-88.07,41.48
19,109,2016-06-02-20,Normal,-97.34,36.63
19,109,2016-06-02-20,Normal,-97.35,36.4
31,82,2016-06-02-20,Normal,-94.58,37.03
22,24,2016-06-02-20,Normal,-91.38,34.83
11,19,2016-06-02-20,Normal,-88.42,41.11
15,48,2016-06-02-20,Normal,-90.68,35.12
12,55,2016-06-02-20,Normal,-89.65,36.37
32,84,2016-06-02-20,Normal,-90.94,35.03
27,59,2016-06-02-20,Normal,-91.74,38.94
19,109,2016-06-02-20,Normal,-97.32,37.15
20,47,2016-06-02-20,Normal,-88.02,42.04
16,69,2016-06-02-20,Normal,-90.7,41.62
12,55,2016-06-02-20,Normal,-89.54,36.84
10,23,2016-06-02-20,Normal,-90.53,38.51
21,21,2016-06-02-20,Normal,-94.38,38.99
10,23,2016-06-02-20,Normal,-90.34,38.58
19,109,2016-06-02-20,Normal,-97.37,36.91
11,19,2016-06-02-20,Normal,-90.2,38.65
23,93,2016-06-02-20,Normal,-91.05,41.72
22,24,2016-06-02-20,Normal,-91.74,34.89
32,84,2016-06-02-20,Normal,-91.74,34.89
27,59,2016-06-02-20,Normal,-92.22,38.96
29,108,2016-06-02-20,Normal,-97.34,36.63
26,42,2016-06-02-20,Normal,-90.34,38.58
18,16,2016-06-02-20,Normal,-89.96,39.74
31,82,2016-06-02-20,Normal,-94.35,38.33
25,53,2016-06-02-20,Normal,-89.56,37.2
22,24,2016-06-02-20,Normal,-91.93,34.81
14,15,2016-06-02-20,Normal,-94.37,38.0
24,102,2016-06-02-20,Normal,-89.17,40.38
14,15,2016-06-02-20,Normal,-94.37,38.0
30,41,2016-06-02-20,Normal,-91.59,41.7
26,42,2016-06-02-20,Normal,-91.99,37.94
17,86,2016-06-02-20,Normal,-94.44,39.1
20,47,2016-06-02-20,Normal,-91.94,41.71
22,24,2016-06-02-20,Normal,-90.68,35.12
31,82,2016-06-02-20,Normal,-94.35,38.33
32,84,2016-06-02-20,Normal,-90.68,35.12
13,10,2016-06-02-20,Normal,-91.59,41.7
22,24,2016-06-02-20,Normal,-90.37,35.21
20,47,2016-06-02-20,Normal,-92.19,41.74
23,93,2016-06-02-20,Normal,-89.91,40.86
16,69,2016-06-02-20,Normal,-89.91,40.86
13,10,2016-06-02-20,Normal,-91.94,41.71
27,59,2016-06-02-20,Normal,-94.44,39.1
29,108,2016-06-02-20,Normal,-94.88,35.47
14,15,2016-06-02-20,Normal,-94.38,38.99
22,24,2016-06-02-20,Normal,-90.04,35.19
32,84,2016-06-02-20,Normal,-90.04,35.19
26,42,2016-06-02-20,Normal,-92.48,37.8
22,24,2016-06-02-20,Normal,-90.04,35.19
30,41,2016-06-02-20,Normal,-92.74,41.75
24,102,2016-06-02-20,Normal,-90.2,38.65
15,48,2016-06-02-20,Normal,-90.04,35.19
32,84,2016-06-02-20,Normal,-90.04,35.19
30,41,2016-06-02-20,Normal,-92.19,41.74
31,82,2016-06-02-20,Normal,-94.58,37.03
17,86,2016-06-02-20,Normal,-92.38,38.98
20,47,2016-06-02-20,Normal,-91.94,41.71
29,108,2016-06-02-20,Normal,-92.25,34.75
11,19,2016-06-02-20,Normal,-90.64,41.56
32,84,2016-06-02-20,Normal,-92.31,34.78
31,82,2016-06-02-20,Normal,-94.58,37.03
28,34,2016-06-02-20,Normal,-94.15,39.77
21,21,2016-06-02-20,Normal,-94.58,37.03
20,47,2016-06-02-20,Normal,-91.59,41.7
18,16,2016-06-02-20,Normal,-94.24,39.63
13,10,2016-06-02-20,Normal,-91.94,41.71
21,21,2016-06-02-20,Normal,-90.2,38.65
14,15,2016-06-02-20,Normal,-90.29,40.96
32,84,2016-06-02-20,Normal,-91.93,34.81
20,47,2016-06-02-20,Normal,-91.24,41.67
13,10,2016-06-02-20,Normal,-91.59,41.7
12,55,2016-06-02-20,Normal,-90.24,38.0
26,42,2016-06-02-20,Normal,-95.14,36.66
14,15,2016-06-02-20,Normal,-90.44,41.54
32,84,2016-06-02-20,Normal,-91.74,34.89
19,109,2016-06-02-20,Normal,-92.53,35.15
31,82,2016-06-02-20,Normal,-89.17,40.38
26,42,2016-06-02-20,Normal,-95.35,36.47
10,23,2016-06-02-20,Normal,-95.14,36.66
14,15,2016-06-02-20,Normal,-90.7,41.62
24,102,2016-06-02-20,Normal,-91.74,34.89
11,19,2016-06-02-20,Normal,-89.29,41.85
22,24,2016-06-02-20,Normal,-91.38,34.83
12,55,2016-06-02-20,Normal,-90.15,38.62
25,53,2016-06-02-20,Normal,-90.35,38.43
21,21,2016-06-02-20,Normal,-89.17,40.38
22,24,2016-06-02-20,Normal,-91.14,34.96
14,15,2016-06-02-20,Normal,-91.05,41.72
30,41,2016-06-02-20,Normal,-90.2,41.59
23,93,2016-06-02-20,Normal,-90.7,41.62
17,86,2016-06-02-20,Normal,-91.19,38.83
16,69,2016-06-02-20,Normal,-90.44,41.54
14,15,2016-06-02-20,Normal,-91.32,41.71
20,47,2016-06-02-20,Normal,-89.88,41.77
29,108,2016-06-02-20,Normal,-93.92,35.53
31,82,2016-06-02-20,Normal,-88.07,41.48
24,102,2016-06-02-20,Normal,-90.94,35.03
26,42,2016-06-02-20,Normal,-95.76,36.18
19,109,2016-06-02-20,Normal,-93.61,35.51
15,48,2016-06-02-20,Normal,-90.68,35.12
18,16,2016-06-02-20,Normal,-94.42,39.27
23,93,2016-06-02-20,Normal,-90.29,40.96
19,109,2016-06-02-20,Normal,-95.3,35.64
27,59,2016-06-02-20,Normal,-91.1,38.83
28,34,2016-06-02-20,Normal,-94.15,39.77
11,19,2016-06-02-20,Normal,-88.41,42.11
16,69,2016-06-02-20,Normal,-90.44,41.54
10,23,2016-06-02-20,Normal,-95.35,36.47
24,102,2016-06-02-20,Normal,-90.94,35.03
23,93,2016-06-02-20,Normal,-89.71,37.47
15,48,2016-06-02-20,Normal,-90.7,41.62
29,108,2016-06-02-20,Normal,-95.76,36.08
30,41,2016-06-02-20,Normal,-87.66,41.89
28,34,2016-06-02-20,Normal,-93.6,39.77
26,42,2016-06-02-20,Normal,-95.01,36.73
21,21,2016-06-02-20,Normal,-89.74,39.1
20,47,2016-06-02-20,Normal,-87.66,41.89
11,19,2016-06-02-20,Normal,-88.96,42.25
26,42,2016-06-02-20,Normal,-94.83,36.84
23,93,2016-06-02-20,Normal,-89.54,36.84
29,108,2016-06-02-20,Normal,-96.21,36.19
25,53,2016-06-02-20,Normal,-90.24,35.35
30,41,2016-06-02-20,Normal,-88.02,42.04
10,23,2016-06-02-20,Normal,-95.01,36.73
13,10,2016-06-02-20,Normal,-87.66,41.89
10,23,2016-06-02-20,Normal,-94.83,36.84
23,93,2016-06-02-20,Normal,-89.65,36.37
15,48,2016-06-02-20,Normal,-91.47,41.74
32,84,2016-06-02-20,Normal,-91.47,41.74
23,93,2016-06-02-20,Normal,-90.07,35.1
24,102,2016-06-02-20,Normal,-92.09,34.8
20,47,2016-06-02-20,Normal,-89.6,41.76
31,82,2016-06-02-20,Normal,-88.07,41.48
21,21,2016-06-02-20,Normal,-88.07,41.48
13,10,2016-06-02-20,Normal,-89.29,41.85
18,16,2016-06-02-20,Normal,-91.59,39.68
17,86,2016-06-02-20,Normal,-91.74,38.94
16,69,2016-06-02-20,Normal,-91.32,41.71
23,93,2016-06-02-20,Normal,-90.24,35.35
19,109,2016-06-02-20,Normal,-97.35,36.4
15,48,2016-06-02-20,Normal,-91.05,41.72
26,42,2016-06-02-20,Normal,-92.74,37.6
20,47,2016-06-02-20,Normal,-90.64,41.56
27,59,2016-06-02-20,Normal,-92.03,38.97
14,15,2016-06-02-20,Normal,-91.32,41.71
25,53,2016-06-02-20,Normal,-89.54,36.84
21,21,2016-06-02-20,Normal,-87.67,41.87
30,41,2016-06-02-20,Normal,-90.2,41.59
27,59,2016-06-02-20,Normal,-91.74,38.94
11,19,2016-06-02-20,Normal,-91.94,41.71
10,23,2016-06-02-20,Normal,-92.89,37.51
24,102,2016-06-02-20,Normal,-91.14,34.96
13,10,2016-06-02-20,Normal,-90.2,41.59
10,43,2016-06-02-20,Normal,-92.61,37.7
11,39,2016-06-02-20,Normal,-93.58,41.62
31,86,2016-06-02-20,Normal,-94.31,37.31
27,60,2016-06-02-20,Normal,-92.03,38.97
14,56,2016-06-02-20,Normal,-94.37,38.0
23,44,2016-06-02-20,Normal,-92.31,34.78
10,43,2016-06-02-20,Normal,-92.48,37.8
16,71,2016-06-02-20,Normal,-91.63,41.72
31,86,2016-06-02-20,Normal,-94.3,37.66
31,86,2016-06-02-20,Normal,-94.37,38.0
28,90,2016-06-02-20,Normal,-90.37,39.71
31,86,2016-06-02-20,Normal,-94.35,38.33
23,93,2016-06-02-20,Normal,-89.52,40.7
29,108,2016-06-02-20,Normal,-97.36,37.69
31,82,2016-06-02-20,Normal,-94.58,37.03
27,59,2016-06-02-20,Normal,-90.21,38.65
30,41,2016-06-02-20,Normal,-93.58,41.62
22,24,2016-06-02-20,Normal,-90.37,35.21
23,93,2016-06-02-20,Normal,-89.91,40.86
12,55,2016-06-02-20,Normal,-90.24,38.0
13,10,2016-06-02-20,Normal,-93.04,41.71
13,10,2016-06-02-20,Normal,-93.36,41.69
28,34,2016-06-02-20,Normal,-89.78,39.77
21,21,2016-06-02-20,Normal,-94.46,37.16
10,23,2016-06-02-20,Normal,-90.34,38.58
20,47,2016-06-02-20,Normal,-93.04,41.71
15,48,2016-06-02-20,Normal,-90.68,35.12
19,109,2016-06-02-20,Normal,-97.32,37.27
31,82,2016-06-02-20,Normal,-94.31,37.31
26,42,2016-06-02-20,Normal,-90.69,38.5
16,69,2016-06-02-20,Normal,-90.44,41.54
21,21,2016-06-02-20,Normal,-94.3,37.66
32,84,2016-06-02-20,Normal,-90.94,35.03
29,108,2016-06-02-20,Normal,-97.37,36.91
27,59,2016-06-02-20,Normal,-90.67,38.82
20,47,2016-06-02-20,Normal,-92.4,41.78
31,82,2016-06-02-20,Normal,-94.37,38.0
17,86,2016-06-02-20,Normal,-90.79,38.83
23,93,2016-06-02-20,Normal,-90.7,41.62
22,24,2016-06-02-20,Normal,-91.38,34.83
10,23,2016-06-02-20,Normal,-91.07,38.31
11,19,2016-06-02-20,Normal,-88.77,40.76
12,55,2016-06-02-20,Normal,-89.56,37.2
27,59,2016-06-02-20,Normal,-90.93,38.82
28,34,2016-06-02-20,Normal,-90.24,39.72
15,48,2016-06-02-20,Normal,-91.38,34.83
29,108,2016-06-02-20,Normal,-97.34,36.63
24,102,2016-06-02-20,Normal,-88.07,41.48
13,10,2016-06-02-20,Normal,-91.94,41.71
31,82,2016-06-02-20,Normal,-94.38,38.67
19,109,2016-06-02-20,Normal,-93.61,35.51
16,69,2016-06-02-20,Normal,-90.29,40.96
22,24,2016-06-02-20,Normal,-90.37,35.21
12,55,2016-06-02-20,Normal,-89.8,35.94
10,23,2016-06-02-20,Normal,-95.35,36.47
17,86,2016-06-02-20,Normal,-92.22,38.96
20,47,2016-06-02-20,Normal,-92.74,41.75
18,16,2016-06-02-20,Normal,-93.93,39.76
30,41,2016-06-02-20,Normal,-93.04,41.71
29,108,2016-06-02-20,Normal,-94.22,35.5
20,47,2016-06-02-20,Normal,-93.04,41.71
30,41,2016-06-02-20,Normal,-92.74,41.75
30,41,2016-06-02-20,Normal,-93.36,41.69
32,84,2016-06-02-20,Normal,-90.04,35.19
29,108,2016-06-02-20,Normal,-94.57,35.37
26,42,2016-06-02-20,Normal,-95.01,36.73
26,42,2016-06-02-20,Normal,-94.54,37.02
27,59,2016-06-02-20,Normal,-92.38,38.98
30,41,2016-06-02-20,Normal,-93.58,41.62
31,82,2016-06-02-20,Normal,-94.37,38.0
14,15,2016-06-02-20,Normal,-94.37,38.0
20,47,2016-06-02-20,Normal,-93.36,41.69
24,102,2016-06-02-20,Normal,-88.07,41.48
25,53,2016-06-02-20,Normal,-89.54,36.84
21,21,2016-06-02-20,Normal,-94.35,38.33
29,108,2016-06-02-20,Normal,-95.3,35.64
12,55,2016-06-02-20,Normal,-89.71,37.47
14,15,2016-06-02-20,Normal,-94.38,38.67
11,19,2016-06-02-20,Normal,-88.07,41.48
25,53,2016-06-02-20,Normal,-89.56,37.2
20,47,2016-06-02-20,Normal,-93.58,41.62
15,48,2016-06-02-20,Normal,-90.68,35.12
18,16,2016-06-02-20,Normal,-92.94,39.77
19,109,2016-06-02-20,Normal,-95.3,35.64
26,42,2016-06-02-20,Normal,-93.96,37.08
10,23,2016-06-02-20,Normal,-93.96,37.08
32,84,2016-06-02-20,Normal,-90.94,35.03
12,55,2016-06-02-20,Normal,-90.24,38.0
29,108,2016-06-02-20,Normal,-95.56,35.97
16,69,2016-06-02-20,Normal,-90.7,41.62
15,48,2016-06-02-20,Normal,-91.14,34.96
10,23,2016-06-02-20,Normal,-93.69,37.16
13,10,2016-06-02-20,Normal,-93.36,41.69
25,53,2016-06-02-20,Normal,-90.0,37.72
32,84,2016-06-02-20,Normal,-91.38,34.83
27,59,2016-06-02-20,Normal,-91.33,38.87
31,82,2016-06-02-20,Normal,-94.59,39.1
16,69,2016-06-02-20,Normal,-91.05,41.72
28,34,2016-06-02-20,Normal,-92.57,39.77
15,48,2016-06-02-20,Normal,-91.38,34.83
12,55,2016-06-02-20,Normal,-90.15,38.62
11,19,2016-06-02-20,Normal,-89.63,39.84
16,69,2016-06-02-20,Normal,-91.32,41.71
25,53,2016-06-02-20,Normal,-90.35,38.43
10,23,2016-06-02-20,Normal,-93.14,37.26
12,55,2016-06-02-20,Normal,-90.15,38.62
29,108,2016-06-02-20,Normal,-96.21,36.19
11,19,2016-06-02-20,Normal,-89.74,39.1
21,21,2016-06-02-20,Normal,-94.38,38.67
10,23,2016-06-02-20,Normal,-92.99,37.34
26,42,2016-06-02-20,Normal,-92.89,37.51
14,15,2016-06-02-20,Normal,-94.35,38.33
13,10,2016-06-02-20,Normal,-92.19,41.74
32,84,2016-06-02-20,Normal,-92.09,34.8
25,53,2016-06-02-20,Normal,-90.15,38.62
29,108,2016-06-02-20,Normal,-96.68,36.2
19,109,2016-06-02-20,Normal,-96.44,36.23
27,59,2016-06-02-20,Normal,-90.67,38.82
23,93,2016-06-02-20,Normal,-91.78,42.23
18,16,2016-06-02-20,Normal,-91.8,39.67
22,24,2016-06-02-20,Normal,-92.31,34.78
26,42,2016-06-02-20,Normal,-92.61,37.7
13,10,2016-06-02-20,Normal,-91.59,41.7
26,42,2016-06-02-20,Normal,-91.69,37.99
24,102,2016-06-02-20,Normal,-87.67,41.87
23,93,2016-06-02-20,Normal,-90.7,41.62
12,55,2016-06-02-20,Normal,-89.8,35.94
10,23,2016-06-02-20,Normal,-91.99,37.94
20,47,2016-06-02-20,Normal,-89.6,41.76
30,41,2016-06-02-20,Normal,-89.6,41.76
23,93,2016-06-02-20,Normal,-90.44,41.54
24,102,2016-06-02-20,Normal,-87.67,41.87
21,21,2016-06-02-20,Normal,-94.31,37.31
22,24,2016-06-02-20,Normal,-90.94,35.03
19,109,2016-06-02-20,Normal,-97.37,36.91
22,24,2016-06-02-20,Normal,-90.68,35.12
11,19,2016-06-02-20,Normal,-87.67,41.87
17,86,2016-06-02-20,Normal,-90.93,38.82
28,34,2016-06-02-20,Normal,-90.52,39.71
31,82,2016-06-02-20,Normal,-94.3,37.66
23,93,2016-06-02-20,Normal,-90.29,40.96
21,21,2016-06-02-20,Normal,-94.3,37.66
12,55,2016-06-02-20,Normal,-90.07,35.1
24,102,2016-06-02-20,Normal,-88.42,41.11
29,108,2016-06-02-20,Normal,-97.32,37.48
20,47,2016-06-02-20,Normal,-88.96,42.25
16,69,2016-06-02-20,Normal,-89.91,40.86
15,48,2016-06-02-20,Normal,-90.37,35.21
17,86,2016-06-02-20,Normal,-91.19,38.83
18,16,2016-06-02-20,Normal,-90.24,39.72
19,109,2016-06-02-20,Normal,-97.32,37.48
10,23,2016-06-02-20,Normal,-91.3,38.14
17,86,2016-06-02-20,Normal,-91.33,38.87
31,82,2016-06-02-20,Normal,-94.35,38.33
12,55,2016-06-02-20,Normal,-90.24,35.35
30,41,2016-06-02-20,Normal,-88.41,42.11
24,102,2016-06-02-20,Normal,-89.17,40.38
19,109,2016-06-02-20,Normal,-97.36,37.69
25,53,2016-06-02-20,Normal,-90.07,35.1
21,21,2016-06-02-20,Normal,-94.38,38.67
12,55,2016-06-02-20,Normal,-90.07,35.68
11,19,2016-06-02-20,Normal,-89.17,40.38
27,59,2016-06-02-20,Normal,-91.33,38.87
17,86,2016-06-02-20,Normal,-91.74,38.94
21,21,2016-06-02-20,Normal,-94.38,38.99
28,34,2016-06-02-20,Normal,-89.96,39.74
18,16,2016-06-02-20,Normal,-89.78,39.77
30,41,2016-06-02-20,Normal,-87.66,41.89
17,86,2016-06-02-20,Normal,-92.03,38.97
29,108,2016-06-02-20,Normal,-97.32,37.27
26,42,2016-06-02-20,Normal,-90.53,38.51
22,24,2016-06-02-20,Normal,-90.94,35.03
13,10,2016-06-02-20,Normal,-88.64,42.21
25,53,2016-06-02-20,Normal,-89.71,37.47
12,55,2016-06-02-20,Normal,-90.24,38.0
26,42,2016-06-02-20,Normal,-90.53,38.51
28,34,2016-06-02-20,Normal,-90.14,39.76
22,24,2016-06-02-20,Normal,-92.31,34.78
20,47,2016-06-02-20,Normal,-89.03,41.92
14,15,2016-06-02-20,Normal,-94.31,37.31
16,69,2016-06-02-20,Normal,-91.63,41.72
13,10,2016-06-02-20,Normal,-89.03,41.92
21,21,2016-06-02-20,Normal,-94.31,37.31
12,55,2016-06-02-20,Normal,-90.15,38.62
28,34,2016-06-02-20,Normal,-90.24,39.72
29,108,2016-06-02-20,Normal,-96.97,36.24
20,47,2016-06-02-20,Normal,-89.29,41.85
17,86,2016-06-02-20,Normal,-93.45,38.99
29,108,2016-06-02-20,Normal,-96.44,36.23
17,86,2016-06-02-20,Normal,-93.2,38.98
15,48,2016-06-02-20,Normal,-92.31,34.78
31,82,2016-06-02-20,Normal,-94.46,37.16
16,69,2016-06-02-20,Normal,-91.78,42.23
22,24,2016-06-02-20,Normal,-92.09,34.8
16,69,2016-06-02-20,Normal,-91.63,41.72
19,109,2016-06-02-20,Normal,-96.68,36.2
10,23,2016-06-02-20,Normal,-91.07,38.31
16,69,2016-06-02-20,Normal,-91.47,41.74
13,10,2016-06-02-20,Normal,-89.88,41.77
11,19,2016-06-02-20,Normal,-87.67,41.87
20,47,2016-06-02-20,Normal,-90.2,41.59
19,109,2016-06-02-20,Normal,-96.44,36.23
11,19,2016-06-02-20,Normal,-87.67,41.87
21,21,2016-06-02-20,Normal,-94.58,37.03
31,82,2016-06-02-20,Normal,-94.46,37.16
25,53,2016-06-02-20,Normal,-90.15,38.62
32,84,2016-06-02-20,Normal,-91.74,34.89
30,41,2016-06-02-20,Normal,-90.64,41.56
21,21,2016-06-02-20,Normal,-94.46,37.16
11,19,2016-06-02-20,Normal,-88.07,41.48
27,59,2016-06-02-20,Normal,-93.85,39.01
31,82,2016-06-02-20,Normal,-94.31,37.31
32,84,2016-06-02-20,Normal,-91.38,34.83
19,109,2016-06-02-20,Normal,-95.99,36.17
17,86,2016-06-02-20,Normal,-94.16,39.04
16,69,2016-06-02-20,Normal,-90.7,41.62
27,59,2016-06-02-20,Normal,-94.0,39.03
32,84,2016-06-02-20,Normal,-91.14,34.96
10,23,2016-06-02-20,Normal,-91.55,38.04
24,102,2016-06-02-20,Normal,-88.77,40.76
19,109,2016-06-02-20,Normal,-95.76,36.08
29,108,2016-06-02-20,Normal,-94.22,35.5
31,82,2016-06-02-20,Normal,-94.59,39.1
27,59,2016-06-02-20,Normal,-94.31,39.04
26,42,2016-06-02-20,Normal,-92.61,37.7
15,48,2016-06-02-20,Normal,-90.04,35.19
21,21,2016-06-02-20,Normal,-94.59,39.1
10,23,2016-06-02-20,Normal,-92.61,37.7
27,59,2016-06-02-20,Normal,-94.16,39.04
26,42,2016-06-02-20,Normal,-92.74,37.6
31,82,2016-06-02-20,Normal,-94.38,38.99
14,15,2016-06-02-20,Normal,-94.38,38.99
17,86,2016-06-02-20,Normal,-93.65,39.0
25,53,2016-06-02-20,Normal,-90.07,35.68
21,21,2016-06-02-20,Normal,-94.38,38.99
12,55,2016-06-02-20,Normal,-90.07,35.1
11,19,2016-06-02-20,Normal,-92.74,41.75
10,23,2016-06-02-20,Normal,-92.89,37.51
25,53,2016-06-02-20,Normal,-90.07,35.1
20,47,2016-06-02-20,Normal,-93.58,41.62
13,10,2016-06-02-20,Normal,-93.58,41.62
25,53,2016-06-02-20,Normal,-90.24,35.35
30,41,2016-06-02-20,Normal,-93.58,41.62
26,42,2016-06-02-20,Normal,-92.99,37.34
31,82,2016-06-02-20,Normal,-94.35,38.33
23,93,2016-06-02-20,Normal,-90.7,41.62
25,53,2016-06-02-20,Normal,-90.07,35.1
12,55,2016-06-02-20,Normal,-90.07,35.68
22,24,2016-06-02-20,Normal,-91.38,34.83
18,16,2016-06-02-20,Normal,-93.13,39.78
21,21,2016-06-02-20,Normal,-94.37,38.0
25,53,2016-06-02-20,Normal,-90.24,35.35
10,23,2016-06-02-20,Normal,-93.14,37.26
14,15,2016-06-02-20,Normal,-94.3,37.66
28,34,2016-06-02-20,Normal,-93.13,39.78
20,47,2016-06-02-20,Normal,-92.74,41.75
32,84,2016-06-02-20,Normal,-91.74,34.89
12,55,2016-06-02-20,Normal,-89.8,35.94
13,10,2016-06-02-20,Normal,-93.36,41.69
11,19,2016-06-02-20,Normal,-91.59,41.7
23,93,2016-06-02-20,Normal,-91.47,41.74
32,84,2016-06-02-20,Normal,-92.09,34.8
27,59,2016-06-02-20,Normal,-92.85,38.93
17,86,2016-06-02-20,Normal,-92.53,38.98
22,24,2016-06-02-20,Normal,-92.31,34.78
32,84,2016-06-02-20,Normal,-91.93,34.81
14,15,2016-06-02-20,Normal,-94.31,37.31
29,108,2016-06-02-20,Normal,-92.25,34.92
22,24,2016-06-02-20,Normal,-92.09,34.8
12,55,2016-06-02-20,Normal,-89.54,36.84
23,93,2016-06-02-20,Normal,-91.63,41.72
24,102,2016-06-02-20,Normal,-92.09,34.8
31,82,2016-06-02-20,Normal,-87.67,41.87
23,93,2016-06-02-20,Normal,-89.91,40.86
18,16,2016-06-02-20,Normal,-94.36,39.37
13,10,2016-06-02-20,Normal,-89.6,41.76
19,109,2016-06-02-20,Normal,-94.22,35.5
20,47,2016-06-02-20,Normal,-88.96,42.25
31,82,2016-06-02-20,Normal,-88.42,41.11
27,59,2016-06-02-20,Normal,-90.67,38.82
26,42,2016-06-02-20,Normal,-95.76,36.18
16,69,2016-06-02-20,Normal,-89.52,40.7
20,47,2016-06-02-20,Normal,-88.64,42.21
23,93,2016-06-02-20,Normal,-90.35,38.43
15,48,2016-06-02-20,Normal,-90.04,35.19
25,53,2016-06-02-20,Normal,-89.56,37.2
16,69,2016-06-02-20,Normal,-89.52,40.7
18,16,2016-06-02-20,Normal,-94.15,39.77
11,19,2016-06-02-20,Normal,-87.66,41.89
28,34,2016-06-02-20,Normal,-94.24,39.63
20,47,2016-06-02-20,Normal,-88.41,42.11
27,59,2016-06-02-20,Normal,-90.55,38.81
14,15,2016-06-02-20,Normal,-91.47,41.74
25,53,2016-06-02-20,Normal,-89.54,36.84
13,10,2016-06-02-20,Normal,-88.64,42.21
26,42,2016-06-02-20,Normal,-95.35,36.47
25,53,2016-06-02-20,Normal,-90.07,35.1
27,59,2016-06-02-20,Normal,-90.67,38.82
18,16,2016-06-02-20,Normal,-92.74,39.76
22,24,2016-06-02-20,Normal,-92.09,34.8
30,41,2016-06-02-20,Normal,-88.64,42.21
16,69,2016-06-02-20,Normal,-91.63,41.72
17,86,2016-06-02-20,Normal,-90.93,38.82
20,47,2016-06-02-20,Normal,-88.96,42.25
12,55,2016-06-02-20,Normal,-90.24,35.35
29,108,2016-06-02-20,Normal,-96.68,36.2
18,16,2016-06-02-20,Normal,-92.57,39.77
21,21,2016-06-02-20,Normal,-89.17,40.38
13,10,2016-06-02-20,Normal,-88.64,42.21
30,41,2016-06-02-20,Normal,-89.03,41.92
29,108,2016-06-02-20,Normal,-97.14,36.41
27,59,2016-06-02-20,Normal,-90.93,38.82
26,42,2016-06-02-20,Normal,-93.69,37.16
22,24,2016-06-02-20,Normal,-92.31,34.78
21,21,2016-06-02-20,Normal,-88.77,40.76
14,15,2016-06-02-20,Normal,-89.91,40.86
31,82,2016-06-02-20,Normal,-88.42,41.11
20,47,2016-06-02-20,Normal,-89.03,41.92
25,53,2016-06-02-20,Normal,-90.07,35.68
17,86,2016-06-02-20,Normal,-91.19,38.83
24,102,2016-06-02-20,Normal,-92.31,34.78
22,24,2016-06-02-20,Normal,-91.93,34.81
21,21,2016-06-02-20,Normal,-88.07,41.48
18,16,2016-06-02-20,Normal,-90.97,39.72
32,84,2016-06-02-20,Normal,-90.29,40.96
26,42,2016-06-02-20,Normal,-92.48,37.8
16,69,2016-06-02-20,Normal,-90.44,41.54
12,55,2016-06-02-20,Normal,-90.35,38.43
30,41,2016-06-02-20,Normal,-91.24,41.67
27,59,2016-06-02-20,Normal,-92.38,38.98
13,10,2016-06-02-20,Normal,-90.82,41.66
17,86,2016-06-02-20,Normal,-92.53,38.98
12,55,2016-06-02-20,Normal,-90.15,38.62
29,108,2016-06-02-20,Normal,-97.36,37.69
17,86,2016-06-02-20,Normal,-92.63,38.95
20,47,2016-06-02-20,Normal,-91.94,41.71
13,10,2016-06-02-20,Normal,-91.59,41.7
10,23,2016-06-02-20,Normal,-92.48,37.8
26,42,2016-06-02-20,Normal,-92.08,37.81
22,24,2016-06-02-20,Normal,-90.04,35.19
28,34,2016-06-02-20,Normal,-90.79,39.69
29,108,2016-06-02-20,Normal,-97.36,37.69
22,24,2016-06-02-20,Normal,-90.04,35.19
17,86,2016-06-02-20,Normal,-92.85,38.93
21,21,2016-06-02-20,Normal,-89.63,39.84
14,15,2016-06-02-20,Normal,-91.78,42.23
29,108,2016-06-02-20,Normal,-97.32,37.48
30,41,2016-06-02-20,Normal,-92.19,41.74
10,39,2016-06-02-20,Normal,-90.18,38.64
30,95,2016-06-02-20,Normal,-93.58,41.62
15,32,2016-06-02-20,Normal,-90.04,35.19
27,81,2016-06-02-20,Normal,-90.21,38.65
10,39,2016-06-02-20,Normal,-90.34,38.58
31,48,2016-06-02-20,Normal,-94.58,37.03
20,79,2016-06-02-20,Normal,-93.58,41.62
32,71,2016-06-02-20,Normal,-90.37,35.21
27,81,2016-06-02-20,Normal,-90.41,38.75
13,12,2016-06-02-20,Normal,-93.36,41.69
15,32,2016-06-02-20,Normal,-90.37,35.21
22,24,2016-06-02-20,Normal,-90.37,35.21
23,66,2016-06-02-20,Normal,-90.29,40.96
11,27,2016-06-02-20,Normal,-89.63,39.84
32,71,2016-06-02-20,Normal,-90.68,35.12
17,92,2016-06-02-20,Normal,-90.55,38.81
24,68,2016-06-02-20,Normal,-89.63,39.84
22,24,2016-06-02-20,Normal,-90.94,35.03
30,95,2016-06-02-20,Normal,-92.74,41.75
19,100,2016-06-02-20,Normal,-97.32,37.15
13,12,2016-06-02-20,Normal,-92.74,41.75
12,74,2016-06-02-20,Normal,-90.0,37.72
21,105,2016-06-02-20,Normal,-94.3,37.66
27,81,2016-06-02-20,Normal,-90.67,38.82
20,79,2016-06-02-20,Normal,-92.4,41.78
22,24,2016-06-02-20,Normal,-91.14,34.96
32,71,2016-06-02-20,Normal,-91.14,34.96
21,105,2016-06-02-20,Normal,-94.37,38.0
17,92,2016-06-02-20,Normal,-90.79,38.83
30,95,2016-06-02-20,Normal,-92.19,41.74
32,71,2016-06-02-20,Normal,-91.38,34.83
22,24,2016-06-02-20,Normal,-91.74,34.89
28,58,2016-06-02-20,Normal,-90.24,39.72
25,21,2016-06-02-20,Normal,-89.54,36.84
13,12,2016-06-02-20,Normal,-92.19,41.74
21,105,2016-06-02-20,Normal,-94.38,38.67
11,27,2016-06-02-20,Normal,-88.42,41.11
22,24,2016-06-02-20,Normal,-91.93,34.81
13,12,2016-06-02-20,Normal,-91.94,41.71
32,71,2016-06-02-20,Normal,-91.74,34.89
11,27,2016-06-02-20,Normal,-87.67,41.87
15,32,2016-06-02-20,Normal,-91.93,34.81
26,17,2016-06-02-20,Normal,-91.18,38.22
28,58,2016-06-02-20,Normal,-90.37,39.71
32,71,2016-06-02-20,Normal,-91.93,34.81
23,66,2016-06-02-20,Normal,-91.63,41.72
27,81,2016-06-02-20,Normal,-91.19,38.83
13,12,2016-06-02-20,Normal,-91.24,41.67
28,58,2016-06-02-20,Normal,-91.36,39.76
21,105,2016-06-02-20,Normal,-94.37,38.0
15,32,2016-06-02-20,Normal,-91.93,34.81
23,66,2016-06-02-20,Normal,-91.32,41.71
20,79,2016-06-02-20,Normal,-89.6,41.76
27,81,2016-06-02-20,Normal,-92.38,38.98
24,68,2016-06-02-20,Normal,-89.63,39.84
10,39,2016-06-02-20,Normal,-92.31,37.81
13,12,2016-06-02-20,Normal,-89.29,41.85
18,49,2016-06-02-20,Normal,-91.8,39.67
23,66,2016-06-02-20,Normal,-91.05,41.72
21,105,2016-06-02-20,Normal,-94.31,37.31
26,17,2016-06-02-20,Normal,-92.48,37.8
15,32,2016-06-02-20,Normal,-91.38,34.83
30,95,2016-06-02-20,Normal,-89.03,41.92
26,17,2016-06-02-20,Normal,-92.61,37.7
27,81,2016-06-02-20,Normal,-92.63,38.95
23,66,2016-06-02-20,Normal,-90.44,41.54
18,49,2016-06-02-20,Normal,-92.07,39.71
12,74,2016-06-02-20,Normal,-89.8,35.94
10,39,2016-06-02-20,Normal,-92.61,37.7
14,18,2016-06-02-20,Normal,-94.46,37.16
11,27,2016-06-02-20,Normal,-90.2,38.65
24,68,2016-06-02-20,Normal,-90.2,38.65
27,81,2016-06-02-20,Normal,-92.85,38.93
30,95,2016-06-02-20,Normal,-88.64,42.21
31,48,2016-06-02-20,Normal,-94.58,37.03
22,24,2016-06-02-20,Normal,-90.68,35.12
24,68,2016-06-02-20,Normal,-89.74,39.1
29,16,2016-06-02-20,Normal,-95.3,35.64
15,32,2016-06-02-20,Normal,-90.68,35.12
25,21,2016-06-02-20,Normal,-89.56,37.2
29,16,2016-06-02-20,Normal,-95.15,35.51
15,32,2016-06-02-20,Normal,-90.37,35.21
21,105,2016-06-02-20,Normal,-94.46,37.16
23,66,2016-06-02-20,Normal,-89.91,40.86
32,71,2016-06-02-20,Normal,-90.37,35.21
18,49,2016-06-02-20,Normal,-92.74,39.76
24,68,2016-06-02-20,Normal,-89.17,40.38
30,95,2016-06-02-20,Normal,-88.02,42.04
15,32,2016-06-02-20,Normal,-90.04,35.19
11,27,2016-06-02-20,Normal,-88.77,40.76
13,12,2016-06-02-20,Normal,-87.66,41.89
26,17,2016-06-02-20,Normal,-93.34,37.21
27,81,2016-06-02-20,Normal,-93.45,38.99
10,39,2016-06-02-20,Normal,-93.34,37.21
23,66,2016-06-02-20,Normal,-89.91,40.86
14,18,2016-06-02-20,Normal,-94.31,37.31
31,48,2016-06-02-20,Normal,-94.3,37.66
27,81,2016-06-02-20,Normal,-93.65,39.0
29,16,2016-06-02-20,Normal,-94.22,35.5
15,32,2016-06-02-20,Normal,-91.38,34.83
29,16,2016-06-02-20,Normal,-92.87,35.25
16,46,2016-06-02-20,Normal,-91.32,41.71
10,39,2016-06-02-20,Normal,-95.01,36.73
11,27,2016-06-02-20,Normal,-88.77,40.76
12,74,2016-06-02-20,Normal,-90.35,38.43
30,95,2016-06-02-20,Normal,-89.29,41.85
14,18,2016-06-02-20,Normal,-94.59,39.1
27,81,2016-06-02-20,Normal,-94.44,39.1
29,16,2016-06-02-20,Normal,-92.53,35.15
28,58,2016-06-02-20,Normal,-94.24,39.63
32,71,2016-06-02-20,Normal,-91.93,34.81
31,48,2016-06-02-20,Normal,-94.38,38.99
18,49,2016-06-02-20,Normal,-94.28,39.53
32,71,2016-06-02-20,Normal,-92.09,34.8
30,95,2016-06-02-20,Normal,-89.6,41.76
15,32,2016-06-02-20,Normal,-92.09,34.8
17,92,2016-06-02-20,Normal,-94.16,39.04
29,16,2016-06-02-20,Normal,-92.25,34.75
32,71,2016-06-02-20,Normal,-92.31,34.78
31,48,2016-06-02-20,Normal,-94.35,38.33
19,100,2016-06-02-20,Normal,-92.25,34.75
20,79,2016-06-02-20,Normal,-89.88,41.77
13,12,2016-06-02-20,Normal,-90.2,41.59
29,16,2016-06-02-20,Normal,-92.25,34.75
24,68,2016-06-02-20,Normal,-89.74,39.1
20,79,2016-06-02-20,Normal,-90.2,41.59
16,46,2016-06-02-20,Normal,-91.78,42.23
30,95,2016-06-02-20,Normal,-90.2,41.59
21,105,2016-06-02-20,Normal,-94.37,38.0
11,27,2016-06-02-20,Normal,-90.2,38.65
30,95,2016-06-02-20,Normal,-90.64,41.56
22,24,2016-06-02-20,Normal,-92.09,34.8
15,32,2016-06-02-20,Normal,-92.09,34.8
10,39,2016-06-02-20,Normal,-95.76,36.18
11,27,2016-06-02-20,Normal,-90.2,38.65
18,49,2016-06-02-20,Normal,-94.57,39.15
27,81,2016-06-02-20,Normal,-93.65,39.0
26,17,2016-06-02-20,Normal,-95.99,36.17
13,12,2016-06-02-20,Normal,-91.24,41.67
11,27,2016-06-02-20,Normal,-89.74,39.1
28,58,2016-06-02-20,Normal,-94.42,39.27
15,32,2016-06-02-20,Normal,-91.74,34.89
24,68,2016-06-02-20,Normal,-89.63,39.84
16,46,2016-06-02-20,Normal,-91.47,41.74
21,105,2016-06-02-20,Normal,-94.31,37.31
22,24,2016-06-02-20,Normal,-91.74,34.89
27,81,2016-06-02-20,Normal,-93.2,38.98
23,66,2016-06-02-20,Normal,-91.05,41.72
21,105,2016-06-02-20,Normal,-94.46,37.16
19,100,2016-06-02-20,Normal,-94.57,35.37
14,18,2016-06-02-20,Normal,-94.3,37.66
29,16,2016-06-02-20,Normal,-94.88,35.47
18,49,2016-06-02-20,Normal,-93.93,39.76
28,58,2016-06-02-20,Normal,-93.93,39.76
12,74,2016-06-02-20,Normal,-89.8,35.94
14,18,2016-06-02-20,Normal,-94.37,38.0
23,66,2016-06-02-20,Normal,-89.52,40.7
18,49,2016-06-02-20,Normal,-93.6,39.77
32,71,2016-06-02-20,Normal,-90.37,35.21
31,48,2016-06-02-20,Normal,-94.35,38.33
24,68,2016-06-02-20,Normal,-88.07,41.48
18,49,2016-06-02-20,Normal,-93.33,39.77
25,21,2016-06-02-20,Normal,-89.54,36.84
12,74,2016-06-02-20,Normal,-89.65,36.37
14,18,2016-06-02-20,Normal,-94.38,38.67
23,66,2016-06-02-20,Normal,-90.29,40.96
15,32,2016-06-02-20,Normal,-90.37,35.21
12,74,2016-06-02-20,Normal,-89.54,36.84
17,92,2016-06-02-20,Normal,-91.56,38.93
30,95,2016-06-02-20,Normal,-93.58,41.62
31,48,2016-06-02-20,Normal,-94.38,38.99
27,81,2016-06-02-20,Normal,-91.56,38.93
13,12,2016-06-02-20,Normal,-93.36,41.69
30,95,2016-06-02-20,Normal,-93.58,41.62
22,24,2016-06-02-20,Normal,-90.94,35.03
23,66,2016-06-02-20,Normal,-90.7,41.62
21,105,2016-06-02-20,Normal,-94.38,38.99
11,27,2016-06-02-20,Normal,-89.17,40.38
27,81,2016-06-02-20,Normal,-91.33,38.87
24,68,2016-06-02-20,Normal,-89.63,39.84
16,46,2016-06-02-20,Normal,-90.7,41.62
18,49,2016-06-02-20,Normal,-92.57,39.77
26,17,2016-06-02-20,Normal,-93.69,37.16
10,39,2016-06-02-20,Normal,-93.69,37.16
21,105,2016-06-02-20,Normal,-94.59,39.1
22,24,2016-06-02-20,Normal,-91.38,34.83
12,74,2016-06-02-20,Normal,-90.24,38.0
23,66,2016-06-02-20,Normal,-91.05,41.72
30,95,2016-06-02-20,Normal,-92.74,41.75
29,16,2016-06-02-20,Normal,-95.99,36.17
11,27,2016-06-02-20,Normal,-89.63,39.84
23,66,2016-06-02-20,Normal,-91.47,41.74
23,66,2016-06-02-20,Normal,-91.32,41.71
16,46,2016-06-02-20,Normal,-91.05,41.72
11,27,2016-06-02-20,Normal,-90.2,38.65
17,92,2016-06-02-20,Normal,-90.93,38.82
26,17,2016-06-02-20,Normal,-92.99,37.34
20,79,2016-06-02-20,Normal,-92.19,41.74
24,68,2016-06-02-20,Normal,-90.2,38.65
27,81,2016-06-02-20,Normal,-90.79,38.83
19,100,2016-06-02-20,Normal,-96.44,36.23
16,46,2016-06-02-20,Normal,-91.47,41.74
13,12,2016-06-02-20,Normal,-91.94,41.71
30,95,2016-06-02-20,Normal,-92.19,41.74
27,81,2016-06-02-20,Normal,-90.67,38.82
20,79,2016-06-02-20,Normal,-91.59,41.7
13,12,2016-06-02-20,Normal,-91.59,41.7
25,21,2016-06-02-20,Normal,-90.35,38.43
15,32,2016-06-02-20,Normal,-92.09,34.8
31,48,2016-06-02-20,Normal,-94.3,37.66
24,68,2016-06-02-20,Normal,-89.63,39.84
19,100,2016-06-02-20,Normal,-96.97,36.24
32,71,2016-06-02-20,Normal,-92.31,34.78
28,58,2016-06-02-20,Normal,-91.59,39.68
21,105,2016-06-02-20,Normal,-94.3,37.66
15,32,2016-06-02-20,Normal,-92.31,34.78
27,81,2016-06-02-20,Normal,-90.41,38.75
14,18,2016-06-02-20,Normal,-94.31,37.31
25,21,2016-06-02-20,Normal,-90.0,37.72
20,79,2016-06-02-20,Normal,-90.82,41.66
13,12,2016-06-02-20,Normal,-90.82,41.66
27,81,2016-06-02-20,Normal,-90.21,38.65
15,32,2016-06-02-20,Normal,-92.09,34.8
19,100,2016-06-02-20,Normal,-97.35,36.4
18,49,2016-06-02-20,Normal,-91.2,39.75
32,71,2016-06-02-20,Normal,-91.93,34.81
15,32,2016-06-02-20,Normal,-91.93,34.81
19,100,2016-06-02-20,Normal,-97.34,36.63
18,49,2016-06-02-20,Normal,-90.97,39.72
30,95,2016-06-02-20,Normal,-90.64,41.56
22,24,2016-06-02-20,Normal,-91.93,34.81
26,17,2016-06-02-20,Normal,-92.08,37.81
26,17,2016-06-02-20,Normal,-91.99,37.94
13,12,2016-06-02-20,Normal,-90.2,41.59
11,27,2016-06-02-20,Normal,-88.42,41.11
19,100,2016-06-02-20,Normal,-97.37,36.79
18,49,2016-06-02-20,Normal,-90.79,39.69
17,92,2016-06-02-20,Normal,-90.55,38.81
31,48,2016-06-02-20,Normal,-94.46,37.16
15,32,2016-06-02-20,Normal,-91.38,34.83
14,18,2016-06-02-20,Normal,-94.46,37.16
16,46,2016-06-02-20,Normal,-91.05,41.72
18,49,2016-06-02-20,Normal,-90.63,39.7
21,105,2016-06-02-20,Normal,-94.46,37.16
30,95,2016-06-02-20,Normal,-89.88,41.77
16,46,2016-06-02-20,Normal,-90.7,41.62
31,48,2016-06-02-20,Normal,-94.31,37.31
15,32,2016-06-02-20,Normal,-91.14,34.96
28,58,2016-06-02-20,Normal,-90.24,39.72
29,16,2016-06-02-20,Normal,-96.44,36.23
30,95,2016-06-02-20,Normal,-89.03,41.92
27,81,2016-06-02-20,Normal,-93.01,38.97
26,17,2016-06-02-20,Normal,-90.86,38.46
23,66,2016-06-02-20,Normal,-91.63,41.72
14,18,2016-06-02-20,Normal,-94.46,37.16
19,100,2016-06-02-20,Normal,-96.44,36.23
28,58,2016-06-02-20,Normal,-90.37,39.71
26,17,2016-06-02-20,Normal,-91.07,38.31
17,92,2016-06-02-20,Normal,-93.45,38.99
15,32,2016-06-02-20,Normal,-92.31,34.78
22,24,2016-06-02-20,Normal,-92.09,34.8
28,58,2016-06-02-20,Normal,-90.52,39.71
11,27,2016-06-02-20,Normal,-87.67,41.87
10,39,2016-06-02-20,Normal,-90.86,38.46
27,81,2016-06-02-20,Normal,-93.65,39.0
10,39,2016-06-02-20,Normal,-91.07,38.31
12,74,2016-06-02-20,Normal,-90.15,38.62
28,58,2016-06-02-20,Normal,-90.63,39.7
21,105,2016-06-02-20,Normal,-94.46,37.16
16,46,2016-06-02-20,Normal,-91.47,41.74
15,32,2016-06-02-20,Normal,-91.93,34.81
27,81,2016-06-02-20,Normal,-93.85,39.01
25,21,2016-06-02-20,Normal,-90.24,38.0
32,71,2016-06-02-20,Normal,-91.38,34.83
21,105,2016-06-02-20,Normal,-94.31,37.31
16,46,2016-06-02-20,Normal,-91.32,41.71
15,32,2016-06-02-20,Normal,-91.74,34.89
18,49,2016-06-02-20,Normal,-90.97,39.72
10,39,2016-06-02-20,Normal,-91.3,38.14
32,71,2016-06-02-20,Normal,-91.14,34.96
25,21,2016-06-02-20,Normal,-90.0,37.72
16,46,2016-06-02-20,Normal,-91.05,41.72
20,79,2016-06-02-20,Normal,-91.24,41.67
27,81,2016-06-02-20,Normal,-94.16,39.04
32,71,2016-06-02-20,Normal,-90.94,35.03
11,27,2016-06-02-20,Normal,-88.77,40.76
19,100,2016-06-02-20,Normal,-95.42,35.87
28,58,2016-06-02-20,Normal,-91.36,39.76
14,18,2016-06-02-20,Normal,-94.37,38.0
32,71,2016-06-02-20,Normal,-90.68,35.12
29,16,2016-06-02-20,Normal,-95.15,35.51
17,92,2016-06-02-20,Normal,-94.44,39.1
23,66,2016-06-02-20,Normal,-90.29,40.96
21,105,2016-06-02-20,Normal,-94.35,38.33
18,49,2016-06-02-20,Normal,-91.59,39.68
28,58,2016-06-02-20,Normal,-91.59,39.68
32,71,2016-06-02-20,Normal,-90.37,35.21
29,16,2016-06-02-20,Normal,-94.88,35.47
11,27,2016-06-02-20,Normal,-89.63,39.84
18,49,2016-06-02-20,Normal,-91.8,39.67
10,39,2016-06-02-20,Normal,-91.99,37.94
19,100,2016-06-02-20,Normal,-94.88,35.47
27,81,2016-06-02-20,Normal,-94.44,39.1
30,95,2016-06-02-20,Normal,-92.19,41.74
17,92,2016-06-02-20,Normal,-94.16,39.04
20,79,2016-06-02-20,Normal,-92.19,41.74
12,74,2016-06-02-20,Normal,-89.54,36.84
15,32,2016-06-02-20,Normal,-90.37,35.21
19,100,2016-06-02-20,Normal,-94.57,35.37
22,24,2016-06-02-20,Normal,-90.04,35.19
12,74,2016-06-02-20,Normal,-89.65,36.37
23,66,2016-06-02-20,Normal,-89.91,40.86
32,71,2016-06-02-20,Normal,-90.37,35.21
13,12,2016-06-02-20,Normal,-93.04,41.71
21,105,2016-06-02-20,Normal,-94.59,39.1
14,18,2016-06-02-20,Normal,-94.59,39.1
30,95,2016-06-02-20,Normal,-92.74,41.75
20,79,2016-06-02-20,Normal,-93.04,41.71
11,27,2016-06-02-20,Normal,-89.52,40.7
24,68,2016-06-02-20,Normal,-93.04,41.71
21,105,2016-06-02-20,Normal,-94.38,38.99
26,17,2016-06-02-20,Normal,-92.74,37.6
27,81,2016-06-02-20,Normal,-93.85,39.01
29,16,2016-06-02-20,Normal,-92.25,34.92
19,100,2016-06-02-20,Normal,-92.53,35.15
24,68,2016-06-02-20,Normal,-91.24,41.67
30,95,2016-06-02-20,Normal,-93.04,41.71
13,12,2016-06-02-20,Normal,-92.4,41.78
20,79,2016-06-02-20,Normal,-92.74,41.75
31,48,2016-06-02-20,Normal,-94.46,37.16
10,39,2016-06-02-20,Normal,-93.69,37.16
11,27,2016-06-02-20,Normal,-91.32,41.71
30,95,2016-06-02-20,Normal,-92.74,41.75
21,105,2016-06-02-20,Normal,-94.58,37.03
22,24,2016-06-02-20,Normal,-92.09,34.8
11,27,2016-06-02-20,Normal,-91.47,41.74
18,49,2016-06-02-20,Normal,-94.15,39.77
27,81,2016-06-02-20,Normal,-92.53,38.98
26,17,2016-06-02-20,Normal,-94.23,37.09
12,74,2016-06-02-20,Normal,-89.65,36.37
31,48,2016-06-02-20,Normal,-94.58,37.03
30,95,2016-06-02-20,Normal,-92.19,41.74
13,12,2016-06-02-20,Normal,-91.59,41.7
11,27,2016-06-02-20,Normal,-91.78,42.23
21,105,2016-06-02-20,Normal,-94.58,37.03
24,68,2016-06-02-20,Normal,-90.2,41.59
23,66,2016-06-02-20,Normal,-91.63,41.72
19,100,2016-06-02-20,Normal,-92.25,34.92
30,95,2016-06-02-20,Normal,-91.94,41.71
24,68,2016-06-02-20,Normal,-89.88,41.77
19,100,2016-06-02-20,Normal,-92.53,35.15
14,18,2016-06-02-20,Normal,-90.29,40.96
24,68,2016-06-02-20,Normal,-89.6,41.76
11,27,2016-06-02-20,Normal,-91.78,42.23
29,16,2016-06-02-20,Normal,-92.87,35.25
11,27,2016-06-02-20,Normal,-91.63,41.72
14,18,2016-06-02-20,Normal,-90.44,41.54
17,92,2016-06-02-20,Normal,-91.74,38.94
28,58,2016-06-02-20,Normal,-94.28,39.53
16,46,2016-06-02-20,Normal,-91.32,41.71
26,17,2016-06-02-20,Normal,-95.14,36.66
13,12,2016-06-02-20,Normal,-90.2,41.59
30,95,2016-06-02-20,Normal,-90.82,41.66
23,66,2016-06-02-20,Normal,-90.7,41.62
11,27,2016-06-02-20,Normal,-91.32,41.71
18,49,2016-06-02-20,Normal,-94.57,39.15
18,49,2016-06-02-20,Normal,-94.36,39.37
31,48,2016-06-02-20,Normal,-90.7,41.62
15,32,2016-06-02-20,Normal,-91.74,34.89
24,68,2016-06-02-20,Normal,-89.03,41.92
31,48,2016-06-02-20,Normal,-91.05,41.72
29,16,2016-06-02-20,Normal,-93.61,35.51
27,81,2016-06-02-20,Normal,-91.33,38.87
18,49,2016-06-02-20,Normal,-94.25,39.73
14,18,2016-06-02-20,Normal,-91.63,41.72
27,81,2016-06-02-20,Normal,-90.55,38.81
23,66,2016-06-02-20,Normal,-90.68,35.12
10,39,2016-06-02-20,Normal,-95.76,36.18
22,24,2016-06-02-20,Normal,-94.46,37.16
19,100,2016-06-02-20,Normal,-95.3,35.64
16,46,2016-06-02-20,Normal,-90.35,38.43
10,39,2016-06-02-20,Normal,-95.69,36.25
18,49,2016-06-02-20,Normal,-93.93,39.76
32,71,2016-06-02-20,Normal,-90.44,41.54
30,95,2016-06-02-20,Normal,-88.64,42.21
25,21,2016-06-02-20,Normal,-89.8,35.94
20,79,2016-06-02-20,Normal,-88.41,42.11
17,92,2016-06-02-20,Normal,-90.21,38.65
16,46,2016-06-02-20,Normal,-90.24,38.0
12,74,2016-06-02-20,Normal,-89.54,36.84
19,100,2016-06-02-20,Normal,-95.56,35.97
10,39,2016-06-02-20,Normal,-95.5,36.37
21,105,2016-06-02-20,Normal,-89.74,39.1
14,18,2016-06-02-20,Normal,-91.05,41.72
32,71,2016-06-02-20,Normal,-90.7,41.62
22,24,2016-06-02-20,Normal,-94.37,38.0
11,27,2016-06-02-20,Normal,-90.44,41.54
32,71,2016-06-02-20,Normal,-91.05,41.72
16,46,2016-06-02-20,Normal,-90.07,35.68
13,12,2016-06-02-20,Normal,-89.29,41.85
32,71,2016-06-02-20,Normal,-91.78,42.23
14,18,2016-06-02-20,Normal,-89.52,40.7
29,16,2016-06-02-20,Normal,-97.14,36.41
28,58,2016-06-02-20,Normal,-92.42,39.76
16,46,2016-06-02-20,Normal,-90.24,35.35
30,95,2016-06-02-20,Normal,-88.96,42.25
20,79,2016-06-02-20,Normal,-89.29,41.85
24,68,2016-06-02-20,Normal,-90.82,41.66
18,49,2016-06-02-20,Normal,-92.07,39.71
23,66,2016-06-02-20,Normal,-91.93,34.81
22,24,2016-06-02-20,Normal,-94.38,38.67
11,27,2016-06-02-20,Normal,-91.78,42.23
12,74,2016-06-02-20,Normal,-89.8,35.94
19,100,2016-06-02-20,Normal,-97.34,36.63
26,17,2016-06-02-20,Normal,-92.99,37.34
31,48,2016-06-02-20,Normal,-90.29,40.96
29,16,2016-06-02-20,Normal,-97.34,36.63
30,95,2016-06-02-20,Normal,-89.6,41.76
30,95,2016-06-02-20,Normal,-89.29,41.85
32,71,2016-06-02-20,Normal,-91.32,41.71
28,58,2016-06-02-20,Normal,-91.8,39.67
24,68,2016-06-02-20,Normal,-91.59,41.7
21,105,2016-06-02-20,Normal,-89.17,40.38
26,17,2016-06-02-20,Normal,-92.31,37.81
30,95,2016-06-02-20,Normal,-91.24,41.67
22,24,2016-06-02-20,Normal,-94.58,37.03
11,27,2016-06-02-20,Normal,-90.29,40.96
32,71,2016-06-02-20,Normal,-89.52,40.7
29,16,2016-06-02-20,Normal,-97.36,37.69
25,21,2016-06-02-20,Normal,-90.15,38.62
19,100,2016-06-02-20,Normal,-97.36,37.69
29,16,2016-06-02-20,Normal,-97.32,37.48
20,79,2016-06-02-20,Normal,-92.4,41.78
28,58,2016-06-02-20,Normal,-90.63,39.7
18,49,2016-06-02-20,Normal,-90.24,39.72
29,16,2016-06-02-20,Normal,-97.32,37.27
23,66,2016-06-02-20,Normal,-90.68,35.12
28,58,2016-06-02-20,Normal,-90.24,39.72
29,16,2016-06-02-20,Normal,-97.32,37.15
10,39,2016-06-02-20,Normal,-92.31,37.81
15,32,2016-06-02-20,Normal,-89.71,37.47
17,92,2016-06-02-20,Normal,-92.85,38.93
31,48,2016-06-02-20,Normal,-91.63,41.72
15,32,2016-06-02-20,Normal,-90.0,37.72
10,39,2016-06-02-20,Normal,-91.99,37.94
16,46,2016-06-02-20,Normal,-90.24,38.0
18,49,2016-06-02-20,Normal,-90.24,39.72
26,17,2016-06-02-20,Normal,-91.55,38.04
11,27,2016-06-02-20,Normal,-89.91,40.86
25,21,2016-06-02-20,Normal,-92.74,41.75
20,79,2016-06-02-20,Normal,-93.36,41.69
22,24,2016-06-02-20,Normal,-94.35,38.33
19,100,2016-06-02-20,Normal,-97.37,36.91
14,18,2016-06-02-20,Normal,-91.32,41.71
26,17,2016-06-02-20,Normal,-91.3,38.14
27,81,2016-06-02-20,Normal,-93.65,39.0
32,71,2016-06-02-20,Normal,-91.05,41.72
16,46,2016-06-02-20,Normal,-90.15,38.62
30,95,2016-06-02-20,Normal,-92.74,41.75
17,92,2016-06-02-20,Normal,-93.65,39.0
24,68,2016-06-02-20,Normal,-92.74,41.75
20,79,2016-06-02-20,Normal,-93.58,41.62
27,81,2016-06-02-20,Normal,-93.85,39.01
19,100,2016-06-02-20,Normal,-97.34,36.63
13,12,2016-06-02-20,Normal,-93.58,41.62
28,58,2016-06-02-20,Normal,-89.96,39.74
16,46,2016-06-02-20,Normal,-90.35,38.43
12,74,2016-06-02-20,Normal,-88.42,41.11
21,105,2016-06-02-20,Normal,-89.17,40.38
17,92,2016-06-02-20,Normal,-94.0,39.03
18,49,2016-06-02-20,Normal,-89.66,39.78
31,48,2016-06-02-20,Normal,-90.29,40.96
25,21,2016-06-02-20,Normal,-91.59,41.7
15,32,2016-06-02-20,Normal,-90.24,38.0
28,58,2016-06-02-20,Normal,-89.66,39.78
20,79,2016-06-02-20,Normal,-93.04,41.71
18,49,2016-06-02-20,Normal,-89.78,39.77
13,12,2016-06-02-20,Normal,-92.74,41.75
21,105,2016-06-02-20,Normal,-88.42,41.11
31,48,2016-06-02-20,Normal,-89.91,40.86
27,81,2016-06-02-20,Normal,-94.16,39.04
22,24,2016-06-02-20,Normal,-94.38,38.99
29,16,2016-06-02-20,Normal,-96.97,36.24
18,49,2016-06-02-20,Normal,-89.96,39.74
17,92,2016-06-02-20,Normal,-94.44,39.1
10,39,2016-06-02-20,Normal,-90.86,38.46
18,49,2016-06-02-20,Normal,-90.14,39.76
13,12,2016-06-02-20,Normal,-92.19,41.74
14,18,2016-06-02-20,Normal,-89.52,40.7
10,39,2016-06-02-20,Normal,-90.69,38.5
21,105,2016-06-02-20,Normal,-87.67,41.87
26,17,2016-06-02-20,Normal,-90.34,38.58
22,24,2016-06-02-20,Normal,-94.35,38.33
31,48,2016-06-02-20,Normal,-89.91,40.86
27,81,2016-06-02-20,Normal,-94.44,39.1
32,71,2016-06-02-20,Normal,-91.63,41.72
17,92,2016-06-02-20,Normal,-94.31,39.04
12,74,2016-06-02-20,Normal,-88.42,41.11
16,46,2016-06-02-20,Normal,-89.65,36.37
26,17,2016-06-02-20,Normal,-90.18,38.64
10,39,2016-06-02-20,Normal,-90.34,38.58
24,68,2016-06-02-20,Normal,-90.64,41.56
15,32,2016-06-02-20,Normal,-89.65,36.37
12,74,2016-06-02-20,Normal,-88.77,40.76
21,105,2016-06-02-20,Normal,-88.42,41.11
15,32,2016-06-02-20,Normal,-89.8,35.94
10,39,2016-06-02-20,Normal,-90.18,38.64
32,71,2016-06-02-20,Normal,-91.32,41.71
20,79,2016-06-02-20,Normal,-91.24,41.67
25,21,2016-06-02-20,Normal,-89.6,41.76
21,105,2016-06-02-20,Normal,-88.77,40.76
22,24,2016-06-02-20,Normal,-94.31,37.31
13,12,2016-06-02-20,Normal,-90.82,41.66
25,21,2016-06-02-20,Normal,-89.29,41.85
26,17,2016-06-02-20,Normal,-90.53,38.51
24,68,2016-06-02-20,Normal,-89.6,41.76
31,48,2016-06-02-20,Normal,-91.05,41.72
15,32,2016-06-02-20,Normal,-90.24,35.35
10,39,2016-06-02-20,Normal,-90.34,38.58
27,81,2016-06-02-20,Normal,-93.85,39.01
28,58,2016-06-02-20,Normal,-90.52,39.71
17,92,2016-06-02-20,Normal,-93.65,39.0
22,24,2016-06-02-20,Normal,-94.58,37.03
16,46,2016-06-02-20,Normal,-90.0,37.72
28,58,2016-06-02-20,Normal,-92.42,39.76
29,16,2016-06-02-20,Normal,-93.12,35.31
18,49,2016-06-02-20,Normal,-92.74,39.76
12,74,2016-06-02-20,Normal,-87.67,41.87
10,39,2016-06-02-20,Normal,-91.99,37.94
25,21,2016-06-02-20,Normal,-89.03,41.92
10,39,2016-06-02-20,Normal,-92.08,37.81
26,17,2016-06-02-20,Normal,-92.48,37.8
23,66,2016-06-02-20,Normal,-91.74,34.89
28,58,2016-06-02-20,Normal,-92.74,39.76
27,81,2016-06-02-20,Normal,-91.56,38.93
20,79,2016-06-02-20,Normal,-87.66,41.89
12,74,2016-06-02-20,Normal,-88.07,41.48
25,21,2016-06-02-20,Normal,-89.29,41.85
20,79,2016-06-02-20,Normal,-88.02,42.04
22,24,2016-06-02-20,Normal,-94.38,38.99
31,48,2016-06-02-20,Normal,-89.91,40.86
32,71,2016-06-02-20,Normal,-91.63,41.72
20,79,2016-06-02-20,Normal,-88.41,42.11
15,32,2016-06-02-20,Normal,-90.15,38.62
30,95,2016-06-02-20,Normal,-87.66,41.89
14,18,2016-06-02-20,Normal,-89.91,40.86
23,66,2016-06-02-20,Normal,-92.31,34.78
32,71,2016-06-02-20,Normal,-91.78,42.23
17,92,2016-06-02-20,Normal,-90.41,38.75
25,21,2016-06-02-20,Normal,-92.74,41.75
19,100,2016-06-02-20,Normal,-94.22,35.5
27,81,2016-06-02-20,Normal,-90.41,38.75
13,12,2016-06-02-20,Normal,-91.24,41.67
12,74,2016-06-02-20,Normal,-88.42,41.11
14,18,2016-06-02-20,Normal,-91.63,41.72
15,32,2016-06-02-20,Normal,-90.24,35.35
23,66,2016-06-02-20,Normal,-90.04,35.19
13,12,2016-06-02-20,Normal,-91.59,41.7
31,48,2016-06-02-20,Normal,-91.78,42.23
16,46,2016-06-02-20,Normal,-90.07,35.1
21,105,2016-06-02-20,Normal,-88.42,41.11
27,81,2016-06-02-20,Normal,-90.67,38.82
15,32,2016-06-02-20,Normal,-90.07,35.1
25,21,2016-06-02-20,Normal,-93.58,41.62
23,66,2016-06-02-20,Normal,-90.68,35.12
22,24,2016-06-02-20,Normal,-94.35,38.33
10,39,2016-06-02-20,Normal,-95.01,36.73
28,58,2016-06-02-20,Normal,-94.42,39.27
10,39,2016-06-02-20,Normal,-95.14,36.66
15,32,2016-06-02-20,Normal,-90.07,35.1
16,46,2016-06-02-20,Normal,-90.24,35.35
32,71,2016-06-02-20,Normal,-90.29,40.96
26,17,2016-06-02-20,Normal,-95.69,36.25
26,17,2016-06-02-20,Normal,-95.01,36.73
20,79,2016-06-02-20,Normal,-92.4,41.78
12,74,2016-06-02-20,Normal,-89.63,39.84
15,32,2016-06-02-20,Normal,-90.15,38.62
19,100,2016-06-02-20,Normal,-97.35,36.4
22,24,2016-06-02-20,Normal,-94.46,37.16
26,17,2016-06-02-20,Normal,-94.54,37.02
18,49,2016-06-02-20,Normal,-92.42,39.76
14,18,2016-06-02-20,Normal,-90.29,40.96
16,46,2016-06-02-20,Normal,-90.15,38.62
21,105,2016-06-02-20,Normal,-90.37,35.21
22,24,2016-06-02-20,Normal,-94.58,37.03
30,95,2016-06-02-20,Normal,-92.4,41.78
10,39,2016-06-02-20,Normal,-95.01,36.73
29,16,2016-06-02-20,Normal,-97.37,36.91
11,27,2016-06-02-20,Normal,-91.63,41.72
32,71,2016-06-02-20,Normal,-90.7,41.62
24,68,2016-06-02-20,Normal,-90.64,41.56
21,105,2016-06-02-20,Normal,-91.14,34.96
10,39,2016-06-02-20,Normal,-95.14,36.66
11,27,2016-06-02-20,Normal,-91.47,41.74
25,21,2016-06-02-20,Normal,-89.88,41.77
12,74,2016-06-02-20,Normal,-88.42,41.11
15,32,2016-06-02-20,Normal,-90.24,38.0
25,21,2016-06-02-20,Normal,-89.6,41.76
27,81,2016-06-02-20,Normal,-94.44,39.1
15,32,2016-06-02-20,Normal,-90.07,35.1
11,27,2016-06-02-20,Normal,-89.63,39.84
19,100,2016-06-02-20,Normal,-97.37,36.91
16,46,2016-06-02-20,Normal,-90.07,35.1
12,74,2016-06-02-20,Normal,-90.2,38.65
14,18,2016-06-02-20,Normal,-91.05,41.72
18,49,2016-06-02-20,Normal,-90.14,39.76
22,24,2016-06-02-20,Normal,-94.35,38.33
13,12,2016-06-02-20,Normal,-88.02,42.04
15,32,2016-06-02-20,Normal,-90.24,35.35
24,68,2016-06-02-20,Normal,-88.64,42.21
31,48,2016-06-02-20,Normal,-90.29,40.96
17,92,2016-06-02-20,Normal,-94.0,39.03
18,49,2016-06-02-20,Normal,-89.78,39.77
10,39,2016-06-02-20,Normal,-92.31,37.81
11,27,2016-06-02-20,Normal,-88.77,40.76
19,100,2016-06-02-20,Normal,-97.35,36.4
15,32,2016-06-02-20,Normal,-90.07,35.68
19,100,2016-06-02-20,Normal,-97.34,36.63
22,24,2016-06-02-20,Normal,-94.31,37.31
30,95,2016-06-02-20,Normal,-88.64,42.21
21,105,2016-06-02-20,Normal,-90.68,35.12
18,49,2016-06-02-20,Normal,-89.66,39.78
10,39,2016-06-02-20,Normal,-90.69,38.5
32,71,2016-06-02-20,Normal,-89.91,40.86
25,21,2016-06-02-20,Normal,-91.94,41.71
30,95,2016-06-02-20,Normal,-89.29,41.85
28,58,2016-06-02-20,Normal,-90.37,39.71
16,46,2016-06-02-20,Normal,-90.35,38.43
15,32,2016-06-02-20,Normal,-90.24,38.0
11,27,2016-06-02-20,Normal,-90.2,38.65
18,49,2016-06-02-20,Normal,-90.97,39.72
27,81,2016-06-02-20,Normal,-91.74,38.94
10,39,2016-06-02-20,Normal,-90.34,38.58
22,24,2016-06-02-20,Normal,-91.63,41.72
12,74,2016-06-02-20,Normal,-89.74,39.1
24,68,2016-06-02-20,Normal,-92.4,41.78
29,16,2016-06-02-20,Normal,-94.57,35.37
13,12,2016-06-02-20,Normal,-91.59,41.7
17,92,2016-06-02-20,Normal,-91.19,38.83
26,17,2016-06-02-20,Normal,-90.69,38.5
13,12,2016-06-02-20,Normal,-91.94,41.71
30,95,2016-06-02-20,Normal,-90.2,41.59
24,68,2016-06-02-20,Normal,-93.04,41.71
32,71,2016-06-02-20,Normal,-90.24,38.0
25,21,2016-06-02-20,Normal,-93.04,41.71
26,17,2016-06-02-20,Normal,-90.86,38.46
11,27,2016-06-02-20,Normal,-88.77,40.76
12,74,2016-06-02-20,Normal,-94.35,38.33
30,95,2016-06-02-20,Normal,-92.19,41.74
10,39,2016-06-02-20,Normal,-91.18,38.22
17,92,2016-06-02-20,Normal,-90.21,38.65
15,32,2016-06-02-20,Normal,-90.07,35.1
21,105,2016-06-02-20,Normal,-90.68,35.12
24,68,2016-06-02-20,Normal,-92.74,41.75
25,21,2016-06-02-20,Normal,-92.74,41.75
15,32,2016-06-02-20,Normal,-90.07,35.1
23,66,2016-06-02-20,Normal,-90.07,35.68
14,18,2016-06-02-20,Normal,-89.91,40.86
28,58,2016-06-02-20,Normal,-92.42,39.76
29,16,2016-06-02-20,Normal,-92.25,34.92
13,12,2016-06-02-20,Normal,-89.74,39.1
11,27,2016-06-02-20,Normal,-88.42,41.11
28,58,2016-06-02-20,Normal,-92.57,39.77
29,16,2016-06-02-20,Normal,-92.25,34.75
24,68,2016-06-02-20,Normal,-91.94,41.71
32,71,2016-06-02-20,Normal,-90.24,35.35
20,79,2016-06-02-20,Normal,-89.91,40.86
23,66,2016-06-02-20,Normal,-90.24,35.35
12,74,2016-06-02-20,Normal,-94.59,39.1
14,18,2016-06-02-20,Normal,-89.52,40.7
22,24,2016-06-02-20,Normal,-89.52,40.7
29,16,2016-06-02-20,Normal,-92.25,34.92
27,81,2016-06-02-20,Normal,-90.41,38.75
13,12,2016-06-02-20,Normal,-87.67,41.87
12,74,2016-06-02-20,Normal,-94.3,37.66
27,81,2016-06-02-20,Normal,-91.1,38.83
15,32,2016-06-02-20,Normal,-90.0,37.72
31,48,2016-06-02-20,Normal,-89.29,41.85
14,18,2016-06-02-20,Normal,-91.05,41.72
24,68,2016-06-02-20,Normal,-89.88,41.77
15,32,2016-06-02-20,Normal,-90.24,38.0
29,16,2016-06-02-20,Normal,-93.92,35.53
27,81,2016-06-02-20,Normal,-91.19,38.83
20,79,2016-06-02-20,Normal,-91.63,41.72
25,21,2016-06-02-20,Normal,-89.6,41.76
16,46,2016-06-02-20,Normal,-90.0,37.72
24,68,2016-06-02-20,Normal,-89.6,41.76
18,49,2016-06-02-20,Normal,-94.36,39.37
19,100,2016-06-02-20,Normal,-94.22,35.5
10,39,2016-06-02-20,Normal,-92.99,37.34
15,32,2016-06-02-20,Normal,-90.15,38.62
15,32,2016-06-02-20,Normal,-90.35,38.43
17,92,2016-06-02-20,Normal,-91.74,38.94
14,18,2016-06-02-20,Normal,-91.47,41.74
12,74,2016-06-02-20,Normal,-94.58,37.03
13,12,2016-06-02-20,Normal,-88.77,40.76
28,58,2016-06-02-20,Normal,-94.24,39.63
32,71,2016-06-02-20,Normal,-90.0,37.72
25,21,2016-06-02-20,Normal,-88.96,42.25
30,95,2016-06-02-20,Normal,-87.67,41.87
32,71,2016-06-02-20,Normal,-90.24,38.0
15,32,2016-06-02-20,Normal,-90.15,38.62
18,49,2016-06-02-20,Normal,-94.57,39.15
28,58,2016-06-02-20,Normal,-94.28,39.53
14,18,2016-06-02-20,Normal,-91.78,42.23
25,21,2016-06-02-20,Normal,-88.64,42.21
30,95,2016-06-02-20,Normal,-88.07,41.48
23,66,2016-06-02-20,Normal,-90.35,38.43
20,79,2016-06-02-20,Normal,-91.47,41.74
15,32,2016-06-02-20,Normal,-90.68,35.12
21,105,2016-06-02-20,Normal,-91.93,34.81
13,12,2016-06-02-20,Normal,-89.74,39.1
27,81,2016-06-02-20,Normal,-92.38,38.98
30,95,2016-06-02-20,Normal,-88.77,40.76
13,12,2016-06-02-20,Normal,-90.2,38.65
28,58,2016-06-02-20,Normal,-94.42,39.27
10,39,2016-06-02-20,Normal,-94.23,37.09
26,17,2016-06-02-20,Normal,-94.83,36.84
32,71,2016-06-02-20,Normal,-90.15,38.62
17,92,2016-06-02-20,Normal,-92.63,38.95
14,18,2016-06-02-20,Normal,-91.47,41.74
22,24,2016-06-02-20,Normal,-91.47,41.74
15,32,2016-06-02-20,Normal,-91.93,34.81
10,39,2016-06-02-20,Normal,-95.99,36.17
25,21,2016-06-02-20,Normal,-89.88,41.77
22,24,2016-06-02-20,Normal,-90.29,40.96
29,16,2016-06-02-20,Normal,-97.37,36.79
10,39,2016-06-02-20,Normal,-95.99,36.17
25,21,2016-06-02-20,Normal,-90.2,41.59
32,71,2016-06-02-20,Normal,-90.07,35.1
18,49,2016-06-02-20,Normal,-92.42,39.76
21,105,2016-06-02-20,Normal,-91.14,34.96
16,46,2016-06-02-20,Normal,-94.37,38.0
17,92,2016-06-02-20,Normal,-94.16,39.04
23,66,2016-06-02-20,Normal,-90.24,35.35
20,79,2016-06-02-20,Normal,-91.05,41.72
21,105,2016-06-02-20,Normal,-91.38,34.83
23,66,2016-06-02-20,Normal,-90.07,35.1
25,21,2016-06-02-20,Normal,-90.82,41.66
28,58,2016-06-02-20,Normal,-92.94,39.77
30,95,2016-06-02-20,Normal,-87.67,41.87
26,17,2016-06-02-20,Normal,-95.14,36.66
18,49,2016-06-02-20,Normal,-92.27,39.76
15,32,2016-06-02-20,Normal,-90.94,35.03
11,27,2016-06-02-20,Normal,-87.67,41.87
24,68,2016-06-02-20,Normal,-90.82,41.66
12,74,2016-06-02-20,Normal,-94.58,37.03
23,66,2016-06-02-20,Normal,-90.24,35.35
19,109,2016-06-02-20,Normal,-97.36,37.69
21,21,2016-06-02-20,Normal,-89.74,39.1
13,10,2016-06-02-20,Normal,-92.19,41.74
27,59,2016-06-02-20,Normal,-93.01,38.97
23,93,2016-06-02-20,Normal,-90.35,38.43
17,86,2016-06-02-20,Normal,-93.01,38.97
28,34,2016-06-02-20,Normal,-90.37,39.71
28,34,2016-06-02-20,Normal,-90.52,39.71
24,102,2016-06-02-20,Normal,-90.37,35.21
32,84,2016-06-02-20,Normal,-90.29,40.96
14,15,2016-06-02-20,Normal,-91.32,41.71
23,93,2016-06-02-20,Normal,-90.15,38.62
12,55,2016-06-02-20,Normal,-90.94,35.03
25,53,2016-06-02-20,Normal,-93.04,41.71
20,47,2016-06-02-20,Normal,-93.04,41.71
25,53,2016-06-02-20,Normal,-92.74,41.75
17,86,2016-06-02-20,Normal,-93.65,39.0
28,34,2016-06-02-20,Normal,-90.24,39.72
15,48,2016-06-02-20,Normal,-90.7,41.62
13,10,2016-06-02-20,Normal,-92.74,41.75
32,84,2016-06-02-20,Normal,-90.7,41.62
11,19,2016-06-02-20,Normal,-93.04,41.71
10,23,2016-06-02-20,Normal,-91.44,38.09
22,24,2016-06-02-20,Normal,-91.38,34.83
19,109,2016-06-02-20,Normal,-97.37,36.91
21,21,2016-06-02-20,Normal,-89.63,39.84
10,23,2016-06-02-20,Normal,-91.3,38.14
27,59,2016-06-02-20,Normal,-93.85,39.01
29,108,2016-06-02-20,Normal,-97.34,36.63
26,42,2016-06-02-20,Normal,-91.07,38.31
21,21,2016-06-02-20,Normal,-89.17,40.38
12,55,2016-06-02-20,Normal,-91.93,34.81
24,102,2016-06-02-20,Normal,-91.74,34.89
29,108,2016-06-02-20,Normal,-97.35,36.4
27,59,2016-06-02-20,Normal,-94.0,39.03
32,84,2016-06-02-20,Normal,-91.47,41.74
23,93,2016-06-02-20,Normal,-90.0,37.72
24,102,2016-06-02-20,Normal,-91.93,34.81
17,86,2016-06-02-20,Normal,-94.31,39.04
21,21,2016-06-02-20,Normal,-88.77,40.76
10,23,2016-06-02-20,Normal,-90.86,38.46
14,15,2016-06-02-20,Normal,-90.29,40.96
25,53,2016-06-02-20,Normal,-91.59,41.7
16,69,2016-06-02-20,Normal,-91.47,41.74
29,108,2016-06-02-20,Normal,-96.97,36.24
26,42,2016-06-02-20,Normal,-90.53,38.51
14,15,2016-06-02-20,Normal,-89.91,40.86
31,82,2016-06-02-20,Normal,-88.07,41.48
16,69,2016-06-02-20,Normal,-91.63,41.72
15,48,2016-06-02-20,Normal,-91.78,42.23
13,10,2016-06-02-20,Normal,-93.04,41.71
29,108,2016-06-02-20,Normal,-96.68,36.2
30,41,2016-06-02-20,Normal,-92.4,41.78
15,48,2016-06-02-20,Normal,-91.78,42.23
20,47,2016-06-02-20,Normal,-92.4,41.78
13,10,2016-06-02-20,Normal,-92.74,41.75
12,55,2016-06-02-20,Normal,-91.93,34.81
17,86,2016-06-02-20,Normal,-94.31,39.04
13,10,2016-06-02-20,Normal,-92.4,41.78
21,21,2016-06-02-20,Normal,-88.07,41.48
10,23,2016-06-02-20,Normal,-90.53,38.51
32,84,2016-06-02-20,Normal,-91.32,41.71
19,109,2016-06-02-20,Normal,-96.21,36.19
32,84,2016-06-02-20,Normal,-91.63,41.72
11,19,2016-06-02-20,Normal,-90.2,41.59
26,42,2016-06-02-20,Normal,-90.18,38.64
15,48,2016-06-02-20,Normal,-91.63,41.72
20,47,2016-06-02-20,Normal,-91.94,41.71
29,108,2016-06-02-20,Normal,-96.21,36.19
31,82,2016-06-02-20,Normal,-88.77,40.76
10,23,2016-06-02-20,Normal,-90.18,38.64
13,10,2016-06-02-20,Normal,-92.19,41.74
18,16,2016-06-02-20,Normal,-90.37,39.71
21,21,2016-06-02-20,Normal,-88.42,41.11
29,16,2016-06-02-20,Normal,-97.14,36.41
31,48,2016-06-02-20,Normal,-94.59,39.1
11,27,2016-06-02-20,Normal,-87.67,41.87
32,71,2016-06-02-20,Normal,-92.31,34.78
26,17,2016-06-02-20,Normal,-91.55,38.04
12,74,2016-06-02-20,Normal,-89.8,35.94
16,46,2016-06-02-20,Normal,-91.78,42.23
17,92,2016-06-02-20,Normal,-91.56,38.93
22,24,2016-06-02-20,Normal,-92.31,34.78
10,39,2016-06-02-20,Normal,-91.55,38.04
26,17,2016-06-02-20,Normal,-91.69,37.99
19,100,2016-06-02-20,Normal,-96.68,36.2
16,46,2016-06-02-20,Normal,-91.78,42.23
19,100,2016-06-02-20,Normal,-96.44,36.23
32,71,2016-06-02-20,Normal,-92.09,34.8
22,24,2016-06-02-20,Normal,-92.09,34.8
10,39,2016-06-02-20,Normal,-91.69,37.99
15,32,2016-06-02-20,Normal,-92.31,34.78
15,32,2016-06-02-20,Normal,-92.09,34.8
13,12,2016-06-02-20,Normal,-89.88,41.77
13,12,2016-06-02-20,Normal,-90.2,41.59
24,68,2016-06-02-20,Normal,-88.77,40.76
16,46,2016-06-02-20,Normal,-91.47,41.74
11,27,2016-06-02-20,Normal,-89.17,40.38
29,16,2016-06-02-20,Normal,-96.21,36.19
26,17,2016-06-02-20,Normal,-93.69,37.16
14,18,2016-06-02-20,Normal,-94.3,37.66
10,39,2016-06-02-20,Normal,-93.69,37.16
13,12,2016-06-02-20,Normal,-88.02,42.04
27,81,2016-06-02-20,Normal,-93.85,39.01
24,68,2016-06-02-20,Normal,-88.07,41.48
18,49,2016-06-02-20,Normal,-93.33,39.77
15,32,2016-06-02-20,Normal,-90.68,35.12
10,39,2016-06-02-20,Normal,-93.96,37.08
13,12,2016-06-02-20,Normal,-88.41,42.11
29,16,2016-06-02-20,Normal,-93.61,35.51
26,17,2016-06-02-20,Normal,-94.23,37.09
24,68,2016-06-02-20,Normal,-87.67,41.87
31,48,2016-06-02-20,Normal,-94.38,38.67
21,105,2016-06-02-20,Normal,-94.38,38.67
22,24,2016-06-02-20,Normal,-91.14,34.96
13,12,2016-06-02-20,Normal,-88.96,42.25
15,32,2016-06-02-20,Normal,-90.94,35.03
24,68,2016-06-02-20,Normal,-87.67,41.87
16,46,2016-06-02-20,Normal,-90.7,41.62
11,27,2016-06-02-20,Normal,-88.07,41.48
22,24,2016-06-02-20,Normal,-91.38,34.83
17,92,2016-06-02-20,Normal,-94.31,39.04
27,81,2016-06-02-20,Normal,-94.31,39.04
18,49,2016-06-02-20,Normal,-94.15,39.77
22,24,2016-06-02-20,Normal,-91.38,34.83
31,48,2016-06-02-20,Normal,-94.58,37.03
25,21,2016-06-02-20,Normal,-90.07,35.1
11,27,2016-06-02-20,Normal,-89.17,40.38
26,17,2016-06-02-20,Normal,-95.69,36.25
21,105,2016-06-02-20,Normal,-94.58,37.03
22,24,2016-06-02-20,Normal,-91.14,34.96
24,68,2016-06-02-20,Normal,-88.77,40.76
20,79,2016-06-02-20,Normal,-92.19,41.74
15,32,2016-06-02-20,Normal,-91.14,34.96
25,21,2016-06-02-20,Normal,-90.07,35.1
29,16,2016-06-02-20,Normal,-93.92,35.53
26,17,2016-06-02-20,Normal,-95.5,36.37
13,12,2016-06-02-20,Normal,-92.4,41.78
32,71,2016-06-02-20,Normal,-90.68,35.12
10,39,2016-06-02-20,Normal,-95.5,36.37
20,79,2016-06-02-20,Normal,-92.4,41.78
23,66,2016-06-02-20,Normal,-90.29,40.96
29,16,2016-06-02-20,Normal,-94.22,35.5
25,21,2016-06-02-20,Normal,-90.07,35.68
31,48,2016-06-02-20,Normal,-94.31,37.31
21,105,2016-06-02-20,Normal,-94.31,37.31
32,71,2016-06-02-20,Normal,-90.04,35.19
20,79,2016-06-02-20,Normal,-92.74,41.75
14,18,2016-06-02-20,Normal,-94.31,37.31
15,32,2016-06-02-20,Normal,-90.37,35.21
11,27,2016-06-02-20,Normal,-87.67,41.87
30,95,2016-06-02-20,Normal,-89.6,41.76
25,21,2016-06-02-20,Normal,-90.07,35.68
16,46,2016-06-02-20,Normal,-90.44,41.54
20,79,2016-06-02-20,Normal,-89.03,41.92
23,66,2016-06-02-20,Normal,-89.91,40.86
19,100,2016-06-02-20,Normal,-97.32,37.27
10,39,2016-06-02-20,Normal,-91.55,38.04
11,27,2016-06-02-20,Normal,-88.42,41.11
28,58,2016-06-02-20,Normal,-90.37,39.71
15,32,2016-06-02-20,Normal,-90.37,35.21
31,48,2016-06-02-20,Normal,-94.37,38.0
13,12,2016-06-02-20,Normal,-88.64,42.21
27,81,2016-06-02-20,Normal,-91.19,38.83
24,68,2016-06-02-20,Normal,-89.17,40.38
12,74,2016-06-02-20,Normal,-90.07,35.1
22,24,2016-06-02-20,Normal,-90.68,35.12
18,49,2016-06-02-20,Normal,-90.24,39.72
23,66,2016-06-02-20,Normal,-89.52,40.7
32,71,2016-06-02-20,Normal,-90.04,35.19
14,18,2016-06-02-20,Normal,-94.35,38.33
31,48,2016-06-02-20,Normal,-94.38,38.67
29,16,2016-06-02-20,Normal,-97.32,37.48
21,105,2016-06-02-20,Normal,-94.38,38.67
31,48,2016-06-02-20,Normal,-94.38,38.99
27,81,2016-06-02-20,Normal,-91.33,38.87
12,74,2016-06-02-20,Normal,-90.07,35.1
15,32,2016-06-02-20,Normal,-90.04,35.19
20,79,2016-06-02-20,Normal,-88.02,42.04
31,48,2016-06-02-20,Normal,-94.59,39.1
28,58,2016-06-02-20,Normal,-89.96,39.74
26,17,2016-06-02-20,Normal,-90.69,38.5
25,21,2016-06-02-20,Normal,-90.07,35.68
16,46,2016-06-02-20,Normal,-89.91,40.86
13,12,2016-06-02-20,Normal,-87.66,41.89
27,81,2016-06-02-20,Normal,-91.74,38.94
14,18,2016-06-02-20,Normal,-94.59,39.1
21,105,2016-06-02-20,Normal,-94.59,39.1
13,12,2016-06-02-20,Normal,-87.66,41.89
22,24,2016-06-02-20,Normal,-90.94,35.03
15,32,2016-06-02-20,Normal,-90.94,35.03
32,71,2016-06-02-20,Normal,-91.38,34.83
31,48,2016-06-02-20,Normal,-94.59,39.1
18,49,2016-06-02-20,Normal,-89.66,39.78
32,71,2016-06-02-20,Normal,-91.14,34.96
10,39,2016-06-02-20,Normal,-90.69,38.5
16,46,2016-06-02-20,Normal,-90.44,41.54
20,79,2016-06-02-20,Normal,-88.02,42.04
19,100,2016-06-02-20,Normal,-97.37,36.79
29,16,2016-06-02-20,Normal,-97.34,36.63
30,95,2016-06-02-20,Normal,-88.02,42.04
21,105,2016-06-02-20,Normal,-94.38,38.67
12,74,2016-06-02-20,Normal,-89.65,36.37
22,24,2016-06-02-20,Normal,-91.38,34.83
26,17,2016-06-02-20,Normal,-90.18,38.64
30,95,2016-06-02-20,Normal,-88.41,42.11
23,66,2016-06-02-20,Normal,-91.47,41.74
27,81,2016-06-02-20,Normal,-92.38,38.98
21,105,2016-06-02-20,Normal,-94.37,38.0
16,46,2016-06-02-20,Normal,-91.32,41.71
12,74,2016-06-02-20,Normal,-89.54,36.84
32,71,2016-06-02-20,Normal,-91.93,34.81
31,48,2016-06-02-20,Normal,-94.3,37.66
31,48,2016-06-02-20,Normal,-94.37,38.0
12,74,2016-06-02-20,Normal,-89.56,37.2
32,71,2016-06-02-20,Normal,-92.09,34.8
26,17,2016-06-02-20,Normal,-90.53,38.51
21,105,2016-06-02-20,Normal,-94.3,37.66
32,71,2016-06-02-20,Normal,-92.31,34.78
22,24,2016-06-02-20,Normal,-92.09,34.8
26,17,2016-06-02-20,Normal,-90.69,38.5
15,32,2016-06-02-20,Normal,-91.93,34.81
25,21,2016-06-02-20,Normal,-90.24,38.0
16,46,2016-06-02-20,Normal,-91.63,41.72
13,12,2016-06-02-20,Normal,-93.58,41.62
18,49,2016-06-02-20,Normal,-92.57,39.77
22,24,2016-06-02-20,Normal,-90.68,35.12
32,71,2016-06-02-20,Normal,-90.94,35.03
16,46,2016-06-02-20,Normal,-90.29,40.96
31,48,2016-06-02-20,Normal,-94.38,38.67
27,81,2016-06-02-20,Normal,-93.65,39.0
15,32,2016-06-02-20,Normal,-90.68,35.12
21,105,2016-06-02-20,Normal,-94.35,38.33
31,48,2016-06-02-20,Normal,-94.35,38.33
17,92,2016-06-02-20,Normal,-93.2,38.98
12,74,2016-06-02-20,Normal,-90.07,35.1
24,68,2016-06-02-20,Normal,-92.19,41.74
29,16,2016-06-02-20,Normal,-92.87,35.25
30,95,2016-06-02-20,Normal,-93.58,41.62
10,39,2016-06-02-20,Normal,-92.89,37.51
21,105,2016-06-02-20,Normal,-94.37,38.0
23,66,2016-06-02-20,Normal,-91.32,41.71
19,100,2016-06-02-20,Normal,-92.87,35.25
14,18,2016-06-02-20,Normal,-94.3,37.66
18,49,2016-06-02-20,Normal,-93.13,39.78
25,21,2016-06-02-20,Normal,-90.07,35.68
11,27,2016-06-02-20,Normal,-90.7,41.62
32,71,2016-06-02-20,Normal,-91.74,34.89
13,12,2016-06-02-20,Normal,-92.74,41.75
10,39,2016-06-02-20,Normal,-93.14,37.26
11,27,2016-06-02-20,Normal,-91.05,41.72
14,18,2016-06-02-20,Normal,-91.32,41.71
17,92,2016-06-02-20,Normal,-91.1,38.83
13,12,2016-06-02-20,Normal,-89.29,41.85
29,16,2016-06-02-20,Normal,-94.22,35.5
29,16,2016-06-02-20,Normal,-93.92,35.53
21,105,2016-06-02-20,Normal,-87.67,41.87
18,49,2016-06-02-20,Normal,-94.57,39.15
32,71,2016-06-02-20,Normal,-90.94,35.03
15,32,2016-06-02-20,Normal,-90.94,35.03
30,95,2016-06-02-20,Normal,-89.88,41.77
15,32,2016-06-02-20,Normal,-90.68,35.12
18,49,2016-06-02-20,Normal,-94.36,39.37
21,105,2016-06-02-20,Normal,-87.67,41.87
29,16,2016-06-02-20,Normal,-94.88,35.47
10,39,2016-06-02-20,Normal,-95.69,36.25
24,68,2016-06-02-20,Normal,-87.66,41.89
22,24,2016-06-02-20,Normal,-90.04,35.19
14,18,2016-06-02-20,Normal,-91.63,41.72
30,95,2016-06-02-20,Normal,-89.6,41.76
12,74,2016-06-02-20,Normal,-90.35,38.43
30,95,2016-06-02-20,Normal,-89.29,41.85
29,16,2016-06-02-20,Normal,-95.15,35.51
21,105,2016-06-02-20,Normal,-88.42,41.11
24,68,2016-06-02-20,Normal,-89.03,41.92
29,16,2016-06-02-20,Normal,-95.99,36.17
10,39,2016-06-02-20,Normal,-95.14,36.66
22,24,2016-06-02-20,Normal,-94.35,38.33
13,12,2016-06-02-20,Normal,-88.41,42.11
15,32,2016-06-02-20,Normal,-89.56,37.2
19,100,2016-06-02-20,Normal,-95.99,36.17
28,58,2016-06-02-20,Normal,-93.13,39.78
18,49,2016-06-02-20,Normal,-92.94,39.77
14,18,2016-06-02-20,Normal,-90.29,40.96
20,79,2016-06-02-20,Normal,-88.41,42.11
16,46,2016-06-02-20,Normal,-89.54,36.84
17,92,2016-06-02-20,Normal,-90.79,38.83
19,100,2016-06-02-20,Normal,-96.44,36.23
11,27,2016-06-02-20,Normal,-91.05,41.72
23,66,2016-06-02-20,Normal,-92.09,34.8
23,66,2016-06-02-20,Normal,-92.31,34.78
12,74,2016-06-02-20,Normal,-90.07,35.1
20,79,2016-06-02-20,Normal,-88.96,42.25
10,39,2016-06-02-20,Normal,-94.83,36.84
15,32,2016-06-02-20,Normal,-89.65,36.37
28,58,2016-06-02-20,Normal,-92.74,39.76
22,24,2016-06-02-20,Normal,-94.59,39.1
32,71,2016-06-02-20,Normal,-91.78,42.23
18,49,2016-06-02-20,Normal,-92.42,39.76
10,39,2016-06-02-20,Normal,-93.14,37.26
18,49,2016-06-02-20,Normal,-91.36,39.76
26,17,2016-06-02-20,Normal,-92.89,37.51
19,100,2016-06-02-20,Normal,-97.37,36.79
11,27,2016-06-02-20,Normal,-91.32,41.71
28,58,2016-06-02-20,Normal,-91.36,39.76
24,68,2016-06-02-20,Normal,-91.94,41.71
30,95,2016-06-02-20,Normal,-89.88,41.77
12,74,2016-06-02-20,Normal,-89.56,37.2
14,18,2016-06-02-20,Normal,-91.05,41.72
23,66,2016-06-02-20,Normal,-90.94,35.03
31,48,2016-06-02-20,Normal,-91.32,41.71
13,12,2016-06-02-20,Normal,-91.24,41.67
26,17,2016-06-02-20,Normal,-92.61,37.7
23,66,2016-06-02-20,Normal,-90.68,35.12
32,71,2016-06-02-20,Normal,-90.29,40.96
12,74,2016-06-02-20,Normal,-89.71,37.47
28,58,2016-06-02-20,Normal,-90.97,39.72
21,105,2016-06-02-20,Normal,-88.77,40.76
25,21,2016-06-02-20,Normal,-90.24,38.0
11,27,2016-06-02-20,Normal,-90.7,41.62
12,74,2016-06-02-20,Normal,-90.0,37.72
22,24,2016-06-02-20,Normal,-94.58,37.03
18,49,2016-06-02-20,Normal,-90.63,39.7
16,46,2016-06-02-20,Normal,-89.54,36.84
17,92,2016-06-02-20,Normal,-92.53,38.98
27,81,2016-06-02-20,Normal,-93.65,39.0
10,39,2016-06-02-20,Normal,-90.53,38.51
25,21,2016-06-02-20,Normal,-88.96,42.25
14,18,2016-06-02-20,Normal,-91.32,41.71
27,81,2016-06-02-20,Normal,-93.45,38.99
12,74,2016-06-02-20,Normal,-90.2,38.65
22,24,2016-06-02-20,Normal,-94.58,37.03
25,21,2016-06-02-20,Normal,-88.64,42.21
17,92,2016-06-02-20,Normal,-93.2,38.98
31,48,2016-06-02-20,Normal,-91.63,41.72
16,46,2016-06-02-20,Normal,-90.24,35.35
32,71,2016-06-02-20,Normal,-89.91,40.86
14,18,2016-06-02-20,Normal,-91.63,41.72
17,92,2016-06-02-20,Normal,-93.01,38.97
30,95,2016-06-02-20,Normal,-90.64,41.56
10,39,2016-06-02-20,Normal,-91.07,38.31
12,74,2016-06-02-20,Normal,-89.63,39.84
32,71,2016-06-02-20,Normal,-89.52,40.7
20,79,2016-06-02-20,Normal,-89.6,41.76
16,46,2016-06-02-20,Normal,-90.07,35.68
22,24,2016-06-02-20,Normal,-94.31,37.31
18,49,2016-06-02-20,Normal,-91.59,39.68
17,92,2016-06-02-20,Normal,-92.85,38.93
24,68,2016-06-02-20,Normal,-88.02,42.04
18,49,2016-06-02-20,Normal,-91.8,39.67
25,21,2016-06-02-20,Normal,-87.66,41.89
12,74,2016-06-02-20,Normal,-89.17,40.38
17,92,2016-06-02-20,Normal,-92.63,38.95
25,21,2016-06-02-20,Normal,-87.66,41.89
24,68,2016-06-02-20,Normal,-87.66,41.89
16,46,2016-06-02-20,Normal,-89.54,36.84
26,17,2016-06-02-20,Normal,-91.69,37.99
10,39,2016-06-02-20,Normal,-91.44,38.09
19,100,2016-06-02-20,Normal,-94.22,35.5
12,74,2016-06-02-20,Normal,-88.77,40.76
12,74,2016-06-02-20,Normal,-88.42,41.11
32,71,2016-06-02-20,Normal,-90.44,41.54
13,12,2016-06-02-20,Normal,-88.41,42.11
28,58,2016-06-02-20,Normal,-91.8,39.67
29,16,2016-06-02-20,Normal,-93.92,35.53
21,105,2016-06-02-20,Normal,-88.42,41.11
28,58,2016-06-02-20,Normal,-92.27,39.76
23,66,2016-06-02-20,Normal,-90.94,35.03
26,17,2016-06-02-20,Normal,-91.99,37.94
22,24,2016-06-02-20,Normal,-94.38,38.67
12,74,2016-06-02-20,Normal,-88.07,41.48
29,16,2016-06-02-20,Normal,-93.36,35.4
13,12,2016-06-02-20,Normal,-88.02,42.04
17,92,2016-06-02-20,Normal,-92.03,38.97
13,12,2016-06-02-20,Normal,-88.64,42.21
15,32,2016-06-02-20,Normal,-90.15,38.62
30,95,2016-06-02-20,Normal,-87.66,41.89
21,105,2016-06-02-20,Normal,-88.77,40.76
30,95,2016-06-02-20,Normal,-88.02,42.04
10,39,2016-06-02-20,Normal,-92.61,37.7
27,81,2016-06-02-20,Normal,-91.1,38.83
29,16,2016-06-02-20,Normal,-92.25,34.92
16,46,2016-06-02-20,Normal,-90.35,38.43
24,68,2016-06-02-20,Normal,-90.2,41.59
12,74,2016-06-02-20,Normal,-89.74,39.1
15,32,2016-06-02-20,Normal,-90.35,38.43
19,100,2016-06-02-20,Normal,-92.25,34.75
21,105,2016-06-02-20,Normal,-89.63,39.84
11,27,2016-06-02-20,Normal,-91.78,42.23
26,17,2016-06-02-20,Normal,-93.14,37.26
27,81,2016-06-02-20,Normal,-90.79,38.83
17,92,2016-06-02-20,Normal,-90.67,38.82
29,16,2016-06-02-20,Normal,-92.87,35.25
32,71,2016-06-02-20,Normal,-91.47,41.74
31,48,2016-06-02-20,Normal,-90.29,40.96
28,58,2016-06-02-20,Normal,-93.93,39.76
13,12,2016-06-02-20,Normal,-89.6,41.76
21,105,2016-06-02-20,Normal,-89.74,39.1
25,21,2016-06-02-20,Normal,-91.24,41.67
26,17,2016-06-02-20,Normal,-93.69,37.16
22,24,2016-06-02-20,Normal,-94.46,37.16
31,48,2016-06-02-20,Normal,-90.7,41.62
29,16,2016-06-02-20,Normal,-93.12,35.31
32,71,2016-06-02-20,Normal,-90.7,41.62
22,24,2016-06-02-20,Normal,-94.58,37.03
18,49,2016-06-02-20,Normal,-94.28,39.53
13,12,2016-06-02-20,Normal,-89.88,41.77
12,74,2016-06-02-20,Normal,-89.74,39.1
31,48,2016-06-02-20,Normal,-91.05,41.72
13,12,2016-06-02-20,Normal,-90.2,41.59
16,46,2016-06-02-20,Normal,-89.65,36.37
15,32,2016-06-02-20,Normal,-89.65,36.37
24,68,2016-06-02-20,Normal,-91.94,41.71
27,81,2016-06-02-20,Normal,-90.21,38.65
15,32,2016-06-02-20,Normal,-89.8,35.94
22,24,2016-06-02-20,Normal,-94.58,37.03
31,48,2016-06-02-20,Normal,-91.47,41.74
17,92,2016-06-02-20,Normal,-90.21,38.65
30,95,2016-06-02-20,Normal,-90.2,41.59
19,100,2016-06-02-20,Normal,-93.61,35.51
22,24,2016-06-02-20,Normal,-94.46,37.16
11,27,2016-06-02-20,Normal,-90.7,41.62
25,21,2016-06-02-20,Normal,-92.4,41.78
29,16,2016-06-02-20,Normal,-94.22,35.5
24,68,2016-06-02-20,Normal,-93.58,41.62
23,66,2016-06-02-20,Normal,-90.94,35.03
28,58,2016-06-02-20,Normal,-94.36,39.37
29,16,2016-06-02-20,Normal,-95.42,35.87
26,17,2016-06-02-20,Normal,-95.76,36.18
14,18,2016-06-02-20,Normal,-91.47,41.74
22,24,2016-06-02-20,Normal,-94.59,39.1
11,27,2016-06-02-20,Normal,-89.91,40.86
26,17,2016-06-02-20,Normal,-95.99,36.17
29,16,2016-06-02-20,Normal,-95.76,36.08
12,74,2016-06-02-20,Normal,-88.42,41.11
18,49,2016-06-02-20,Normal,-93.93,39.76
15,32,2016-06-02-20,Normal,-89.8,35.94
27,81,2016-06-02-20,Normal,-91.1,38.83
25,21,2016-06-02-20,Normal,-93.04,41.71
20,79,2016-06-02-20,Normal,-93.04,41.71
17,92,2016-06-02-20,Normal,-91.33,38.87
24,68,2016-06-02-20,Normal,-93.04,41.71
19,100,2016-06-02-20,Normal,-95.76,36.08
27,81,2016-06-02-20,Normal,-91.33,38.87
30,95,2016-06-02-20,Normal,-92.74,41.75
25,21,2016-06-02-20,Normal,-92.4,41.78
16,46,2016-06-02-20,Normal,-89.54,36.84
14,18,2016-06-02-20,Normal,-90.7,41.62
22,24,2016-06-02-20,Normal,-94.38,38.67
27,81,2016-06-02-20,Normal,-91.56,38.93
28,58,2016-06-02-20,Normal,-94.15,39.77
16,46,2016-06-02-20,Normal,-89.56,37.2
26,17,2016-06-02-20,Normal,-95.69,36.25
15,32,2016-06-02-20,Normal,-89.56,37.2
30,95,2016-06-02-20,Normal,-93.36,41.69
27,81,2016-06-02-20,Normal,-91.74,38.94
32,71,2016-06-02-20,Normal,-91.63,41.72
16,46,2016-06-02-20,Normal,-89.71,37.47
23,66,2016-06-02-20,Normal,-92.31,34.78
13,12,2016-06-02-20,Normal,-93.36,41.69
21,105,2016-06-02-20,Normal,-89.63,39.84
28,58,2016-06-02-20,Normal,-93.6,39.77
27,81,2016-06-02-20,Normal,-92.03,38.97
12,74,2016-06-02-20,Normal,-90.2,38.65
21,105,2016-06-02-20,Normal,-89.74,39.1
32,71,2016-06-02-20,Normal,-91.78,42.23
19,100,2016-06-02-20,Normal,-96.68,36.2
20,79,2016-06-02-20,Normal,-93.04,41.71
10,39,2016-06-02-20,Normal,-95.69,36.25
23,66,2016-06-02-20,Normal,-92.09,34.8
12,74,2016-06-02-20,Normal,-89.74,39.1
26,17,2016-06-02-20,Normal,-95.14,36.66
20,79,2016-06-02-20,Normal,-92.74,41.75
28,58,2016-06-02-20,Normal,-93.13,39.78
16,46,2016-06-02-20,Normal,-90.35,38.43
19,100,2016-06-02-20,Normal,-97.37,36.91
26,17,2016-06-02-20,Normal,-93.69,37.16
20,79,2016-06-02-20,Normal,-91.24,41.67
17,92,2016-06-02-20,Normal,-93.45,38.99
14,18,2016-06-02-20,Normal,-91.05,41.72
15,32,2016-06-02-20,Normal,-89.71,37.47
30,95,2016-06-02-20,Normal,-91.94,41.71
10,39,2016-06-02-20,Normal,-94.23,37.09
20,79,2016-06-02-20,Normal,-90.64,41.56
31,48,2016-06-02-20,Normal,-91.47,41.74
14,18,2016-06-02-20,Normal,-91.47,41.74
24,68,2016-06-02-20,Normal,-89.29,41.85
18,49,2016-06-02-20,Normal,-90.97,39.72
21,105,2016-06-02-20,Normal,-91.74,34.89
28,58,2016-06-02-20,Normal,-91.8,39.67
22,24,2016-06-02-20,Normal,-94.37,38.0
13,12,2016-06-02-20,Normal,-90.2,41.59
28,58,2016-06-02-20,Normal,-91.59,39.68
25,21,2016-06-02-20,Normal,-88.96,42.25
19,100,2016-06-02-20,Normal,-97.32,37.48
14,18,2016-06-02-20,Normal,-91.63,41.72
17,92,2016-06-02-20,Normal,-94.0,39.03
15,32,2016-06-02-20,Normal,-89.65,36.37
20,79,2016-06-02-20,Normal,-89.88,41.77
29,16,2016-06-02-20,Normal,-97.36,37.69
32,71,2016-06-02-20,Normal,-89.52,40.7
24,68,2016-06-02-20,Normal,-88.64,42.21
22,24,2016-06-02-20,Normal,-94.38,38.99
17,92,2016-06-02-20,Normal,-94.16,39.04
24,68,2016-06-02-20,Normal,-88.41,42.11
32,71,2016-06-02-20,Normal,-89.91,40.86
12,74,2016-06-02-20,Normal,-88.77,40.76
23,66,2016-06-02-20,Normal,-90.68,35.12
26,17,2016-06-02-20,Normal,-92.74,37.6
19,100,2016-06-02-20,Normal,-97.32,37.48
16,46,2016-06-02-20,Normal,-90.07,35.68
25,21,2016-06-02-20,Normal,-88.02,42.04
15,32,2016-06-02-20,Normal,-90.07,35.68
26,17,2016-06-02-20,Normal,-92.61,37.7
11,27,2016-06-02-20,Normal,-90.2,38.65
12,74,2016-06-02-20,Normal,-89.63,39.84
22,24,2016-06-02-20,Normal,-94.38,38.99
22,24,2016-06-02-20,Normal,-94.59,39.1
24,68,2016-06-02-20,Normal,-87.66,41.89
19,100,2016-06-02-20,Normal,-97.32,37.15
32,71,2016-06-02-20,Normal,-90.44,41.54
13,12,2016-06-02-20,Normal,-88.96,42.25
28,58,2016-06-02-20,Normal,-90.63,39.7
21,105,2016-06-02-20,Normal,-91.74,34.89
29,16,2016-06-02-20,Normal,-96.97,36.24
21,105,2016-06-02-20,Normal,-90.37,35.21
20,79,2016-06-02-20,Normal,-87.66,41.89
22,24,2016-06-02-20,Normal,-94.46,37.16
24,68,2016-06-02-20,Normal,-89.03,41.92
18,49,2016-06-02-20,Normal,-89.66,39.78
24,68,2016-06-02-20,Normal,-89.29,41.85
32,71,2016-06-02-20,Normal,-91.78,42.23
27,81,2016-06-02-20,Normal,-93.45,38.99
26,17,2016-06-02-20,Normal,-91.3,38.14
23,66,2016-06-02-20,Normal,-92.09,34.8
15,32,2016-06-02-20,Normal,-89.56,37.2
30,95,2016-06-02-20,Normal,-87.66,41.89
17,92,2016-06-02-20,Normal,-93.01,38.97
21,105,2016-06-02-20,Normal,-90.04,35.19
27,81,2016-06-02-20,Normal,-93.2,38.98
16,46,2016-06-02-20,Normal,-89.56,37.2
11,27,2016-06-02-20,Normal,-88.07,41.48
24,68,2016-06-02-20,Normal,-89.88,41.77
19,100,2016-06-02-20,Normal,-96.44,36.23
13,12,2016-06-02-20,Normal,-88.96,42.25
32,71,2016-06-02-20,Normal,-91.32,41.71
26,17,2016-06-02-20,Normal,-91.07,38.31
31,48,2016-06-02-20,Normal,-92.74,41.75
17,92,2016-06-02-20,Normal,-92.63,38.95
27,81,2016-06-02-20,Normal,-92.85,38.93
21,105,2016-06-02-20,Normal,-90.68,35.12
20,79,2016-06-02-20,Normal,-89.03,41.92
27,81,2016-06-02-20,Normal,-92.63,38.95
16,46,2016-06-02-20,Normal,-90.0,37.72
22,24,2016-06-02-20,Normal,-90.29,40.96
26,17,2016-06-02-20,Normal,-90.69,38.5
12,74,2016-06-02-20,Normal,-87.67,41.87
23,66,2016-06-02-20,Normal,-91.14,34.96
15,32,2016-06-02-20,Normal,-90.35,38.43
25,21,2016-06-02-20,Normal,-90.82,41.66
18,49,2016-06-02-20,Normal,-90.37,39.71
28,58,2016-06-02-20,Normal,-90.14,39.76
27,81,2016-06-02-20,Normal,-92.53,38.98
26,17,2016-06-02-20,Normal,-90.53,38.51
22,24,2016-06-02-20,Normal,-90.7,41.62
10,39,2016-06-02-20,Normal,-91.07,38.31
29,16,2016-06-02-20,Normal,-95.42,35.87
30,95,2016-06-02-20,Normal,-88.96,42.25
10,39,2016-06-02-20,Normal,-90.86,38.46
31,48,2016-06-02-20,Normal,-91.59,41.7
11,27,2016-06-02-20,Normal,-89.74,39.1
18,49,2016-06-02-20,Normal,-90.63,39.7
21,105,2016-06-02-20,Normal,-91.74,34.89
29,16,2016-06-02-20,Normal,-95.3,35.64
23,66,2016-06-02-20,Normal,-90.37,35.21
17,92,2016-06-02-20,Normal,-90.93,38.82
24,68,2016-06-02-20,Normal,-93.36,41.69
32,71,2016-06-02-20,Normal,-89.71,37.47
20,79,2016-06-02-20,Normal,-91.94,41.71
14,18,2016-06-02-20,Normal,-91.47,41.74
11,27,2016-06-02-20,Normal,-88.42,41.11
28,58,2016-06-02-20,Normal,-91.36,39.76
22,24,2016-06-02-20,Normal,-91.47,41.74
10,39,2016-06-02-20,Normal,-90.69,38.5
22,24,2016-06-02-20,Normal,-91.32,41.71
16,46,2016-06-02-20,Normal,-89.54,36.84
16,46,2016-06-02-20,Normal,-89.65,36.37
31,48,2016-06-02-20,Normal,-88.96,42.25
32,71,2016-06-02-20,Normal,-89.56,37.2
22,24,2016-06-02-20,Normal,-91.05,41.72
21,105,2016-06-02-20,Normal,-91.14,34.96
14,18,2016-06-02-20,Normal,-90.7,41.62
22,24,2016-06-02-20,Normal,-90.7,41.62
19,100,2016-06-02-20,Normal,-93.36,35.4
26,17,2016-06-02-20,Normal,-91.3,38.14
23,66,2016-06-02-20,Normal,-89.54,36.84
30,95,2016-06-02-20,Normal,-91.94,41.71
29,16,2016-06-02-20,Normal,-92.87,35.25
25,21,2016-06-02-20,Normal,-93.04,41.71
14,18,2016-06-02-20,Normal,-89.52,40.7
24,68,2016-06-02-20,Normal,-91.59,41.7
22,24,2016-06-02-20,Normal,-89.52,40.7
29,16,2016-06-02-20,Normal,-92.53,35.15
11,27,2016-06-02-20,Normal,-89.74,39.1
32,71,2016-06-02-20,Normal,-90.24,35.35
26,17,2016-06-02-20,Normal,-92.48,37.8
17,92,2016-06-02-20,Normal,-90.79,38.83
21,105,2016-06-02-20,Normal,-90.68,35.12
26,17,2016-06-02-20,Normal,-92.61,37.7
23,66,2016-06-02-20,Normal,-90.24,35.35
27,81,2016-06-02-20,Normal,-90.67,38.82
19,100,2016-06-02-20,Normal,-92.87,35.25
27,81,2016-06-02-20,Normal,-90.79,38.83
28,58,2016-06-02-20,Normal,-93.33,39.77
18,49,2016-06-02-20,Normal,-93.93,39.76
22,24,2016-06-02-20,Normal,-90.44,41.54
26,17,2016-06-02-20,Normal,-92.89,37.51
15,32,2016-06-02-20,Normal,-89.71,37.47
15,32,2016-06-02-20,Normal,-89.54,36.84
12,74,2016-06-02-20,Normal,-94.35,38.33
21,105,2016-06-02-20,Normal,-91.14,34.96
19,100,2016-06-02-20,Normal,-93.12,35.31
27,81,2016-06-02-20,Normal,-90.93,38.82
11,27,2016-06-02-20,Normal,-89.74,39.1
25,21,2016-06-02-20,Normal,-90.2,41.59
28,58,2016-06-02-20,Normal,-94.57,39.15
32,71,2016-06-02-20,Normal,-90.35,38.43
25,21,2016-06-02-20,Normal,-87.66,41.89
13,12,2016-06-02-20,Normal,-90.2,38.65
16,46,2016-06-02-20,Normal,-94.3,37.66
15,32,2016-06-02-20,Normal,-91.38,34.83
28,58,2016-06-02-20,Normal,-94.42,39.27
22,24,2016-06-02-20,Normal,-91.05,41.72
11,27,2016-06-02-20,Normal,-88.77,40.76
29,16,2016-06-02-20,Normal,-95.99,36.17
18,49,2016-06-02-20,Normal,-94.25,39.73
30,95,2016-06-02-20,Normal,-89.74,39.1
22,24,2016-06-02-20,Normal,-90.7,41.62
23,66,2016-06-02-20,Normal,-90.0,37.72
21,105,2016-06-02-20,Normal,-90.68,35.12
24,68,2016-06-02-20,Normal,-88.02,42.04
10,39,2016-06-02-20,Normal,-95.01,36.73
30,95,2016-06-02-20,Normal,-90.2,38.65
25,21,2016-06-02-20,Normal,-88.41,42.11
14,18,2016-06-02-20,Normal,-90.44,41.54
13,12,2016-06-02-20,Normal,-88.77,40.76
11,27,2016-06-02-20,Normal,-89.74,39.1
24,68,2016-06-02-20,Normal,-88.41,42.11
10,39,2016-06-02-20,Normal,-95.14,36.66
14,18,2016-06-02-20,Normal,-90.29,40.96
29,16,2016-06-02-20,Normal,-96.68,36.2
12,74,2016-06-02-20,Normal,-94.59,39.1
21,105,2016-06-02-20,Normal,-90.04,35.19
19,100,2016-06-02-20,Normal,-96.68,36.2
22,24,2016-06-02-20,Normal,-89.91,40.86
30,95,2016-06-02-20,Normal,-89.74,39.1
21,105,2016-06-02-20,Normal,-90.04,35.19
12,74,2016-06-02-20,Normal,-94.38,38.99
25,21,2016-06-02-20,Normal,-89.03,41.92
31,48,2016-06-02-20,Normal,-93.58,41.62
23,66,2016-06-02-20,Normal,-89.65,36.37
28,58,2016-06-02-20,Normal,-94.15,39.77
20,79,2016-06-02-20,Normal,-89.91,40.86
15,32,2016-06-02-20,Normal,-92.31,34.78
22,24,2016-06-02-20,Normal,-89.52,40.7
16,46,2016-06-02-20,Normal,-94.59,39.1
19,100,2016-06-02-20,Normal,-97.14,36.41
10,39,2016-06-02-20,Normal,-95.76,36.18
26,17,2016-06-02-20,Normal,-95.76,36.18
11,27,2016-06-02-20,Normal,-89.63,39.84
25,21,2016-06-02-20,Normal,-89.6,41.76
18,49,2016-06-02-20,Normal,-92.94,39.77
26,17,2016-06-02-20,Normal,-95.69,36.25
17,92,2016-06-02-20,Normal,-94.44,39.1
19,100,2016-06-02-20,Normal,-97.35,36.4
25,21,2016-06-02-20,Normal,-91.24,41.67
20,79,2016-06-02-20,Normal,-91.63,41.72
15,32,2016-06-02-20,Normal,-90.68,35.12
10,39,2016-06-02-20,Normal,-95.35,36.47
20,79,2016-06-02-20,Normal,-91.78,42.23
19,100,2016-06-02-20,Normal,-97.32,37.48
11,27,2016-06-02-20,Normal,-87.67,41.87
27,81,2016-06-02-20,Normal,-94.16,39.04
32,71,2016-06-02-20,Normal,-89.8,35.94
13,12,2016-06-02-20,Normal,-90.2,38.65
17,92,2016-06-02-20,Normal,-93.45,38.99
18,49,2016-06-02-20,Normal,-91.59,39.68
30,95,2016-06-02-20,Normal,-88.77,40.76
10,39,2016-06-02-20,Normal,-95.01,36.73
30,95,2016-06-02-20,Normal,-89.17,40.38
15,32,2016-06-02-20,Normal,-90.04,35.19
18,49,2016-06-02-20,Normal,-91.36,39.76
27,81,2016-06-02-20,Normal,-93.85,39.01
15,32,2016-06-02-20,Normal,-90.04,35.19
25,21,2016-06-02-20,Normal,-92.19,41.74
12,74,2016-06-02-20,Normal,-94.3,37.66
30,95,2016-06-02-20,Normal,-89.63,39.84
28,58,2016-06-02-20,Normal,-91.8,39.67
16,46,2016-06-02-20,Normal,-94.46,37.16
17,92,2016-06-02-20,Normal,-93.01,38.97
14,18,2016-06-02-20,Normal,-91.78,42.23
31,48,2016-06-02-20,Normal,-90.2,41.59
30,95,2016-06-02-20,Normal,-89.74,39.1
29,16,2016-06-02-20,Normal,-97.32,37.15
24,68,2016-06-02-20,Normal,-92.74,41.75
30,95,2016-06-02-20,Normal,-90.2,38.65
27,81,2016-06-02-20,Normal,-93.2,38.98
20,79,2016-06-02-20,Normal,-91.32,41.71
32,71,2016-06-02-20,Normal,-89.71,37.47
13,12,2016-06-02-20,Normal,-88.77,40.76
21,105,2016-06-02-20,Normal,-91.14,34.96
15,32,2016-06-02-20,Normal,-90.68,35.12
19,100,2016-06-02-20,Normal,-97.37,36.91
13,12,2016-06-02-20,Normal,-88.42,41.11
10,39,2016-06-02-20,Normal,-93.96,37.08
23,66,2016-06-02-20,Normal,-89.71,37.47
19,100,2016-06-02-20,Normal,-97.32,37.15
12,74,2016-06-02-20,Normal,-94.59,39.1
20,79,2016-06-02-20,Normal,-90.7,41.62
14,18,2016-06-02-20,Normal,-91.32,41.71
31,48,2016-06-02-20,Normal,-89.29,41.85
20,79,2016-06-02-20,Normal,-90.44,41.54
32,71,2016-06-02-20,Normal,-90.35,38.43
26,17,2016-06-02-20,Normal,-92.89,37.51
29,16,2016-06-02-20,Normal,-97.34,36.63
27,59,2016-06-02-20,Normal,-91.1,38.83
23,93,2016-06-02-20,Normal,-91.47,41.74
32,84,2016-06-02-20,Normal,-91.74,34.89
13,10,2016-06-02-20,Normal,-91.59,41.7
29,108,2016-06-02-20,Normal,-97.14,36.41
26,42,2016-06-02-20,Normal,-91.44,38.09
13,10,2016-06-02-20,Normal,-91.24,41.67
31,82,2016-06-02-20,Normal,-94.38,38.99
30,41,2016-06-02-20,Normal,-91.59,41.7
32,84,2016-06-02-20,Normal,-91.93,34.81
22,24,2016-06-02-20,Normal,-92.09,34.8
14,15,2016-06-02-20,Normal,-94.59,39.1
28,34,2016-06-02-20,Normal,-90.79,39.69
17,86,2016-06-02-20,Normal,-91.56,38.93
13,10,2016-06-02-20,Normal,-90.82,41.66
17,86,2016-06-02-20,Normal,-91.74,38.94
18,16,2016-06-02-20,Normal,-90.97,39.72
24,102,2016-06-02-20,Normal,-88.07,41.48
11,19,2016-06-02-20,Normal,-88.42,41.11
27,59,2016-06-02-20,Normal,-91.74,38.94
23,93,2016-06-02-20,Normal,-91.78,42.23
30,41,2016-06-02-20,Normal,-90.82,41.66
27,59,2016-06-02-20,Normal,-91.56,38.93
23,93,2016-06-02-20,Normal,-91.78,42.23
20,47,2016-06-02-20,Normal,-90.64,41.56
28,34,2016-06-02-20,Normal,-91.2,39.75
23,93,2016-06-02-20,Normal,-91.63,41.72
15,48,2016-06-02-20,Normal,-92.09,34.8
10,23,2016-06-02-20,Normal,-91.99,37.94
17,86,2016-06-02-20,Normal,-92.22,38.96
22,24,2016-06-02-20,Normal,-91.93,34.81
24,102,2016-06-02-20,Normal,-89.17,40.38
30,41,2016-06-02-20,Normal,-89.88,41.77
15,48,2016-06-02-20,Normal,-91.93,34.81
10,23,2016-06-02-20,Normal,-92.08,37.81
20,47,2016-06-02-20,Normal,-89.88,41.77
26,42,2016-06-02-20,Normal,-92.31,37.81
31,82,2016-06-02-20,Normal,-94.37,38.0
17,86,2016-06-02-20,Normal,-92.38,38.98
23,93,2016-06-02-20,Normal,-91.32,41.71
10,23,2016-06-02-20,Normal,-92.31,37.81
32,84,2016-06-02-20,Normal,-91.74,34.89
27,59,2016-06-02-20,Normal,-92.38,38.98
31,82,2016-06-02-20,Normal,-94.3,37.66
26,42,2016-06-02-20,Normal,-92.48,37.8
14,15,2016-06-02-20,Normal,-94.3,37.66
17,86,2016-06-02-20,Normal,-92.63,38.95
11,19,2016-06-02-20,Normal,-89.74,39.1
24,102,2016-06-02-20,Normal,-90.2,38.65
30,41,2016-06-02-20,Normal,-89.03,41.92
25,53,2016-06-02-20,Normal,-89.8,35.94
21,21,2016-06-02-20,Normal,-94.31,37.31
10,23,2016-06-02-20,Normal,-92.61,37.7
20,47,2016-06-02-20,Normal,-89.03,41.92
19,109,2016-06-02-20,Normal,-95.56,35.97
15,48,2016-06-02-20,Normal,-90.94,35.03
13,10,2016-06-02-20,Normal,-88.96,42.25
30,41,2016-06-02-20,Normal,-88.64,42.21
19,109,2016-06-02-20,Normal,-95.42,35.87
12,55,2016-06-02-20,Normal,-89.54,36.84
24,102,2016-06-02-20,Normal,-89.74,39.1
21,21,2016-06-02-20,Normal,-94.58,37.03
22,24,2016-06-02-20,Normal,-90.37,35.21
18,16,2016-06-02-20,Normal,-92.57,39.77
29,108,2016-06-02-20,Normal,-95.3,35.64
10,23,2016-06-02-20,Normal,-92.89,37.51
17,86,2016-06-02-20,Normal,-93.2,38.98
21,21,2016-06-02-20,Normal,-94.58,37.03
22,24,2016-06-02-20,Normal,-90.04,35.19
29,108,2016-06-02-20,Normal,-95.15,35.51
13,10,2016-06-02-20,Normal,-88.02,42.04
31,82,2016-06-02-20,Normal,-94.58,37.03
26,42,2016-06-02-20,Normal,-93.14,37.26
27,59,2016-06-02-20,Normal,-93.2,38.98
21,21,2016-06-02-20,Normal,-94.46,37.16
30,41,2016-06-02-20,Normal,-87.66,41.89
29,108,2016-06-02-20,Normal,-94.57,35.37
14,15,2016-06-02-20,Normal,-94.31,37.31
24,102,2016-06-02-20,Normal,-88.77,40.76
17,86,2016-06-02-20,Normal,-93.85,39.01
32,84,2016-06-02-20,Normal,-90.04,35.19
16,69,2016-06-02-20,Normal,-89.91,40.86
12,55,2016-06-02-20,Normal,-90.24,38.0
15,48,2016-06-02-20,Normal,-90.37,35.21
11,19,2016-06-02-20,Normal,-88.77,40.76
17,86,2016-06-02-20,Normal,-94.0,39.03
23,93,2016-06-02-20,Normal,-89.91,40.86
18,16,2016-06-02-20,Normal,-93.33,39.77
27,59,2016-06-02-20,Normal,-93.85,39.01
32,84,2016-06-02-20,Normal,-90.68,35.12
15,48,2016-06-02-20,Normal,-90.68,35.12
19,109,2016-06-02-20,Normal,-93.92,35.53
25,53,2016-06-02-20,Normal,-90.15,38.62
17,86,2016-06-02-20,Normal,-94.31,39.04
17,86,2016-06-02-20,Normal,-94.16,39.04
30,41,2016-06-02-20,Normal,-88.64,42.21
18,16,2016-06-02-20,Normal,-93.6,39.77
27,59,2016-06-02-20,Normal,-94.0,39.03
10,23,2016-06-02-20,Normal,-94.23,37.09
11,19,2016-06-02-20,Normal,-87.67,41.87
29,108,2016-06-02-20,Normal,-93.36,35.4
23,93,2016-06-02-20,Normal,-90.7,41.62
15,48,2016-06-02-20,Normal,-91.14,34.96
32,84,2016-06-02-20,Normal,-91.14,34.96
18,16,2016-06-02-20,Normal,-94.15,39.77
27,59,2016-06-02-20,Normal,-94.31,39.04
30,41,2016-06-02-20,Normal,-88.96,42.25
23,93,2016-06-02-20,Normal,-91.05,41.72
20,47,2016-06-02-20,Normal,-88.96,42.25
16,69,2016-06-02-20,Normal,-91.05,41.72
23,93,2016-06-02-20,Normal,-91.32,41.71
25,53,2016-06-02-20,Normal,-90.24,38.0
24,102,2016-06-02-20,Normal,-88.42,41.11
17,86,2016-06-02-20,Normal,-94.31,39.04
16,69,2016-06-02-20,Normal,-91.32,41.71
22,24,2016-06-02-20,Normal,-91.93,34.81
18,16,2016-06-02-20,Normal,-94.24,39.63
26,42,2016-06-02-20,Normal,-95.14,36.66
31,82,2016-06-02-20,Normal,-94.59,39.1
20,47,2016-06-02-20,Normal,-89.29,41.85
14,15,2016-06-02-20,Normal,-94.59,39.1
18,16,2016-06-02-20,Normal,-94.28,39.53
11,19,2016-06-02-20,Normal,-88.77,40.76
23,93,2016-06-02-20,Normal,-91.63,41.72
14,15,2016-06-02-20,Normal,-94.38,38.99
27,59,2016-06-02-20,Normal,-94.31,39.04
18,16,2016-06-02-20,Normal,-94.36,39.37
23,93,2016-06-02-20,Normal,-91.78,42.23
31,82,2016-06-02-20,Normal,-94.38,38.67
13,10,2016-06-02-20,Normal,-89.88,41.77
20,47,2016-06-02-20,Normal,-89.6,41.76
24,102,2016-06-02-20,Normal,-89.74,39.1
16,69,2016-06-02-20,Normal,-91.78,42.23
20,47,2016-06-02-20,Normal,-90.2,41.59
19,109,2016-06-02-20,Normal,-92.25,34.92
30,41,2016-06-02-20,Normal,-90.64,41.56
17,86,2016-06-02-20,Normal,-93.85,39.01
13,10,2016-06-02-20,Normal,-90.64,41.56
22,24,2016-06-02-20,Normal,-91.93,34.81
29,108,2016-06-02-20,Normal,-92.25,34.75
27,59,2016-06-02-20,Normal,-94.0,39.03
15,48,2016-06-02-20,Normal,-92.31,34.78
28,34,2016-06-02-20,Normal,-94.57,39.15
19,109,2016-06-02-20,Normal,-92.25,34.75
17,86,2016-06-02-20,Normal,-93.45,38.99
21,21,2016-06-02-20,Normal,-94.37,38.0
12,55,2016-06-02-20,Normal,-90.07,35.68
27,59,2016-06-02-20,Normal,-93.65,39.0
16,69,2016-06-02-20,Normal,-91.47,41.74
13,10,2016-06-02-20,Normal,-90.82,41.66
10,23,2016-06-02-20,Normal,-95.99,36.17
22,24,2016-06-02-20,Normal,-91.74,34.89
26,42,2016-06-02-20,Normal,-95.99,36.17
20,47,2016-06-02-20,Normal,-91.24,41.67
30,41,2016-06-02-20,Normal,-91.59,41.7
21,21,2016-06-02-20,Normal,-94.31,37.31
16,69,2016-06-02-20,Normal,-91.32,41.71
17,86,2016-06-02-20,Normal,-92.85,38.93
12,55,2016-06-02-20,Normal,-90.07,35.1
29,108,2016-06-02-20,Normal,-93.12,35.31
24,102,2016-06-02-20,Normal,-89.17,40.38
20,47,2016-06-02-20,Normal,-91.59,41.7
14,15,2016-06-02-20,Normal,-94.58,37.03
26,42,2016-06-02-20,Normal,-95.69,36.25
21,21,2016-06-02-20,Normal,-94.58,37.03
32,84,2016-06-02-20,Normal,-91.14,34.96
18,16,2016-06-02-20,Normal,-94.24,39.63
31,82,2016-06-02-20,Normal,-94.58,37.03
11,19,2016-06-02-20,Normal,-89.17,40.38
15,48,2016-06-02-20,Normal,-90.94,35.03
18,16,2016-06-02-20,Normal,-94.25,39.73
25,53,2016-06-02-20,Normal,-90.07,35.1
10,23,2016-06-02-20,Normal,-95.5,36.37
19,109,2016-06-02-20,Normal,-93.36,35.4
31,82,2016-06-02-20,Normal,-94.46,37.16
15,48,2016-06-02-20,Normal,-92.31,34.78
31,82,2016-06-02-20,Normal,-94.3,37.66
21,21,2016-06-02-20,Normal,-94.3,37.66
25,53,2016-06-02-20,Normal,-90.24,38.0
23,93,2016-06-02-20,Normal,-91.63,41.72
22,24,2016-06-02-20,Normal,-92.09,34.8
11,19,2016-06-02-20,Normal,-89.63,39.84
27,59,2016-06-02-20,Normal,-90.41,38.75
28,34,2016-06-02-20,Normal,-91.36,39.76
16,69,2016-06-02-20,Normal,-91.63,41.72
13,10,2016-06-02-20,Normal,-90.82,41.66
12,55,2016-06-02-20,Normal,-89.56,37.2
11,19,2016-06-02-20,Normal,-89.17,40.38
17,86,2016-06-02-20,Normal,-90.41,38.75
29,108,2016-06-02-20,Normal,-97.34,36.63
32,84,2016-06-02-20,Normal,-91.74,34.89
31,82,2016-06-02-20,Normal,-94.46,37.16
27,59,2016-06-02-20,Normal,-90.21,38.65
29,108,2016-06-02-20,Normal,-97.37,36.79
18,16,2016-06-02-20,Normal,-90.97,39.72
13,10,2016-06-02-20,Normal,-90.64,41.56
15,48,2016-06-02-20,Normal,-91.74,34.89
20,47,2016-06-02-20,Normal,-90.2,41.59
12,55,2016-06-02-20,Normal,-89.65,36.37
31,82,2016-06-02-20,Normal,-94.58,37.03
19,109,2016-06-02-20,Normal,-97.32,37.27
11,19,2016-06-02-20,Normal,-89.74,39.1
16,69,2016-06-02-20,Normal,-90.44,41.54
26,42,2016-06-02-20,Normal,-90.34,38.58
17,86,2016-06-02-20,Normal,-92.22,38.96
23,93,2016-06-02-20,Normal,-90.7,41.62
28,34,2016-06-02-20,Normal,-89.66,39.78
29,108,2016-06-02-20,Normal,-97.37,36.91
27,59,2016-06-02-20,Normal,-92.03,38.97
12,55,2016-06-02-20,Normal,-89.56,37.2
31,82,2016-06-02-20,Normal,-94.38,38.99
30,41,2016-06-02-20,Normal,-88.41,42.11
28,34,2016-06-02-20,Normal,-89.66,39.78
13,10,2016-06-02-20,Normal,-88.02,42.04
29,108,2016-06-02-20,Normal,-97.37,36.79
18,16,2016-06-02-20,Normal,-89.78,39.77
17,86,2016-06-02-20,Normal,-92.53,38.98
28,34,2016-06-02-20,Normal,-89.78,39.77
12,55,2016-06-02-20,Normal,-89.71,37.47
24,102,2016-06-02-20,Normal,-89.63,39.84
16,69,2016-06-02-20,Normal,-91.32,41.71
23,93,2016-06-02-20,Normal,-91.47,41.74
21,21,2016-06-02-20,Normal,-94.35,38.33
29,108,2016-06-02-20,Normal,-97.35,36.4
12,55,2016-06-02-20,Normal,-90.0,37.72
25,53,2016-06-02-20,Normal,-90.0,37.72
12,55,2016-06-02-20,Normal,-89.56,37.2
13,10,2016-06-02-20,Normal,-91.24,41.67
21,21,2016-06-02-20,Normal,-94.37,38.0
28,34,2016-06-02-20,Normal,-91.2,39.75
14,15,2016-06-02-20,Normal,-94.35,38.33
16,69,2016-06-02-20,Normal,-90.29,40.96
30,41,2016-06-02-20,Normal,-91.94,41.71
19,109,2016-06-02-20,Normal,-95.42,35.87
18,16,2016-06-02-20,Normal,-91.59,39.68
28,34,2016-06-02-20,Normal,-91.36,39.76
31,82,2016-06-02-20,Normal,-94.38,38.67
15,48,2016-06-02-20,Normal,-90.68,35.12
26,42,2016-06-02-20,Normal,-92.31,37.81
19,109,2016-06-02-20,Normal,-95.3,35.64
10,23,2016-06-02-20,Normal,-92.08,37.81
21,21,2016-06-02-20,Normal,-94.38,38.67
12,55,2016-06-02-20,Normal,-89.8,35.94
25,53,2016-06-02-20,Normal,-89.54,36.84
23,93,2016-06-02-20,Normal,-89.52,40.7
16,69,2016-06-02-20,Normal,-89.52,40.7
13,10,2016-06-02-20,Normal,-92.19,41.74
19,109,2016-06-02-20,Normal,-95.15,35.51
14,15,2016-06-02-20,Normal,-94.59,39.1
25,53,2016-06-02-20,Normal,-89.65,36.37
27,59,2016-06-02-20,Normal,-92.63,38.95
18,16,2016-06-02-20,Normal,-94.15,39.77
22,24,2016-06-02-20,Normal,-92.31,34.78
21,21,2016-06-02-20,Normal,-94.58,37.03
18,16,2016-06-02-20,Normal,-94.25,39.73
24,102,2016-06-02-20,Normal,-92.31,34.78
19,109,2016-06-02-20,Normal,-92.25,34.75
14,15,2016-06-02-20,Normal,-89.91,40.86
16,69,2016-06-02-20,Normal,-91.63,41.72
26,42,2016-06-02-20,Normal,-94.83,36.84
29,108,2016-06-02-20,Normal,-92.25,34.92
11,19,2016-06-02-20,Normal,-90.2,41.59
27,59,2016-06-02-20,Normal,-92.38,38.98
23,93,2016-06-02-20,Normal,-91.63,41.72
10,23,2016-06-02-20,Normal,-94.83,36.84
29,108,2016-06-02-20,Normal,-92.53,35.15
22,24,2016-06-02-20,Normal,-91.93,34.81
11,19,2016-06-02-20,Normal,-89.88,41.77
31,82,2016-06-02-20,Normal,-89.63,39.84
25,53,2016-06-02-20,Normal,-90.0,37.72
21,21,2016-06-02-20,Normal,-89.74,39.1
17,86,2016-06-02-20,Normal,-91.74,38.94
12,55,2016-06-02-20,Normal,-90.35,38.43
18,16,2016-06-02-20,Normal,-94.36,39.37
28,34,2016-06-02-20,Normal,-94.28,39.53
17,86,2016-06-02-20,Normal,-91.56,38.93
32,84,2016-06-02-20,Normal,-91.38,34.83
18,16,2016-06-02-20,Normal,-94.42,39.27
15,48,2016-06-02-20,Normal,-91.38,34.83
10,23,2016-06-02-20,Normal,-95.35,36.47
29,108,2016-06-02-20,Normal,-93.36,35.4
13,10,2016-06-02-20,Normal,-90.82,41.66
28,34,2016-06-02-20,Normal,-94.36,39.37
13,10,2016-06-02-20,Normal,-90.64,41.56
16,69,2016-06-02-20,Normal,-90.7,41.62
28,34,2016-06-02-20,Normal,-94.42,39.27
32,84,2016-06-02-20,Normal,-90.94,35.03
12,55,2016-06-02-20,Normal,-90.15,38.62
29,108,2016-06-02-20,Normal,-93.61,35.51
18,16,2016-06-02-20,Normal,-94.57,39.15
22,24,2016-06-02-20,Normal,-90.94,35.03
28,34,2016-06-02-20,Normal,-94.57,39.15
27,59,2016-06-02-20,Normal,-91.19,38.83
23,93,2016-06-02-20,Normal,-90.44,41.54
10,23,2016-06-02-20,Normal,-95.69,36.25
29,108,2016-06-02-20,Normal,-94.22,35.5
14,15,2016-06-02-20,Normal,-91.47,41.74
22,24,2016-06-02-20,Normal,-90.68,35.12
11,19,2016-06-02-20,Normal,-88.64,42.21
10,23,2016-06-02-20,Normal,-95.76,36.18
12,55,2016-06-02-20,Normal,-89.8,35.94
22,24,2016-06-02-20,Normal,-90.94,35.03
20,47,2016-06-02-20,Normal,-88.02,42.04
26,42,2016-06-02-20,Normal,-95.14,36.66
30,41,2016-06-02-20,Normal,-87.66,41.89
12,55,2016-06-02-20,Normal,-90.07,35.68
14,15,2016-06-02-20,Normal,-91.05,41.72
21,21,2016-06-02-20,Normal,-89.63,39.84
13,10,2016-06-02-20,Normal,-88.02,42.04
19,109,2016-06-02-20,Normal,-95.56,35.97
32,84,2016-06-02-20,Normal,-91.05,41.72
10,23,2016-06-02-20,Normal,-95.14,36.66
29,108,2016-06-02-20,Normal,-95.99,36.17
17,86,2016-06-02-20,Normal,-90.55,38.81
12,55,2016-06-02-20,Normal,-90.24,35.35
27,59,2016-06-02-20,Normal,-90.41,38.75
19,109,2016-06-02-20,Normal,-95.76,36.08
22,24,2016-06-02-20,Normal,-91.74,34.89
11,19,2016-06-02-20,Normal,-89.03,41.92
20,47,2016-06-02-20,Normal,-88.02,42.04
12,55,2016-06-02-20,Normal,-90.07,35.1
27,59,2016-06-02-20,Normal,-90.55,38.81
14,15,2016-06-02-20,Normal,-90.29,40.96
28,34,2016-06-02-20,Normal,-93.13,39.78
30,41,2016-06-02-20,Normal,-88.41,42.11
19,109,2016-06-02-20,Normal,-97.14,36.41
21,21,2016-06-02-20,Normal,-88.42,41.11
17,86,2016-06-02-20,Normal,-91.33,38.87
25,53,2016-06-02-20,Normal,-89.65,36.37
16,69,2016-06-02-20,Normal,-91.47,41.74
14,15,2016-06-02-20,Normal,-90.44,41.54
29,108,2016-06-02-20,Normal,-97.34,36.63
20,47,2016-06-02-20,Normal,-89.88,41.77
31,82,2016-06-02-20,Normal,-87.67,41.87
20,47,2016-06-02-20,Normal,-90.2,41.59
29,108,2016-06-02-20,Normal,-97.37,36.91
17,86,2016-06-02-20,Normal,-91.56,38.93
16,69,2016-06-02-20,Normal,-91.05,41.72
13,10,2016-06-02-20,Normal,-89.88,41.77
11,19,2016-06-02-20,Normal,-92.19,41.74
17,86,2016-06-02-20,Normal,-92.22,38.96
30,41,2016-06-02-20,Normal,-89.88,41.77
32,84,2016-06-02-20,Normal,-91.05,41.72
19,109,2016-06-02-20,Normal,-97.34,36.63
14,15,2016-06-02-20,Normal,-90.7,41.62
18,16,2016-06-02-20,Normal,-91.36,39.76
17,86,2016-06-02-20,Normal,-92.03,38.97
30,41,2016-06-02-20,Normal,-90.64,41.56
15,48,2016-06-02-20,Normal,-90.7,41.62
16,69,2016-06-02-20,Normal,-90.7,41.62
22,29,2016-06-02-20,Normal,-91.47,41.74
30,58,2016-06-02-20,Normal,-87.67,41.87
14,56,2016-06-02-20,Normal,-94.3,37.66
25,106,2016-06-02-20,Normal,-93.58,41.62
32,21,2016-06-02-20,Normal,-88.77,40.76
18,11,2016-06-02-20,Normal,-90.37,39.71
27,60,2016-06-02-20,Normal,-91.74,38.94
21,54,2016-06-02-20,Normal,-88.77,40.76
32,21,2016-06-02-20,Normal,-89.17,40.38
24,89,2016-06-02-20,Normal,-89.52,40.7
12,55,2016-06-02-20,Normal,-90.15,38.62
16,69,2016-06-02-20,Normal,-89.52,40.7
15,48,2016-06-02-20,Normal,-90.04,35.19
13,10,2016-06-02-20,Normal,-93.58,41.62
28,34,2016-06-02-20,Normal,-89.66,39.78
21,21,2016-06-02-20,Normal,-94.58,37.03
12,55,2016-06-02-20,Normal,-90.35,38.43
19,109,2016-06-02-20,Normal,-97.36,37.69
18,16,2016-06-02-20,Normal,-89.78,39.77
11,19,2016-06-02-20,Normal,-89.74,39.1
29,108,2016-06-02-20,Normal,-97.32,37.27
17,86,2016-06-02-20,Normal,-90.41,38.75
32,84,2016-06-02-20,Normal,-90.37,35.21
25,53,2016-06-02-20,Normal,-90.35,38.43
24,102,2016-06-02-20,Normal,-89.63,39.84
18,16,2016-06-02-20,Normal,-89.96,39.74
11,19,2016-06-02-20,Normal,-89.63,39.84
32,84,2016-06-02-20,Normal,-90.68,35.12
29,108,2016-06-02-20,Normal,-97.32,37.15
13,10,2016-06-02-20,Normal,-92.74,41.75
28,34,2016-06-02-20,Normal,-90.14,39.76
24,102,2016-06-02-20,Normal,-89.17,40.38
15,48,2016-06-02-20,Normal,-90.94,35.03
11,19,2016-06-02-20,Normal,-89.17,40.38
12,55,2016-06-02-20,Normal,-89.71,37.47
16,69,2016-06-02-20,Normal,-90.7,41.62
22,24,2016-06-02-20,Normal,-91.14,34.96
32,84,2016-06-02-20,Normal,-91.14,34.96
30,41,2016-06-02-20,Normal,-92.4,41.78
24,102,2016-06-02-20,Normal,-88.42,41.11
30,41,2016-06-02-20,Normal,-92.19,41.74
15,48,2016-06-02-20,Normal,-91.14,34.96
29,108,2016-06-02-20,Normal,-97.37,36.79
20,47,2016-06-02-20,Normal,-92.19,41.74
32,84,2016-06-02-20,Normal,-91.38,34.83
17,86,2016-06-02-20,Normal,-91.1,38.83
11,19,2016-06-02-20,Normal,-88.42,41.11
22,24,2016-06-02-20,Normal,-91.74,34.89
16,69,2016-06-02-20,Normal,-91.32,41.71
10,23,2016-06-02-20,Normal,-91.18,38.22
25,53,2016-06-02-20,Normal,-90.24,35.35
14,15,2016-06-02-20,Normal,-94.46,37.16
23,93,2016-06-02-20,Normal,-89.91,40.86
18,16,2016-06-02-20,Normal,-94.15,39.77
11,19,2016-06-02-20,Normal,-88.42,41.11
27,59,2016-06-02-20,Normal,-92.53,38.98
12,55,2016-06-02-20,Normal,-89.65,36.37
10,23,2016-06-02-20,Normal,-95.14,36.66
16,69,2016-06-02-20,Normal,-89.52,40.7
26,42,2016-06-02-20,Normal,-95.14,36.66
12,55,2016-06-02-20,Normal,-89.54,36.84
18,16,2016-06-02-20,Normal,-93.6,39.77
28,34,2016-06-02-20,Normal,-94.15,39.77
16,69,2016-06-02-20,Normal,-89.91,40.86
24,102,2016-06-02-20,Normal,-87.67,41.87
15,48,2016-06-02-20,Normal,-90.04,35.19
18,16,2016-06-02-20,Normal,-93.33,39.77
23,93,2016-06-02-20,Normal,-89.91,40.86
32,84,2016-06-02-20,Normal,-90.04,35.19
15,48,2016-06-02-20,Normal,-90.04,35.19
26,42,2016-06-02-20,Normal,-94.83,36.84
28,34,2016-06-02-20,Normal,-93.6,39.77
11,19,2016-06-02-20,Normal,-87.67,41.87
14,15,2016-06-02-20,Normal,-94.35,38.33
27,59,2016-06-02-20,Normal,-92.03,38.97
10,23,2016-06-02-20,Normal,-94.54,37.02
28,34,2016-06-02-20,Normal,-93.33,39.77
26,42,2016-06-02-20,Normal,-94.23,37.09
32,84,2016-06-02-20,Normal,-90.68,35.12
17,86,2016-06-02-20,Normal,-91.33,38.87
27,59,2016-06-02-20,Normal,-91.74,38.94
23,93,2016-06-02-20,Normal,-90.44,41.54
24,102,2016-06-02-20,Normal,-88.77,40.76
25,53,2016-06-02-20,Normal,-89.71,37.47
28,34,2016-06-02-20,Normal,-92.94,39.77
14,15,2016-06-02-20,Normal,-94.38,38.99
27,59,2016-06-02-20,Normal,-91.56,38.93
31,82,2016-06-02-20,Normal,-94.59,39.1
32,84,2016-06-02-20,Normal,-91.14,34.96
15,48,2016-06-02-20,Normal,-90.94,35.03
28,34,2016-06-02-20,Normal,-92.74,39.76
14,15,2016-06-02-20,Normal,-94.59,39.1
11,19,2016-06-02-20,Normal,-89.17,40.38
17,86,2016-06-02-20,Normal,-91.1,38.83
25,53,2016-06-02-20,Normal,-90.24,38.0
20,47,2016-06-02-20,Normal,-93.04,41.71
22,24,2016-06-02-20,Normal,-91.38,34.83
27,59,2016-06-02-20,Normal,-91.19,38.83
24,102,2016-06-02-20,Normal,-89.74,39.1
10,23,2016-06-02-20,Normal,-93.34,37.21
31,82,2016-06-02-20,Normal,-94.38,38.99
32,84,2016-06-02-20,Normal,-91.74,34.89
17,86,2016-06-02-20,Normal,-90.79,38.83
27,59,2016-06-02-20,Normal,-91.1,38.83
23,93,2016-06-02-20,Normal,-91.47,41.74
18,16,2016-06-02-20,Normal,-92.27,39.76
32,84,2016-06-02-20,Normal,-91.93,34.81
31,82,2016-06-02-20,Normal,-94.38,38.67
27,59,2016-06-02-20,Normal,-90.93,38.82
28,34,2016-06-02-20,Normal,-92.27,39.76
20,47,2016-06-02-20,Normal,-92.19,41.74
23,93,2016-06-02-20,Normal,-91.63,41.72
22,24,2016-06-02-20,Normal,-92.09,34.8
30,41,2016-06-02-20,Normal,-91.94,41.71
13,10,2016-06-02-20,Normal,-91.94,41.71
21,21,2016-06-02-20,Normal,-94.35,38.33
11,19,2016-06-02-20,Normal,-90.2,38.65
16,69,2016-06-02-20,Normal,-91.78,42.23
20,47,2016-06-02-20,Normal,-91.94,41.71
14,15,2016-06-02-20,Normal,-94.37,38.0
32,84,2016-06-02-20,Normal,-92.31,34.78
17,86,2016-06-02-20,Normal,-90.41,38.75
10,23,2016-06-02-20,Normal,-92.74,37.6
27,59,2016-06-02-20,Normal,-90.41,38.75
16,69,2016-06-02-20,Normal,-91.05,41.72
20,47,2016-06-02-20,Normal,-89.88,41.77
22,24,2016-06-02-20,Normal,-91.14,34.96
29,108,2016-06-02-20,Normal,-97.37,36.91
27,59,2016-06-02-20,Normal,-90.55,38.81
32,84,2016-06-02-20,Normal,-91.14,34.96
16,69,2016-06-02-20,Normal,-90.7,41.62
11,19,2016-06-02-20,Normal,-87.67,41.87
28,34,2016-06-02-20,Normal,-90.63,39.7
31,82,2016-06-02-20,Normal,-94.31,37.31
10,23,2016-06-02-20,Normal,-91.69,37.99
26,42,2016-06-02-20,Normal,-91.44,38.09
20,47,2016-06-02-20,Normal,-89.29,41.85
32,84,2016-06-02-20,Normal,-90.68,35.12
10,23,2016-06-02-20,Normal,-91.55,38.04
30,41,2016-06-02-20,Normal,-89.03,41.92
18,16,2016-06-02-20,Normal,-90.37,39.71
13,10,2016-06-02-20,Normal,-89.29,41.85
28,34,2016-06-02-20,Normal,-90.37,39.71
22,24,2016-06-02-20,Normal,-90.37,35.21
10,23,2016-06-02-20,Normal,-91.44,38.09
32,84,2016-06-02-20,Normal,-90.37,35.21
31,82,2016-06-02-20,Normal,-94.37,38.0
12,55,2016-06-02-20,Normal,-90.07,35.1
26,42,2016-06-02-20,Normal,-91.18,38.22
32,84,2016-06-02-20,Normal,-90.04,35.19
16,69,2016-06-02-20,Normal,-89.52,40.7
11,19,2016-06-02-20,Normal,-88.42,41.11
13,10,2016-06-02-20,Normal,-88.96,42.25
21,21,2016-06-02-20,Normal,-94.35,38.33
22,24,2016-06-02-20,Normal,-90.04,35.19
23,93,2016-06-02-20,Normal,-89.52,40.7
32,84,2016-06-02-20,Normal,-90.04,35.19
14,15,2016-06-02-20,Normal,-94.38,38.99
23,93,2016-06-02-20,Normal,-89.91,40.86
20,47,2016-06-02-20,Normal,-88.41,42.11
17,86,2016-06-02-20,Normal,-91.56,38.93
32,84,2016-06-02-20,Normal,-90.37,35.21
10,23,2016-06-02-20,Normal,-91.07,38.31
26,42,2016-06-02-20,Normal,-90.69,38.5
19,109,2016-06-02-20,Normal,-97.32,37.48
12,55,2016-06-02-20,Normal,-89.8,35.94
25,53,2016-06-02-20,Normal,-90.24,35.35
13,10,2016-06-02-20,Normal,-88.02,42.04
24,102,2016-06-02-20,Normal,-89.74,39.1
14,15,2016-06-02-20,Normal,-94.59,39.1
21,21,2016-06-02-20,Normal,-94.59,39.1
23,93,2016-06-02-20,Normal,-90.44,41.54
27,59,2016-06-02-20,Normal,-92.53,38.98
17,86,2016-06-02-20,Normal,-92.85,38.93
11,19,2016-06-02-20,Normal,-89.17,40.38
21,21,2016-06-02-20,Normal,-94.37,38.0
21,21,2016-06-02-20,Normal,-94.3,37.66
14,15,2016-06-02-20,Normal,-94.3,37.66
23,93,2016-06-02-20,Normal,-91.78,42.23
11,19,2016-06-02-20,Normal,-88.77,40.76
10,23,2016-06-02-20,Normal,-90.69,38.5
24,102,2016-06-02-20,Normal,-88.07,41.48
19,109,2016-06-02-20,Normal,-96.97,36.24
10,23,2016-06-02-20,Normal,-90.86,38.46
31,82,2016-06-02-20,Normal,-94.3,37.66
30,41,2016-06-02-20,Normal,-89.03,41.92
12,55,2016-06-02-20,Normal,-90.35,38.43
18,16,2016-06-02-20,Normal,-90.24,39.72
23,93,2016-06-02-20,Normal,-91.63,41.72
22,24,2016-06-02-20,Normal,-92.31,34.78
25,53,2016-06-02-20,Normal,-90.35,38.43
23,93,2016-06-02-20,Normal,-91.78,42.23
27,59,2016-06-02-20,Normal,-93.01,38.97
14,15,2016-06-02-20,Normal,-94.58,37.03
12,55,2016-06-02-20,Normal,-90.15,38.62
31,82,2016-06-02-20,Normal,-94.58,37.03
30,41,2016-06-02-20,Normal,-89.88,41.77
12,55,2016-06-02-20,Normal,-90.35,38.43
29,108,2016-06-02-20,Normal,-96.21,36.19
15,48,2016-06-02-20,Normal,-92.09,34.8
23,93,2016-06-02-20,Normal,-91.47,41.74
22,24,2016-06-02-20,Normal,-91.74,34.89
30,41,2016-06-02-20,Normal,-90.2,41.59
10,23,2016-06-02-20,Normal,-91.18,38.22
12,55,2016-06-02-20,Normal,-90.24,38.0
27,59,2016-06-02-20,Normal,-93.65,39.0
15,48,2016-06-02-20,Normal,-91.93,34.81
22,24,2016-06-02-20,Normal,-91.38,34.83
23,93,2016-06-02-20,Normal,-91.05,41.72
29,108,2016-06-02-20,Normal,-95.76,36.08
15,48,2016-06-02-20,Normal,-91.74,34.89
24,102,2016-06-02-20,Normal,-88.42,41.11
26,42,2016-06-02-20,Normal,-91.55,38.04
22,24,2016-06-02-20,Normal,-91.14,34.96
11,19,2016-06-02-20,Normal,-88.42,41.11
23,93,2016-06-02-20,Normal,-90.7,41.62
26,42,2016-06-02-20,Normal,-91.69,37.99
21,21,2016-06-02-20,Normal,-94.3,37.66
12,55,2016-06-02-20,Normal,-89.71,37.47
23,93,2016-06-02-20,Normal,-90.44,41.54
13,10,2016-06-02-20,Normal,-90.82,41.66
22,24,2016-06-02-20,Normal,-90.94,35.03
10,23,2016-06-02-20,Normal,-92.48,37.8
23,93,2016-06-02-20,Normal,-89.91,40.86
17,86,2016-06-02-20,Normal,-94.0,39.03
12,55,2016-06-02-20,Normal,-90.24,35.35
13,10,2016-06-02-20,Normal,-92.74,41.75
14,15,2016-06-02-20,Normal,-94.59,39.1
28,34,2016-06-02-20,Normal,-92.27,39.76
17,86,2016-06-02-20,Normal,-93.85,39.01
20,47,2016-06-02-20,Normal,-93.36,41.69
27,59,2016-06-02-20,Normal,-94.0,39.03
23,93,2016-06-02-20,Normal,-90.29,40.96
18,16,2016-06-02-20,Normal,-92.57,39.77
28,34,2016-06-02-20,Normal,-92.42,39.76
32,84,2016-06-02-20,Normal,-90.94,35.03
27,59,2016-06-02-20,Normal,-93.85,39.01
29,108,2016-06-02-20,Normal,-93.61,35.51
20,47,2016-06-02-20,Normal,-93.58,41.62
18,16,2016-06-02-20,Normal,-92.94,39.77
27,59,2016-06-02-20,Normal,-93.65,39.0
13,10,2016-06-02-20,Normal,-93.36,41.69
24,102,2016-06-02-20,Normal,-90.94,35.03
29,108,2016-06-02-20,Normal,-93.36,35.4
12,55,2016-06-02-20,Normal,-90.24,35.35
21,21,2016-06-02-20,Normal,-94.35,38.33
29,108,2016-06-02-20,Normal,-93.12,35.31
32,84,2016-06-02-20,Normal,-91.38,34.83
17,86,2016-06-02-20,Normal,-93.2,38.98
26,42,2016-06-02-20,Normal,-93.34,37.21
24,102,2016-06-02-20,Normal,-91.38,34.83
31,82,2016-06-02-20,Normal,-94.3,37.66
11,19,2016-06-02-20,Normal,-92.19,41.74
19,109,2016-06-02-20,Normal,-93.36,35.4
26,42,2016-06-02-20,Normal,-93.69,37.16
22,24,2016-06-02-20,Normal,-91.93,34.81
29,108,2016-06-02-20,Normal,-92.87,35.25
18,16,2016-06-02-20,Normal,-93.33,39.77
27,59,2016-06-02-20,Normal,-93.01,38.97
23,93,2016-06-02-20,Normal,-91.32,41.71
21,21,2016-06-02-20,Normal,-94.31,37.31
20,47,2016-06-02-20,Normal,-92.4,41.78
13,10,2016-06-02-20,Normal,-92.74,41.75
28,34,2016-06-02-20,Normal,-93.6,39.77
29,108,2016-06-02-20,Normal,-92.25,34.75
25,53,2016-06-02-20,Normal,-90.07,35.68
31,82,2016-06-02-20,Normal,-94.31,37.31
28,34,2016-06-02-20,Normal,-93.33,39.77
17,86,2016-06-02-20,Normal,-92.63,38.95
11,19,2016-06-02-20,Normal,-91.24,41.67
21,21,2016-06-02-20,Normal,-94.46,37.16
16,69,2016-06-02-20,Normal,-91.78,42.23
16,69,2016-06-02-20,Normal,-89.91,40.86
20,47,2016-06-02-20,Normal,-89.29,41.85
28,34,2016-06-02-20,Normal,-94.42,39.27
15,48,2016-06-02-20,Normal,-90.37,35.21
24,102,2016-06-02-20,Normal,-90.37,35.21
28,34,2016-06-02-20,Normal,-94.36,39.37
32,84,2016-06-02-20,Normal,-90.04,35.19
11,19,2016-06-02-20,Normal,-87.66,41.89
21,21,2016-06-02-20,Normal,-88.07,41.48
10,23,2016-06-02-20,Normal,-95.76,36.18
30,41,2016-06-02-20,Normal,-88.96,42.25
13,10,2016-06-02-20,Normal,-88.96,42.25
29,108,2016-06-02-20,Normal,-95.15,35.51
17,86,2016-06-02-20,Normal,-90.41,38.75
32,84,2016-06-02-20,Normal,-89.91,40.86
30,41,2016-06-02-20,Normal,-88.64,42.21
30,41,2016-06-02-20,Normal,-88.41,42.11
21,21,2016-06-02-20,Normal,-88.42,41.11
17,86,2016-06-02-20,Normal,-90.21,38.65
16,69,2016-06-02-20,Normal,-89.91,40.86
11,19,2016-06-02-20,Normal,-88.02,42.04
10,23,2016-06-02-20,Normal,-95.5,36.37
23,93,2016-06-02-20,Normal,-90.24,38.0
30,41,2016-06-02-20,Normal,-88.02,42.04
29,108,2016-06-02-20,Normal,-96.44,36.23
20,47,2016-06-02-20,Normal,-88.41,42.11
32,84,2016-06-02-20,Normal,-91.63,41.72
16,69,2016-06-02-20,Normal,-91.47,41.74
24,102,2016-06-02-20,Normal,-91.93,34.81
27,59,2016-06-02-20,Normal,-90.79,38.83
28,34,2016-06-02-20,Normal,-92.94,39.77
13,10,2016-06-02-20,Normal,-88.41,42.11
19,109,2016-06-02-20,Normal,-96.44,36.23
31,82,2016-06-02-20,Normal,-89.63,39.84
15,48,2016-06-02-20,Normal,-91.78,42.23
28,34,2016-06-02-20,Normal,-92.74,39.76
28,34,2016-06-02-20,Normal,-92.57,39.77
12,55,2016-06-02-20,Normal,-89.8,35.94
31,82,2016-06-02-20,Normal,-88.77,40.76
30,41,2016-06-02-20,Normal,-88.96,42.25
32,84,2016-06-02-20,Normal,-91.63,41.72
17,86,2016-06-02-20,Normal,-91.1,38.83
10,23,2016-06-02-20,Normal,-93.69,37.16
32,84,2016-06-02-20,Normal,-91.78,42.23
24,102,2016-06-02-20,Normal,-92.31,34.78
18,16,2016-06-02-20,Normal,-92.27,39.76
30,41,2016-06-02-20,Normal,-89.29,41.85
15,48,2016-06-02-20,Normal,-91.63,41.72
29,108,2016-06-02-20,Normal,-97.35,36.4
28,34,2016-06-02-20,Normal,-91.36,39.76
11,19,2016-06-02-20,Normal,-92.4,41.78
17,86,2016-06-02-20,Normal,-92.38,38.98
10,23,2016-06-02-20,Normal,-92.74,37.6
22,24,2016-06-02-20,Normal,-90.68,35.12
21,21,2016-06-02-20,Normal,-88.42,41.11
23,93,2016-06-02-20,Normal,-89.54,36.84
18,16,2016-06-02-20,Normal,-90.79,39.69
25,53,2016-06-02-20,Normal,-90.24,38.0
15,48,2016-06-02-20,Normal,-90.29,40.96
24,102,2016-06-02-20,Normal,-90.68,35.12
16,69,2016-06-02-20,Normal,-90.29,40.96
18,16,2016-06-02-20,Normal,-90.63,39.7
14,15,2016-06-02-20,Normal,-91.63,41.72
23,93,2016-06-02-20,Normal,-89.71,37.47
12,55,2016-06-02-20,Normal,-90.15,38.62
25,53,2016-06-02-20,Normal,-90.15,38.62
27,59,2016-06-02-20,Normal,-92.63,38.95
28,34,2016-06-02-20,Normal,-90.97,39.72
27,59,2016-06-02-20,Normal,-92.53,38.98
18,16,2016-06-02-20,Normal,-90.52,39.71
24,102,2016-06-02-20,Normal,-90.04,35.19
32,84,2016-06-02-20,Normal,-89.52,40.7
18,16,2016-06-02-20,Normal,-90.37,39.71
16,69,2016-06-02-20,Normal,-89.52,40.7
20,47,2016-06-02-20,Normal,-91.24,41.67
11,27,2016-06-02-20,Normal,-90.2,38.65
19,109,2016-06-02-20,Normal,-95.99,36.17
14,18,2016-06-02-20,Normal,-94.58,37.03
29,108,2016-06-02-20,Normal,-95.76,36.08
24,68,2016-06-02-20,Normal,-90.2,38.65
13,12,2016-06-02-20,Normal,-93.58,41.62
26,17,2016-06-02-20,Normal,-90.18,38.64
19,100,2016-06-02-20,Normal,-97.32,37.48
29,16,2016-06-02-20,Normal,-97.32,37.48
28,58,2016-06-02-20,Normal,-89.78,39.77
21,105,2016-06-02-20,Normal,-94.46,37.16
23,66,2016-06-02-20,Normal,-89.91,40.86
11,27,2016-06-02-20,Normal,-89.74,39.1
19,100,2016-06-02-20,Normal,-97.32,37.27
20,79,2016-06-02-20,Normal,-93.04,41.71
29,16,2016-06-02-20,Normal,-97.32,37.27
25,21,2016-06-02-20,Normal,-90.24,38.0
14,18,2016-06-02-20,Normal,-94.3,37.66
18,49,2016-06-02-20,Normal,-90.14,39.76
22,24,2016-06-02-20,Normal,-90.68,35.12
31,48,2016-06-02-20,Normal,-94.31,37.31
10,39,2016-06-02-20,Normal,-90.69,38.5
32,71,2016-06-02-20,Normal,-90.94,35.03
15,32,2016-06-02-20,Normal,-90.94,35.03
19,100,2016-06-02-20,Normal,-97.37,36.91
25,21,2016-06-02-20,Normal,-89.71,37.47
11,27,2016-06-02-20,Normal,-88.77,40.76
16,46,2016-06-02-20,Normal,-90.7,41.62
18,49,2016-06-02-20,Normal,-90.24,39.72
15,32,2016-06-02-20,Normal,-91.14,34.96
16,46,2016-06-02-20,Normal,-91.05,41.72
24,68,2016-06-02-20,Normal,-88.42,41.11
19,100,2016-06-02-20,Normal,-97.34,36.63
27,81,2016-06-02-20,Normal,-90.79,38.83
30,95,2016-06-02-20,Normal,-91.94,41.71
29,16,2016-06-02-20,Normal,-97.37,36.79
24,68,2016-06-02-20,Normal,-88.07,41.48
31,48,2016-06-02-20,Normal,-94.35,38.33
17,92,2016-06-02-20,Normal,-91.1,38.83
17,92,2016-06-02-20,Normal,-90.93,38.82
10,39,2016-06-02-20,Normal,-91.18,38.22
23,66,2016-06-02-20,Normal,-91.47,41.74
29,16,2016-06-02-20,Normal,-97.35,36.4
27,81,2016-06-02-20,Normal,-91.1,38.83
15,32,2016-06-02-20,Normal,-91.74,34.89
16,46,2016-06-02-20,Normal,-91.47,41.74
16,46,2016-06-02-20,Normal,-91.63,41.72
12,74,2016-06-02-20,Normal,-89.65,36.37
22,24,2016-06-02-20,Normal,-92.09,34.8
10,39,2016-06-02-20,Normal,-91.44,38.09
10,39,2016-06-02-20,Normal,-92.08,37.81
25,21,2016-06-02-20,Normal,-90.24,35.35
16,46,2016-06-02-20,Normal,-91.32,41.71
31,48,2016-06-02-20,Normal,-94.37,38.0
26,17,2016-06-02-20,Normal,-92.31,37.81
21,105,2016-06-02-20,Normal,-94.3,37.66
15,32,2016-06-02-20,Normal,-91.74,34.89
16,46,2016-06-02-20,Normal,-91.05,41.72
31,48,2016-06-02-20,Normal,-94.3,37.66
25,21,2016-06-02-20,Normal,-90.07,35.68
17,92,2016-06-02-20,Normal,-92.53,38.98
25,21,2016-06-02-20,Normal,-89.8,35.94
14,18,2016-06-02-20,Normal,-94.3,37.66
13,12,2016-06-02-20,Normal,-89.03,41.92
31,48,2016-06-02-20,Normal,-94.31,37.31
29,16,2016-06-02-20,Normal,-95.56,35.97
15,32,2016-06-02-20,Normal,-91.14,34.96
24,68,2016-06-02-20,Normal,-90.2,38.65
28,58,2016-06-02-20,Normal,-92.07,39.71
20,79,2016-06-02-20,Normal,-88.96,42.25
16,46,2016-06-02-20,Normal,-90.44,41.54
32,71,2016-06-02-20,Normal,-90.94,35.03
22,24,2016-06-02-20,Normal,-90.94,35.03
21,105,2016-06-02-20,Normal,-94.58,37.03
19,100,2016-06-02-20,Normal,-95.3,35.64
11,27,2016-06-02-20,Normal,-89.74,39.1
18,49,2016-06-02-20,Normal,-92.42,39.76
14,18,2016-06-02-20,Normal,-94.58,37.03
32,71,2016-06-02-20,Normal,-90.68,35.12
27,81,2016-06-02-20,Normal,-93.01,38.97
10,39,2016-06-02-20,Normal,-92.89,37.51
22,24,2016-06-02-20,Normal,-90.37,35.21
11,27,2016-06-02-20,Normal,-89.63,39.84
14,18,2016-06-02-20,Normal,-94.58,37.03
26,17,2016-06-02-20,Normal,-92.99,37.34
10,39,2016-06-02-20,Normal,-92.99,37.34
25,21,2016-06-02-20,Normal,-89.71,37.47
20,79,2016-06-02-20,Normal,-88.02,42.04
17,92,2016-06-02-20,Normal,-93.45,38.99
21,105,2016-06-02-20,Normal,-94.31,37.31
29,16,2016-06-02-20,Normal,-94.88,35.47
24,68,2016-06-02-20,Normal,-88.77,40.76
28,58,2016-06-02-20,Normal,-92.74,39.76
19,100,2016-06-02-20,Normal,-94.57,35.37
17,92,2016-06-02-20,Normal,-93.65,39.0
19,100,2016-06-02-20,Normal,-94.22,35.5
29,16,2016-06-02-20,Normal,-94.57,35.37
28,58,2016-06-02-20,Normal,-92.94,39.77
22,24,2016-06-02-20,Normal,-90.37,35.21
27,81,2016-06-02-20,Normal,-94.44,39.1
24,68,2016-06-02-20,Normal,-88.42,41.11
11,27,2016-06-02-20,Normal,-88.42,41.11
13,12,2016-06-02-20,Normal,-89.29,41.85
31,48,2016-06-02-20,Normal,-94.59,39.1
21,105,2016-06-02-20,Normal,-94.59,39.1
22,24,2016-06-02-20,Normal,-91.93,34.81
18,49,2016-06-02-20,Normal,-94.25,39.73
32,71,2016-06-02-20,Normal,-91.74,34.89
12,74,2016-06-02-20,Normal,-90.24,38.0
18,49,2016-06-02-20,Normal,-94.24,39.63
19,100,2016-06-02-20,Normal,-92.25,34.92
12,74,2016-06-02-20,Normal,-90.0,37.72
16,46,2016-06-02-20,Normal,-91.47,41.74
20,79,2016-06-02-20,Normal,-89.6,41.76
21,105,2016-06-02-20,Normal,-94.38,38.99
22,24,2016-06-02-20,Normal,-92.09,34.8
19,100,2016-06-02-20,Normal,-92.25,34.75
12,74,2016-06-02-20,Normal,-89.71,37.47
31,48,2016-06-02-20,Normal,-94.38,38.67
25,21,2016-06-02-20,Normal,-89.56,37.2
14,18,2016-06-02-20,Normal,-94.38,38.67
24,68,2016-06-02-20,Normal,-89.63,39.84
21,105,2016-06-02-20,Normal,-94.35,38.33
16,46,2016-06-02-20,Normal,-91.78,42.23
12,74,2016-06-02-20,Normal,-89.56,37.2
22,24,2016-06-02-20,Normal,-92.31,34.78
14,18,2016-06-02-20,Normal,-94.35,38.33
15,32,2016-06-02-20,Normal,-92.31,34.78
31,48,2016-06-02-20,Normal,-94.37,38.0
24,68,2016-06-02-20,Normal,-90.2,38.65
27,81,2016-06-02-20,Normal,-93.85,39.01
28,58,2016-06-02-20,Normal,-94.57,39.15
16,46,2016-06-02-20,Normal,-91.63,41.72
17,92,2016-06-02-20,Normal,-93.65,39.0
20,79,2016-06-02-20,Normal,-90.82,41.66
19,100,2016-06-02-20,Normal,-92.53,35.15
32,71,2016-06-02-20,Normal,-91.93,34.81
30,95,2016-06-02-20,Normal,-90.82,41.66
28,58,2016-06-02-20,Normal,-94.57,39.15
27,81,2016-06-02-20,Normal,-93.45,38.99
10,39,2016-06-02-20,Normal,-95.99,36.17
23,66,2016-06-02-20,Normal,-91.32,41.71
18,49,2016-06-02-20,Normal,-94.42,39.27
32,71,2016-06-02-20,Normal,-91.74,34.89
17,92,2016-06-02-20,Normal,-93.2,38.98
32,71,2016-06-02-20,Normal,-91.38,34.83
19,100,2016-06-02-20,Normal,-93.12,35.31
11,27,2016-06-02-20,Normal,-89.63,39.84
18,49,2016-06-02-20,Normal,-94.36,39.37
12,74,2016-06-02-20,Normal,-90.07,35.68
20,79,2016-06-02-20,Normal,-93.04,41.71
13,12,2016-06-02-20,Normal,-93.04,41.71
27,81,2016-06-02-20,Normal,-92.22,38.96
30,95,2016-06-02-20,Normal,-92.74,41.75
15,32,2016-06-02-20,Normal,-90.04,35.19
13,12,2016-06-02-20,Normal,-93.36,41.69
17,92,2016-06-02-20,Normal,-92.22,38.96
21,105,2016-06-02-20,Normal,-94.37,38.0
10,39,2016-06-02-20,Normal,-95.01,36.73
27,81,2016-06-02-20,Normal,-92.03,38.97
15,32,2016-06-02-20,Normal,-90.04,35.19
17,92,2016-06-02-20,Normal,-92.03,38.97
20,79,2016-06-02-20,Normal,-93.58,41.62
10,39,2016-06-02-20,Normal,-94.83,36.84
31,48,2016-06-02-20,Normal,-94.38,38.67
29,16,2016-06-02-20,Normal,-95.3,35.64
22,24,2016-06-02-20,Normal,-90.37,35.21
20,79,2016-06-02-20,Normal,-93.58,41.62
28,58,2016-06-02-20,Normal,-93.13,39.78
17,92,2016-06-02-20,Normal,-91.74,38.94
22,24,2016-06-02-20,Normal,-90.68,35.12
20,79,2016-06-02-20,Normal,-93.36,41.69
10,39,2016-06-02-20,Normal,-94.54,37.02
14,18,2016-06-02-20,Normal,-94.38,38.99
23,66,2016-06-02-20,Normal,-90.44,41.54
10,39,2016-06-02-20,Normal,-94.23,37.09
12,74,2016-06-02-20,Normal,-89.56,37.2
32,71,2016-06-02-20,Normal,-91.14,34.96
20,79,2016-06-02-20,Normal,-93.04,41.71
15,32,2016-06-02-20,Normal,-90.94,35.03
10,39,2016-06-02-20,Normal,-93.96,37.08
22,24,2016-06-02-20,Normal,-91.14,34.96
13,12,2016-06-02-20,Normal,-92.74,41.75
28,58,2016-06-02-20,Normal,-92.57,39.77
12,74,2016-06-02-20,Normal,-89.71,37.47
29,16,2016-06-02-20,Normal,-95.76,36.08
17,92,2016-06-02-20,Normal,-91.19,38.83
32,71,2016-06-02-20,Normal,-91.74,34.89
20,79,2016-06-02-20,Normal,-92.4,41.78
31,48,2016-06-02-20,Normal,-94.38,38.67
30,95,2016-06-02-20,Normal,-93.04,41.71
27,81,2016-06-02-20,Normal,-91.1,38.83
32,71,2016-06-02-20,Normal,-91.93,34.81
24,68,2016-06-02-20,Normal,-89.74,39.1
18,49,2016-06-02-20,Normal,-92.42,39.76
13,12,2016-06-02-20,Normal,-92.19,41.74
27,81,2016-06-02-20,Normal,-90.93,38.82
15,32,2016-06-02-20,Normal,-91.74,34.89
30,95,2016-06-02-20,Normal,-92.4,41.78
17,92,2016-06-02-20,Normal,-90.79,38.83
26,17,2016-06-02-20,Normal,-92.89,37.51
25,21,2016-06-02-20,Normal,-90.15,38.62
32,71,2016-06-02-20,Normal,-92.09,34.8
12,74,2016-06-02-20,Normal,-90.15,38.62
18,49,2016-06-02-20,Normal,-92.07,39.71
24,68,2016-06-02-20,Normal,-89.74,39.1
14,18,2016-06-02-20,Normal,-94.37,38.0
22,24,2016-06-02-20,Normal,-92.09,34.8
18,49,2016-06-02-20,Normal,-91.8,39.67
29,16,2016-06-02-20,Normal,-96.97,36.24
25,21,2016-06-02-20,Normal,-90.24,38.0
30,95,2016-06-02-20,Normal,-91.94,41.71
10,39,2016-06-02-20,Normal,-92.89,37.51
30,95,2016-06-02-20,Normal,-91.59,41.7
29,16,2016-06-02-20,Normal,-97.14,36.41
11,27,2016-06-02-20,Normal,-89.63,39.84
18,49,2016-06-02-20,Normal,-91.59,39.68
22,24,2016-06-02-20,Normal,-92.31,34.78
16,46,2016-06-02-20,Normal,-91.78,42.23
23,66,2016-06-02-20,Normal,-91.63,41.72
32,71,2016-06-02-20,Normal,-92.09,34.8
30,95,2016-06-02-20,Normal,-91.24,41.67
11,27,2016-06-02-20,Normal,-89.17,40.38
14,18,2016-06-02-20,Normal,-94.46,37.16
25,21,2016-06-02-20,Normal,-89.71,37.47
21,105,2016-06-02-20,Normal,-94.46,37.16
28,58,2016-06-02-20,Normal,-91.2,39.75
10,39,2016-06-02-20,Normal,-92.48,37.8
20,79,2016-06-02-20,Normal,-90.2,41.59
13,12,2016-06-02-20,Normal,-90.64,41.56
17,92,2016-06-02-20,Normal,-90.21,38.65
28,58,2016-06-02-20,Normal,-90.97,39.72
23,66,2016-06-02-20,Normal,-91.32,41.71
12,74,2016-06-02-20,Normal,-89.71,37.47
16,46,2016-06-02-20,Normal,-91.32,41.71
20,79,2016-06-02-20,Normal,-89.88,41.77
24,68,2016-06-02-20,Normal,-88.07,41.48
10,39,2016-06-02-20,Normal,-92.31,37.81
12,74,2016-06-02-20,Normal,-89.56,37.2
24,68,2016-06-02-20,Normal,-87.67,41.87
22,24,2016-06-02-20,Normal,-91.38,34.83
23,66,2016-06-02-20,Normal,-90.7,41.62
29,16,2016-06-02-20,Normal,-97.32,37.15
26,17,2016-06-02-20,Normal,-91.69,37.99
17,92,2016-06-02-20,Normal,-90.67,38.82
27,81,2016-06-02-20,Normal,-90.67,38.82
14,18,2016-06-02-20,Normal,-94.31,37.31
10,39,2016-06-02-20,Normal,-91.99,37.94
32,71,2016-06-02-20,Normal,-90.94,35.03
12,74,2016-06-02-20,Normal,-90.0,37.72
31,48,2016-06-02-20,Normal,-94.46,37.16
25,21,2016-06-02-20,Normal,-90.35,38.43
21,105,2016-06-02-20,Normal,-94.46,37.16
16,46,2016-06-02-20,Normal,-91.78,42.23
25,21,2016-06-02-20,Normal,-90.15,38.62
11,27,2016-06-02-20,Normal,-88.07,41.48
18,49,2016-06-02-20,Normal,-90.37,39.71
32,71,2016-06-02-20,Normal,-92.09,34.8
10,39,2016-06-02-20,Normal,-90.69,38.5
14,18,2016-06-02-20,Normal,-94.58,37.03
12,74,2016-06-02-20,Normal,-90.35,38.43
32,71,2016-06-02-20,Normal,-91.93,34.81
31,48,2016-06-02-20,Normal,-94.58,37.03
14,18,2016-06-02-20,Normal,-94.58,37.03
29,16,2016-06-02-20,Normal,-95.99,36.17
18,49,2016-06-02-20,Normal,-90.63,39.7
22,24,2016-06-02-20,Normal,-91.93,34.81
25,21,2016-06-02-20,Normal,-90.35,38.43
20,79,2016-06-02-20,Normal,-90.2,41.59
19,100,2016-06-02-20,Normal,-95.99,36.17
14,18,2016-06-02-20,Normal,-94.46,37.16
18,49,2016-06-02-20,Normal,-90.79,39.69
20,79,2016-06-02-20,Normal,-90.64,41.56
17,92,2016-06-02-20,Normal,-94.0,39.03
22,24,2016-06-02-20,Normal,-91.74,34.89
23,66,2016-06-02-20,Normal,-91.05,41.72
13,12,2016-06-02-20,Normal,-90.82,41.66
28,58,2016-06-02-20,Normal,-90.97,39.72
30,95,2016-06-02-20,Normal,-90.64,41.56
29,16,2016-06-02-20,Normal,-95.42,35.87
20,79,2016-06-02-20,Normal,-90.82,41.66
31,48,2016-06-02-20,Normal,-94.3,37.66
26,17,2016-06-02-20,Normal,-91.55,38.04
24,68,2016-06-02-20,Normal,-89.17,40.38
22,24,2016-06-02-20,Normal,-91.14,34.96
28,58,2016-06-02-20,Normal,-91.2,39.75
23,66,2016-06-02-20,Normal,-90.44,41.54
26,17,2016-06-02-20,Normal,-91.69,37.99
24,68,2016-06-02-20,Normal,-89.63,39.84
29,16,2016-06-02-20,Normal,-95.3,35.64
13,12,2016-06-02-20,Normal,-91.94,41.71
30,95,2016-06-02-20,Normal,-91.59,41.7
22,24,2016-06-02-20,Normal,-90.68,35.12
12,74,2016-06-02-20,Normal,-90.0,37.72
22,24,2016-06-02-20,Normal,-90.94,35.03
26,17,2016-06-02-20,Normal,-91.99,37.94
25,21,2016-06-02-20,Normal,-89.54,36.84
20,79,2016-06-02-20,Normal,-91.94,41.71
19,100,2016-06-02-20,Normal,-95.15,35.51
30,95,2016-06-02-20,Normal,-91.94,41.71
26,17,2016-06-02-20,Normal,-92.08,37.81
21,105,2016-06-02-20,Normal,-94.38,38.99
16,46,2016-06-02-20,Normal,-89.91,40.86
24,68,2016-06-02-20,Normal,-90.2,38.65
20,79,2016-06-02-20,Normal,-92.4,41.78
13,12,2016-06-02-20,Normal,-92.4,41.78
25,21,2016-06-02-20,Normal,-89.65,36.37
27,81,2016-06-02-20,Normal,-94.31,39.04
21,105,2016-06-02-20,Normal,-94.59,39.1
32,71,2016-06-02-20,Normal,-90.04,35.19
30,95,2016-06-02-20,Normal,-92.4,41.78
31,48,2016-06-02-20,Normal,-94.59,39.1
26,17,2016-06-02-20,Normal,-92.48,37.8
28,58,2016-06-02-20,Normal,-92.27,39.76
20,79,2016-06-02-20,Normal,-92.74,41.75
22,24,2016-06-02-20,Normal,-90.04,35.19
26,17,2016-06-02-20,Normal,-92.61,37.7
13,12,2016-06-02-20,Normal,-93.36,41.69
10,39,2016-06-02-20,Normal,-92.48,37.8
14,18,2016-06-02-20,Normal,-94.38,38.99
23,66,2016-06-02-20,Normal,-90.29,40.96
15,32,2016-06-02-20,Normal,-90.04,35.19
16,46,2016-06-02-20,Normal,-89.91,40.86
24,68,2016-06-02-20,Normal,-92.74,41.75
25,21,2016-06-02-20,Normal,-89.8,35.94
27,81,2016-06-02-20,Normal,-92.85,38.93
18,49,2016-06-02-20,Normal,-93.6,39.77
15,32,2016-06-02-20,Normal,-91.74,34.89
12,74,2016-06-02-20,Normal,-90.07,35.68
19,100,2016-06-02-20,Normal,-92.25,34.92
23,66,2016-06-02-20,Normal,-91.63,41.72
12,74,2016-06-02-20,Normal,-89.8,35.94
18,49,2016-06-02-20,Normal,-93.93,39.76
29,16,2016-06-02-20,Normal,-92.25,34.75
29,16,2016-06-02-20,Normal,-92.25,34.75
32,71,2016-06-02-20,Normal,-92.09,34.8
23,66,2016-06-02-20,Normal,-91.78,42.23
17,92,2016-06-02-20,Normal,-92.38,38.98
23,66,2016-06-02-20,Normal,-91.78,42.23
32,71,2016-06-02-20,Normal,-92.31,34.78
10,39,2016-06-02-20,Normal,-93.96,37.08
15,32,2016-06-02-20,Normal,-92.31,34.78
20,79,2016-06-02-20,Normal,-92.19,41.74
32,71,2016-06-02-20,Normal,-92.31,34.78
20,79,2016-06-02-20,Normal,-91.94,41.71
31,48,2016-06-02-20,Normal,-89.91,40.86
17,92,2016-06-02-20,Normal,-92.22,38.96
22,24,2016-06-02-20,Normal,-92.31,34.78
26,17,2016-06-02-20,Normal,-94.83,36.84
32,71,2016-06-02-20,Normal,-92.09,34.8
16,46,2016-06-02-20,Normal,-91.63,41.72
27,81,2016-06-02-20,Normal,-92.22,38.96
28,58,2016-06-02-20,Normal,-94.24,39.63
13,12,2016-06-02-20,Normal,-90.82,41.66
18,49,2016-06-02-20,Normal,-94.28,39.53
23,66,2016-06-02-20,Normal,-91.32,41.71
21,105,2016-06-02-20,Normal,-89.63,39.84
27,81,2016-06-02-20,Normal,-92.03,38.97
30,95,2016-06-02-20,Normal,-91.24,41.67
27,81,2016-06-02-20,Normal,-91.74,38.94
31,48,2016-06-02-20,Normal,-90.44,41.54
19,100,2016-06-02-20,Normal,-92.87,35.25
10,39,2016-06-02-20,Normal,-95.01,36.73
14,18,2016-06-02-20,Normal,-90.7,41.62
32,71,2016-06-02-20,Normal,-91.38,34.83
13,12,2016-06-02-20,Normal,-89.88,41.77
17,92,2016-06-02-20,Normal,-91.19,38.83
24,68,2016-06-02-20,Normal,-89.29,41.85
11,27,2016-06-02-20,Normal,-91.47,41.74
29,16,2016-06-02-20,Normal,-93.36,35.4
16,46,2016-06-02-20,Normal,-91.05,41.72
19,100,2016-06-02-20,Normal,-93.36,35.4
16,46,2016-06-02-20,Normal,-90.7,41.62
24,68,2016-06-02-20,Normal,-88.96,42.25
19,100,2016-06-02-20,Normal,-95.15,35.51
11,27,2016-06-02-20,Normal,-89.52,40.7
24,68,2016-06-02-20,Normal,-88.02,42.04
32,71,2016-06-02-20,Normal,-89.91,40.86
28,58,2016-06-02-20,Normal,-94.25,39.73
17,92,2016-06-02-20,Normal,-90.41,38.75
13,12,2016-06-02-20,Normal,-88.02,42.04
27,81,2016-06-02-20,Normal,-90.41,38.75
21,105,2016-06-02-20,Normal,-89.17,40.38
24,68,2016-06-02-20,Normal,-88.41,42.11
17,92,2016-06-02-20,Normal,-90.21,38.65
19,100,2016-06-02-20,Normal,-95.42,35.87
18,49,2016-06-02-20,Normal,-93.6,39.77
25,21,2016-06-02-20,Normal,-89.65,36.37
31,48,2016-06-02-20,Normal,-91.32,41.71
26,17,2016-06-02-20,Normal,-95.14,36.66
30,95,2016-06-02-20,Normal,-88.41,42.11
27,81,2016-06-02-20,Normal,-90.21,38.65
27,81,2016-06-02-20,Normal,-90.21,38.65
31,48,2016-06-02-20,Normal,-91.05,41.72
17,92,2016-06-02-20,Normal,-90.41,38.75
13,12,2016-06-02-20,Normal,-88.02,42.04
20,79,2016-06-02-20,Normal,-87.66,41.89
25,21,2016-06-02-20,Normal,-90.07,35.68
26,17,2016-06-02-20,Normal,-95.01,36.73
27,81,2016-06-02-20,Normal,-90.93,38.82
22,24,2016-06-02-20,Normal,-94.59,39.1
17,92,2016-06-02-20,Normal,-91.1,38.83
31,48,2016-06-02-20,Normal,-89.52,40.7
24,68,2016-06-02-20,Normal,-90.64,41.56
25,21,2016-06-02-20,Normal,-89.8,35.94
10,39,2016-06-02-20,Normal,-93.96,37.08
15,32,2016-06-02-20,Normal,-90.24,35.35
31,48,2016-06-02-20,Normal,-89.91,40.86
29,16,2016-06-02-20,Normal,-97.35,36.4
12,74,2016-06-02-20,Normal,-90.07,35.68
28,58,2016-06-02-20,Normal,-92.27,39.76
10,39,2016-06-02-20,Normal,-93.69,37.16
28,58,2016-06-02-20,Normal,-92.07,39.71
21,105,2016-06-02-20,Normal,-88.07,41.48
20,79,2016-06-02-20,Normal,-89.88,41.77
17,92,2016-06-02-20,Normal,-91.56,38.93
30,95,2016-06-02-20,Normal,-89.03,41.92
25,21,2016-06-02-20,Normal,-89.56,37.2
26,17,2016-06-02-20,Normal,-93.14,37.26
24,68,2016-06-02-20,Normal,-91.24,41.67
22,24,2016-06-02-20,Normal,-94.35,38.33
29,16,2016-06-02-20,Normal,-97.37,36.79
27,81,2016-06-02-20,Normal,-91.56,38.93
22,24,2016-06-02-20,Normal,-94.37,38.0
28,58,2016-06-02-20,Normal,-90.79,39.69
14,18,2016-06-02-20,Normal,-91.63,41.72
31,48,2016-06-02-20,Normal,-91.78,42.23
13,12,2016-06-02-20,Normal,-92.19,41.74
14,18,2016-06-02-20,Normal,-91.78,42.23
21,105,2016-06-02-20,Normal,-89.63,39.84
30,95,2016-06-02-20,Normal,-91.59,41.7
18,49,2016-06-02-20,Normal,-90.52,39.71
22,24,2016-06-02-20,Normal,-94.31,37.31
25,21,2016-06-02-20,Normal,-93.36,41.69
17,92,2016-06-02-20,Normal,-93.01,38.97
20,79,2016-06-02-20,Normal,-92.74,41.75
32,71,2016-06-02-20,Normal,-90.29,40.96
30,95,2016-06-02-20,Normal,-92.19,41.74
22,24,2016-06-02-20,Normal,-94.46,37.16
23,66,2016-06-02-20,Normal,-90.94,35.03
20,79,2016-06-02-20,Normal,-92.19,41.74
13,12,2016-06-02-20,Normal,-92.4,41.78
26,17,2016-06-02-20,Normal,-91.99,37.94
11,27,2016-06-02-20,Normal,-89.52,40.7
13,12,2016-06-02-20,Normal,-92.74,41.75
22,24,2016-06-02-20,Normal,-94.3,37.66
24,68,2016-06-02-20,Normal,-93.58,41.62
12,74,2016-06-02-20,Normal,-89.74,39.1
21,105,2016-06-02-20,Normal,-90.2,38.65
16,46,2016-06-02-20,Normal,-90.35,38.43
28,58,2016-06-02-20,Normal,-90.24,39.72
23,66,2016-06-02-20,Normal,-91.14,34.96
19,100,2016-06-02-20,Normal,-97.32,37.15
25,21,2016-06-02-20,Normal,-92.4,41.78
13,12,2016-06-02-20,Normal,-93.36,41.69
14,18,2016-06-02-20,Normal,-91.05,41.72
31,48,2016-06-02-20,Normal,-91.05,41.72
23,66,2016-06-02-20,Normal,-91.38,34.83
18,49,2016-06-02-20,Normal,-89.96,39.74
21,105,2016-06-02-20,Normal,-89.63,39.84
15,32,2016-06-02-20,Normal,-90.15,38.62
15,32,2016-06-02-20,Normal,-90.15,38.62
31,48,2016-06-02-20,Normal,-90.7,41.62
25,21,2016-06-02-20,Normal,-92.19,41.74
29,16,2016-06-02-20,Normal,-97.34,36.63
18,49,2016-06-02-20,Normal,-89.66,39.78
14,18,2016-06-02-20,Normal,-90.7,41.62
22,24,2016-06-02-20,Normal,-94.59,39.1
25,21,2016-06-02-20,Normal,-91.94,41.71
32,71,2016-06-02-20,Normal,-91.32,41.71
20,79,2016-06-02-20,Normal,-93.36,41.69
24,68,2016-06-02-20,Normal,-92.19,41.74
21,105,2016-06-02-20,Normal,-88.77,40.76
27,81,2016-06-02-20,Normal,-94.0,39.03
10,39,2016-06-02-20,Normal,-91.18,38.22
22,24,2016-06-02-20,Normal,-94.59,39.1
29,16,2016-06-02-20,Normal,-97.14,36.41
23,66,2016-06-02-20,Normal,-92.09,34.8
24,68,2016-06-02-20,Normal,-91.94,41.71
19,100,2016-06-02-20,Normal,-97.14,36.41
28,58,2016-06-02-20,Normal,-89.66,39.78
12,74,2016-06-02-20,Normal,-87.67,41.87
24,68,2016-06-02-20,Normal,-91.59,41.7
27,81,2016-06-02-20,Normal,-94.31,39.04
32,71,2016-06-02-20,Normal,-91.78,42.23
19,100,2016-06-02-20,Normal,-96.97,36.24
23,66,2016-06-02-20,Normal,-92.31,34.78
30,95,2016-06-02-20,Normal,-93.36,41.69
32,71,2016-06-02-20,Normal,-91.78,42.23
12,74,2016-06-02-20,Normal,-88.07,41.48
24,68,2016-06-02-20,Normal,-91.24,41.67
19,100,2016-06-02-20,Normal,-96.68,36.2
28,58,2016-06-02-20,Normal,-89.96,39.74
16,46,2016-06-02-20,Normal,-89.54,36.84
24,68,2016-06-02-20,Normal,-90.82,41.66
21,105,2016-06-02-20,Normal,-87.67,41.87
15,32,2016-06-02-20,Normal,-89.54,36.84
11,27,2016-06-02-20,Normal,-91.78,42.23
14,18,2016-06-02-20,Normal,-89.91,40.86
23,66,2016-06-02-20,Normal,-91.93,34.81
28,58,2016-06-02-20,Normal,-90.24,39.72
25,21,2016-06-02-20,Normal,-89.88,41.77
18,49,2016-06-02-20,Normal,-90.24,39.72
11,27,2016-06-02-20,Normal,-91.78,42.23
27,81,2016-06-02-20,Normal,-94.16,39.04
19,100,2016-06-02-20,Normal,-96.21,36.19
18,49,2016-06-02-20,Normal,-90.37,39.71
28,58,2016-06-02-20,Normal,-90.24,39.72
26,17,2016-06-02-20,Normal,-90.34,38.58
24,68,2016-06-02-20,Normal,-89.88,41.77
31,48,2016-06-02-20,Normal,-90.7,41.62
23,66,2016-06-02-20,Normal,-91.38,34.83
29,16,2016-06-02-20,Normal,-95.76,36.08
30,95,2016-06-02-20,Normal,-91.94,41.71
11,27,2016-06-02-20,Normal,-91.47,41.74
20,79,2016-06-02-20,Normal,-90.82,41.66
11,27,2016-06-02-20,Normal,-91.32,41.71
23,66,2016-06-02-20,Normal,-91.14,34.96
24,68,2016-06-02-20,Normal,-89.29,41.85
31,48,2016-06-02-20,Normal,-91.32,41.71
26,17,2016-06-02-20,Normal,-90.69,38.5
30,95,2016-06-02-20,Normal,-91.59,41.7
20,79,2016-06-02-20,Normal,-90.64,41.56
14,18,2016-06-02-20,Normal,-91.05,41.72
31,48,2016-06-02-20,Normal,-90.7,41.62
30,95,2016-06-02-20,Normal,-88.64,42.21
27,81,2016-06-02-20,Normal,-92.03,38.97
13,12,2016-06-02-20,Normal,-87.66,41.89
16,46,2016-06-02-20,Normal,-90.24,38.0
24,68,2016-06-02-20,Normal,-88.64,42.21
17,92,2016-06-02-20,Normal,-91.74,38.94
29,16,2016-06-02-20,Normal,-92.87,35.25
22,24,2016-06-02-20,Normal,-94.59,39.1
17,92,2016-06-02-20,Normal,-91.56,38.93
28,58,2016-06-02-20,Normal,-92.57,39.77
15,32,2016-06-02-20,Normal,-90.24,38.0
21,105,2016-06-02-20,Normal,-87.67,41.87
15,32,2016-06-02-20,Normal,-90.35,38.43
29,16,2016-06-02-20,Normal,-92.53,35.15
30,95,2016-06-02-20,Normal,-88.02,42.04
12,74,2016-06-02-20,Normal,-88.42,41.11
23,66,2016-06-02-20,Normal,-92.09,34.8
16,46,2016-06-02-20,Normal,-90.15,38.62
29,16,2016-06-02-20,Normal,-92.25,34.92
24,68,2016-06-02-20,Normal,-89.29,41.85
27,81,2016-06-02-20,Normal,-91.33,38.87
17,92,2016-06-02-20,Normal,-91.19,38.83
31,48,2016-06-02-20,Normal,-89.52,40.7
21,105,2016-06-02-20,Normal,-88.42,41.11
14,18,2016-06-02-20,Normal,-91.47,41.74
30,95,2016-06-02-20,Normal,-90.64,41.56
21,105,2016-06-02-20,Normal,-89.17,40.38
28,58,2016-06-02-20,Normal,-94.42,39.27
31,48,2016-06-02-20,Normal,-91.78,42.23
22,24,2016-06-02-20,Normal,-94.3,37.66
24,68,2016-06-02-20,Normal,-92.74,41.75
18,49,2016-06-02-20,Normal,-94.42,39.27
28,58,2016-06-02-20,Normal,-94.57,39.15
20,79,2016-06-02-20,Normal,-91.59,41.7
27,81,2016-06-02-20,Normal,-90.55,38.81
14,18,2016-06-02-20,Normal,-91.78,42.23
22,24,2016-06-02-20,Normal,-94.37,38.0
13,12,2016-06-02-20,Normal,-91.94,41.71
26,17,2016-06-02-20,Normal,-95.35,36.47
32,71,2016-06-02-20,Normal,-89.91,40.86
30,95,2016-06-02-20,Normal,-91.24,41.67
14,18,2016-06-02-20,Normal,-91.78,42.23
17,92,2016-06-02-20,Normal,-90.79,38.83
30,95,2016-06-02-20,Normal,-91.59,41.7
25,21,2016-06-02-20,Normal,-93.58,41.62
24,68,2016-06-02-20,Normal,-93.36,41.69
12,74,2016-06-02-20,Normal,-87.67,41.87
17,92,2016-06-02-20,Normal,-90.93,38.82
15,32,2016-06-02-20,Normal,-90.35,38.43
10,39,2016-06-02-20,Normal,-95.5,36.37
17,92,2016-06-02-20,Normal,-92.53,38.98
11,27,2016-06-02-20,Normal,-91.78,42.23
10,39,2016-06-02-20,Normal,-95.35,36.47
23,66,2016-06-02-20,Normal,-91.74,34.89
23,66,2016-06-02-20,Normal,-91.93,34.81
27,81,2016-06-02-20,Normal,-92.53,38.98
29,16,2016-06-02-20,Normal,-97.34,36.63
26,17,2016-06-02-20,Normal,-94.83,36.84
23,66,2016-06-02-20,Normal,-91.38,34.83
18,49,2016-06-02-20,Normal,-92.07,39.71
17,92,2016-06-02-20,Normal,-92.63,38.95
26,17,2016-06-02-20,Normal,-94.23,37.09
15,32,2016-06-02-20,Normal,-90.35,38.43
31,48,2016-06-02-20,Normal,-91.05,41.72
32,71,2016-06-02-20,Normal,-91.32,41.71
30,95,2016-06-02-20,Normal,-92.19,41.74
16,46,2016-06-02-20,Normal,-90.15,38.62
28,58,2016-06-02-20,Normal,-92.57,39.77
12,74,2016-06-02-20,Normal,-88.77,40.76
23,66,2016-06-02-20,Normal,-91.14,34.96
18,49,2016-06-02-20,Normal,-91.8,39.67
19,100,2016-06-02-20,Normal,-97.37,36.79
26,17,2016-06-02-20,Normal,-93.96,37.08
16,46,2016-06-02-20,Normal,-90.07,35.1
10,39,2016-06-02-20,Normal,-94.83,36.84
24,68,2016-06-02-20,Normal,-88.02,42.04
31,48,2016-06-02-20,Normal,-90.7,41.62
20,79,2016-06-02-20,Normal,-88.64,42.21
27,81,2016-06-02-20,Normal,-94.31,39.04
29,16,2016-06-02-20,Normal,-97.34,36.63
31,48,2016-06-02-20,Normal,-90.44,41.54
17,92,2016-06-02-20,Normal,-94.16,39.04
21,105,2016-06-02-20,Normal,-91.14,34.96
25,21,2016-06-02-20,Normal,-88.41,42.11
20,79,2016-06-02-20,Normal,-88.41,42.11
12,74,2016-06-02-20,Normal,-89.74,39.1
13,12,2016-06-02-20,Normal,-87.66,41.89
18,49,2016-06-02-20,Normal,-89.96,39.74
26,17,2016-06-02-20,Normal,-91.69,37.99
23,66,2016-06-02-20,Normal,-92.09,34.8
29,16,2016-06-02-20,Normal,-97.14,36.41
23,66,2016-06-02-20,Normal,-91.93,34.81
14,18,2016-06-02-20,Normal,-90.44,41.54
16,46,2016-06-02-20,Normal,-90.07,35.68
28,58,2016-06-02-20,Normal,-90.14,39.76
22,24,2016-06-02-20,Normal,-94.3,37.66
32,71,2016-06-02-20,Normal,-91.63,41.72
16,46,2016-06-02-20,Normal,-89.8,35.94
10,39,2016-06-02-20,Normal,-92.08,37.81
30,95,2016-06-02-20,Normal,-88.41,42.11
11,27,2016-06-02-20,Normal,-90.2,38.65
18,49,2016-06-02-20,Normal,-90.79,39.69
20,79,2016-06-02-20,Normal,-90.2,41.59
21,105,2016-06-02-20,Normal,-91.93,34.81
25,21,2016-06-02-20,Normal,-92.19,41.74
19,100,2016-06-02-20,Normal,-95.15,35.51
14,18,2016-06-02-20,Normal,-91.63,41.72
17,92,2016-06-02-20,Normal,-91.56,38.93
32,71,2016-06-02-20,Normal,-89.52,40.7
23,66,2016-06-02-20,Normal,-90.04,35.19
30,95,2016-06-02-20,Normal,-89.88,41.77
28,58,2016-06-02-20,Normal,-90.63,39.7
31,48,2016-06-02-20,Normal,-90.2,41.59
18,49,2016-06-02-20,Normal,-91.36,39.76
23,66,2016-06-02-20,Normal,-90.35,38.43
31,48,2016-06-02-20,Normal,-89.88,41.77
11,27,2016-06-02-20,Normal,-89.17,40.38
25,21,2016-06-02-20,Normal,-92.74,41.75
21,105,2016-06-02-20,Normal,-92.09,34.8
23,66,2016-06-02-20,Normal,-90.0,37.72
29,16,2016-06-02-20,Normal,-94.22,35.5
12,74,2016-06-02-20,Normal,-90.2,38.65
20,79,2016-06-02-20,Normal,-91.59,41.7
29,16,2016-06-02-20,Normal,-93.92,35.53
27,81,2016-06-02-20,Normal,-90.55,38.81
24,68,2016-06-02-20,Normal,-93.04,41.71
31,48,2016-06-02-20,Normal,-88.41,42.11
11,27,2016-06-02-20,Normal,-88.07,41.48
30,95,2016-06-02-20,Normal,-92.4,41.78
27,81,2016-06-02-20,Normal,-90.41,38.75
17,92,2016-06-02-20,Normal,-90.21,38.65
19,100,2016-06-02-20,Normal,-92.53,35.15
21,105,2016-06-02-20,Normal,-90.37,35.21
16,46,2016-06-02-20,Normal,-90.07,35.1
12,74,2016-06-02-20,Normal,-94.38,38.67
21,105,2016-06-02-20,Normal,-90.04,35.19
19,100,2016-06-02-20,Normal,-92.25,34.75
26,17,2016-06-02-20,Normal,-92.08,37.81
22,24,2016-06-02-20,Normal,-90.29,40.96
10,39,2016-06-02-20,Normal,-91.44,38.09
27,81,2016-06-02-20,Normal,-90.21,38.65
19,100,2016-06-02-20,Normal,-92.25,34.75
25,21,2016-06-02-20,Normal,-91.94,41.71
31,48,2016-06-02-20,Normal,-87.66,41.89
18,49,2016-06-02-20,Normal,-93.13,39.78
27,81,2016-06-02-20,Normal,-90.21,38.65
31,48,2016-06-02-20,Normal,-87.66,41.89
12,74,2016-06-02-20,Normal,-94.59,39.1
26,17,2016-06-02-20,Normal,-92.31,37.81
32,71,2016-06-02-20,Normal,-89.65,36.37
24,68,2016-06-02-20,Normal,-90.2,41.59
29,16,2016-06-02-20,Normal,-93.61,35.51
21,105,2016-06-02-20,Normal,-91.74,34.89
11,27,2016-06-02-20,Normal,-89.63,39.84
30,95,2016-06-02-20,Normal,-88.77,40.76
23,66,2016-06-02-20,Normal,-89.54,36.84
32,71,2016-06-02-20,Normal,-89.54,36.84
16,46,2016-06-02-20,Normal,-89.71,37.47
18,49,2016-06-02-20,Normal,-94.28,39.53
14,18,2016-06-02-20,Normal,-91.32,41.71
28,58,2016-06-02-20,Normal,-94.15,39.77
27,81,2016-06-02-20,Normal,-91.33,38.87
25,21,2016-06-02-20,Normal,-89.29,41.85
32,71,2016-06-02-20,Normal,-89.56,37.2
13,12,2016-06-02-20,Normal,-88.42,41.11
29,16,2016-06-02-20,Normal,-94.22,35.5
25,21,2016-06-02-20,Normal,-89.03,41.92
17,92,2016-06-02-20,Normal,-92.03,38.97
30,95,2016-06-02-20,Normal,-88.07,41.48
22,24,2016-06-02-20,Normal,-91.47,41.74
27,81,2016-06-02-20,Normal,-91.56,38.93
19,100,2016-06-02-20,Normal,-94.57,35.37
20,79,2016-06-02-20,Normal,-91.78,42.23
14,18,2016-06-02-20,Normal,-91.63,41.72
17,92,2016-06-02-20,Normal,-92.22,38.96
23,66,2016-06-02-20,Normal,-90.24,38.0
29,16,2016-06-02-20,Normal,-95.15,35.51
27,81,2016-06-02-20,Normal,-91.74,38.94
12,74,2016-06-02-20,Normal,-94.46,37.16
24,68,2016-06-02-20,Normal,-88.96,42.25
28,58,2016-06-02-20,Normal,-94.36,39.37
19,100,2016-06-02-20,Normal,-94.88,35.47
15,32,2016-06-02-20,Normal,-90.37,35.21
16,46,2016-06-02-20,Normal,-90.15,38.62
32,71,2016-06-02-20,Normal,-90.35,38.43
23,66,2016-06-02-20,Normal,-90.15,38.62
26,17,2016-06-02-20,Normal,-94.54,37.02
20,79,2016-06-02-20,Normal,-91.32,41.71
12,74,2016-06-02-20,Normal,-94.31,37.31
22,24,2016-06-02-20,Normal,-91.63,41.72
12,74,2016-06-02-20,Normal,-94.3,37.66
32,71,2016-06-02-20,Normal,-90.15,38.62
25,21,2016-06-02-20,Normal,-88.41,42.11
29,16,2016-06-02-20,Normal,-95.42,35.87
28,58,2016-06-02-20,Normal,-94.57,39.15
11,27,2016-06-02-20,Normal,-88.07,41.48
19,100,2016-06-02-20,Normal,-95.42,35.87
18,49,2016-06-02-20,Normal,-94.28,39.53
12,74,2016-06-02-20,Normal,-94.37,38.0
31,48,2016-06-02-20,Normal,-93.04,41.71
18,49,2016-06-02-20,Normal,-92.74,39.76
15,32,2016-06-02-20,Normal,-91.74,34.89
12,74,2016-06-02-20,Normal,-94.3,37.66
22,24,2016-06-02-20,Normal,-90.44,41.54
32,71,2016-06-02-20,Normal,-90.24,35.35
14,18,2016-06-02-20,Normal,-90.44,41.54
14,18,2016-06-02-20,Normal,-90.29,40.96
11,27,2016-06-02-20,Normal,-88.42,41.11
25,21,2016-06-02-20,Normal,-90.64,41.56
12,74,2016-06-02-20,Normal,-94.46,37.16
28,58,2016-06-02-20,Normal,-93.13,39.78
27,81,2016-06-02-20,Normal,-94.31,39.04
11,27,2016-06-02-20,Normal,-88.07,41.48
17,92,2016-06-02-20,Normal,-94.31,39.04
20,79,2016-06-02-20,Normal,-91.47,41.74
10,39,2016-06-02-20,Normal,-95.5,36.37
12,74,2016-06-02-20,Normal,-94.31,37.31
20,79,2016-06-02-20,Normal,-91.32,41.71
19,100,2016-06-02-20,Normal,-97.37,36.91
30,95,2016-06-02-20,Normal,-87.67,41.87
21,105,2016-06-02-20,Normal,-91.93,34.81
26,17,2016-06-02-20,Normal,-95.01,36.73
13,12,2016-06-02-20,Normal,-89.63,39.84
24,102,2016-06-02-20,Normal,-90.04,35.19
16,69,2016-06-02-20,Normal,-89.52,40.7
30,41,2016-06-02-20,Normal,-92.4,41.78
15,48,2016-06-02-20,Normal,-89.52,40.7
11,19,2016-06-02-20,Normal,-93.58,41.62
22,24,2016-06-02-20,Normal,-90.37,35.21
16,69,2016-06-02-20,Normal,-89.91,40.86
12,55,2016-06-02-20,Normal,-90.68,35.12
29,108,2016-06-02-20,Normal,-97.32,37.15
26,42,2016-06-02-20,Normal,-91.55,38.04
20,47,2016-06-02-20,Normal,-92.74,41.75
19,109,2016-06-02-20,Normal,-97.32,37.27
10,23,2016-06-02-20,Normal,-91.69,37.99
28,34,2016-06-02-20,Normal,-90.24,39.72
27,59,2016-06-02-20,Normal,-93.2,38.98
15,48,2016-06-02-20,Normal,-90.44,41.54
22,24,2016-06-02-20,Normal,-91.14,34.96
21,21,2016-06-02-20,Normal,-90.2,38.65
12,55,2016-06-02-20,Normal,-91.14,34.96
12,55,2016-06-02-20,Normal,-91.38,34.83
31,82,2016-06-02-20,Normal,-89.63,39.84
29,108,2016-06-02-20,Normal,-97.37,36.91
16,69,2016-06-02-20,Normal,-90.44,41.54
29,108,2016-06-02-20,Normal,-97.37,36.79
27,59,2016-06-02-20,Normal,-93.65,39.0
16,69,2016-06-02-20,Normal,-90.7,41.62
11,19,2016-06-02-20,Normal,-92.74,41.75
14,15,2016-06-02-20,Normal,-90.7,41.62
15,48,2016-06-02-20,Normal,-91.05,41.72
31,82,2016-06-02-20,Normal,-89.17,40.38
20,47,2016-06-02-20,Normal,-93.58,41.62
16,69,2016-06-02-20,Normal,-91.05,41.72
23,93,2016-06-02-20,Normal,-90.24,38.0
30,41,2016-06-02-20,Normal,-93.58,41.62
28,34,2016-06-02-20,Normal,-89.96,39.74
20,47,2016-06-02-20,Normal,-93.36,41.69
12,55,2016-06-02-20,Normal,-92.09,34.8
15,48,2016-06-02-20,Normal,-91.47,41.74
31,82,2016-06-02-20,Normal,-88.77,40.76
19,109,2016-06-02-20,Normal,-97.35,36.4
18,16,2016-06-02-20,Normal,-89.66,39.78
30,41,2016-06-02-20,Normal,-93.36,41.69
15,48,2016-06-02-20,Normal,-91.63,41.72
20,47,2016-06-02-20,Normal,-93.04,41.71
21,21,2016-06-02-20,Normal,-88.42,41.11
24,102,2016-06-02-20,Normal,-92.09,34.8
12,55,2016-06-02-20,Normal,-92.31,34.78
18,16,2016-06-02-20,Normal,-89.96,39.74
17,86,2016-06-02-20,Normal,-94.44,39.1
10,23,2016-06-02-20,Normal,-90.69,38.5
23,93,2016-06-02-20,Normal,-89.56,37.2
24,102,2016-06-02-20,Normal,-92.31,34.78
19,109,2016-06-02-20,Normal,-96.97,36.24
26,42,2016-06-02-20,Normal,-90.34,38.58
23,93,2016-06-02-20,Normal,-89.54,36.84
20,47,2016-06-02-20,Normal,-92.19,41.74
11,19,2016-06-02-20,Normal,-90.82,41.66
11,19,2016-06-02-20,Normal,-91.24,41.67
23,93,2016-06-02-20,Normal,-89.65,36.37
31,82,2016-06-02-20,Normal,-88.07,41.48
11,19,2016-06-02-20,Normal,-90.64,41.56
24,102,2016-06-02-20,Normal,-91.93,34.81
24,102,2016-06-02-20,Normal,-92.31,34.78
16,69,2016-06-02-20,Normal,-91.47,41.74
27,59,2016-06-02-20,Normal,-94.44,39.1
18,16,2016-06-02-20,Normal,-90.24,39.72
26,42,2016-06-02-20,Normal,-90.34,38.58
10,23,2016-06-02-20,Normal,-90.34,38.58
14,15,2016-06-02-20,Normal,-89.91,40.86
28,34,2016-06-02-20,Normal,-90.24,39.72
17,86,2016-06-02-20,Normal,-94.16,39.04
15,48,2016-06-02-20,Normal,-91.47,41.74
14,15,2016-06-02-20,Normal,-90.29,40.96
29,108,2016-06-02-20,Normal,-95.99,36.17
32,84,2016-06-02-20,Normal,-91.05,41.72
14,18,2016-06-02-20,Normal,-94.59,39.1
17,92,2016-06-02-20,Normal,-91.33,38.87
22,24,2016-06-02-20,Normal,-92.31,34.78
26,17,2016-06-02-20,Normal,-91.44,38.09
24,68,2016-06-02-20,Normal,-88.07,41.48
15,32,2016-06-02-20,Normal,-92.09,34.8
15,32,2016-06-02-20,Normal,-92.31,34.78
23,66,2016-06-02-20,Normal,-91.78,42.23
30,95,2016-06-02-20,Normal,-90.82,41.66
12,74,2016-06-02-20,Normal,-90.24,35.35
18,49,2016-06-02-20,Normal,-90.79,39.69
31,48,2016-06-02-20,Normal,-94.59,39.1
14,18,2016-06-02-20,Normal,-94.38,38.67
30,95,2016-06-02-20,Normal,-90.2,41.59
18,49,2016-06-02-20,Normal,-90.97,39.72
24,68,2016-06-02-20,Normal,-88.42,41.11
29,16,2016-06-02-20,Normal,-96.44,36.23
27,81,2016-06-02-20,Normal,-91.74,38.94
21,105,2016-06-02-20,Normal,-94.35,38.33
18,49,2016-06-02-20,Normal,-91.2,39.75
19,100,2016-06-02-20,Normal,-96.21,36.19
26,17,2016-06-02-20,Normal,-91.99,37.94
14,18,2016-06-02-20,Normal,-94.35,38.33
20,79,2016-06-02-20,Normal,-89.88,41.77
24,68,2016-06-02-20,Normal,-89.17,40.38
24,68,2016-06-02-20,Normal,-88.42,41.11
17,92,2016-06-02-20,Normal,-93.85,39.01
21,105,2016-06-02-20,Normal,-94.37,38.0
12,74,2016-06-02-20,Normal,-90.24,38.0
31,48,2016-06-02-20,Normal,-94.37,38.0
26,17,2016-06-02-20,Normal,-93.96,37.08
32,71,2016-06-02-20,Normal,-90.68,35.12
12,74,2016-06-02-20,Normal,-90.35,38.43
14,18,2016-06-02-20,Normal,-94.37,38.0
20,79,2016-06-02-20,Normal,-88.41,42.11
10,39,2016-06-02-20,Normal,-94.23,37.09
25,21,2016-06-02-20,Normal,-90.15,38.62
32,71,2016-06-02-20,Normal,-90.94,35.03
28,58,2016-06-02-20,Normal,-93.6,39.77
30,95,2016-06-02-20,Normal,-88.41,42.11
29,16,2016-06-02-20,Normal,-93.36,35.4
26,17,2016-06-02-20,Normal,-94.54,37.02
15,32,2016-06-02-20,Normal,-91.14,34.96
13,12,2016-06-02-20,Normal,-88.64,42.21
18,49,2016-06-02-20,Normal,-93.93,39.76
26,17,2016-06-02-20,Normal,-94.83,36.84
14,18,2016-06-02-20,Normal,-94.38,38.99
14,18,2016-06-02-20,Normal,-94.38,38.67
20,79,2016-06-02-20,Normal,-88.96,42.25
28,58,2016-06-02-20,Normal,-94.15,39.77
14,18,2016-06-02-20,Normal,-94.46,37.16
27,81,2016-06-02-20,Normal,-93.01,38.97
29,16,2016-06-02-20,Normal,-93.36,35.4
12,74,2016-06-02-20,Normal,-90.24,35.35
18,49,2016-06-02-20,Normal,-94.28,39.53
28,58,2016-06-02-20,Normal,-94.28,39.53
31,48,2016-06-02-20,Normal,-94.58,37.03
27,81,2016-06-02-20,Normal,-92.85,38.93
32,71,2016-06-02-20,Normal,-90.94,35.03
14,18,2016-06-02-20,Normal,-94.58,37.03
13,12,2016-06-02-20,Normal,-92.19,41.74
21,105,2016-06-02-20,Normal,-94.58,37.03
30,95,2016-06-02-20,Normal,-92.19,41.74
22,24,2016-06-02-20,Normal,-90.94,35.03
12,74,2016-06-02-20,Normal,-90.07,35.1
19,100,2016-06-02-20,Normal,-93.92,35.53
21,105,2016-06-02-20,Normal,-94.46,37.16
17,92,2016-06-02-20,Normal,-92.53,38.98
26,17,2016-06-02-20,Normal,-95.14,36.66
14,18,2016-06-02-20,Normal,-94.46,37.16
27,81,2016-06-02-20,Normal,-92.53,38.98
29,16,2016-06-02-20,Normal,-94.57,35.37
12,74,2016-06-02-20,Normal,-90.24,35.35
18,49,2016-06-02-20,Normal,-94.15,39.77
17,92,2016-06-02-20,Normal,-90.79,38.83
31,48,2016-06-02-20,Normal,-94.3,37.66
21,105,2016-06-02-20,Normal,-94.31,37.31
31,48,2016-06-02-20,Normal,-94.3,37.66
26,17,2016-06-02-20,Normal,-91.44,38.09
12,74,2016-06-02-20,Normal,-89.8,35.94
24,68,2016-06-02-20,Normal,-88.42,41.11
25,21,2016-06-02-20,Normal,-90.24,35.35
27,81,2016-06-02-20,Normal,-90.79,38.83
17,92,2016-06-02-20,Normal,-90.93,38.82
17,92,2016-06-02-20,Normal,-91.1,38.83
20,79,2016-06-02-20,Normal,-88.96,42.25
22,24,2016-06-02-20,Normal,-90.37,35.21
18,49,2016-06-02-20,Normal,-90.24,39.72
32,71,2016-06-02-20,Normal,-90.37,35.21
20,79,2016-06-02-20,Normal,-88.64,42.21
32,71,2016-06-02-20,Normal,-90.04,35.19
20,79,2016-06-02-20,Normal,-88.41,42.11
16,46,2016-06-02-20,Normal,-90.29,40.96
12,74,2016-06-02-20,Normal,-90.07,35.68
13,12,2016-06-02-20,Normal,-88.96,42.25
24,68,2016-06-02-20,Normal,-88.77,40.76
28,58,2016-06-02-20,Normal,-90.24,39.72
16,46,2016-06-02-20,Normal,-89.52,40.7
26,17,2016-06-02-20,Normal,-91.07,38.31
28,58,2016-06-02-20,Normal,-90.14,39.76
17,92,2016-06-02-20,Normal,-91.56,38.93
30,95,2016-06-02-20,Normal,-88.64,42.21
16,46,2016-06-02-20,Normal,-89.52,40.7
14,18,2016-06-02-20,Normal,-94.38,38.99
19,100,2016-06-02-20,Normal,-97.32,37.48
24,68,2016-06-02-20,Normal,-89.74,39.1
30,95,2016-06-02-20,Normal,-88.41,42.11
10,39,2016-06-02-20,Normal,-91.07,38.31
19,100,2016-06-02-20,Normal,-97.32,37.27
21,105,2016-06-02-20,Normal,-94.59,39.1
28,58,2016-06-02-20,Normal,-89.78,39.77
17,92,2016-06-02-20,Normal,-92.03,38.97
19,100,2016-06-02-20,Normal,-97.32,37.15
20,79,2016-06-02-20,Normal,-87.66,41.89
24,68,2016-06-02-20,Normal,-90.2,38.65
23,66,2016-06-02-20,Normal,-90.44,41.54
21,105,2016-06-02-20,Normal,-94.38,38.99
10,39,2016-06-02-20,Normal,-90.86,38.46
12,74,2016-06-02-20,Normal,-89.8,35.94
28,58,2016-06-02-20,Normal,-89.66,39.78
31,48,2016-06-02-20,Normal,-94.38,38.99
24,68,2016-06-02-20,Normal,-89.74,39.1
25,21,2016-06-02-20,Normal,-89.65,36.37
13,12,2016-06-02-20,Normal,-88.02,42.04
10,39,2016-06-02-20,Normal,-90.53,38.51
25,21,2016-06-02-20,Normal,-89.54,36.84
18,49,2016-06-02-20,Normal,-89.78,39.77
13,12,2016-06-02-20,Normal,-88.41,42.11
29,16,2016-06-02-20,Normal,-97.35,36.4
17,92,2016-06-02-20,Normal,-92.53,38.98
31,48,2016-06-02-20,Normal,-94.35,38.33
10,39,2016-06-02-20,Normal,-90.34,38.58
21,105,2016-06-02-20,Normal,-94.35,38.33
27,81,2016-06-02-20,Normal,-92.53,38.98
25,21,2016-06-02-20,Normal,-89.71,37.47
30,95,2016-06-02-20,Normal,-88.64,42.21
28,58,2016-06-02-20,Normal,-89.96,39.74
27,81,2016-06-02-20,Normal,-92.63,38.95
17,92,2016-06-02-20,Normal,-92.85,38.93
24,68,2016-06-02-20,Normal,-89.17,40.38
26,17,2016-06-02-20,Normal,-90.34,38.58
20,79,2016-06-02-20,Normal,-88.96,42.25
25,21,2016-06-02-20,Normal,-90.0,37.72
20,79,2016-06-02-20,Normal,-89.03,41.92
10,39,2016-06-02-20,Normal,-90.18,38.64
27,81,2016-06-02-20,Normal,-92.85,38.93
17,92,2016-06-02-20,Normal,-93.01,38.97
24,68,2016-06-02-20,Normal,-88.42,41.11
11,27,2016-06-02-20,Normal,-88.77,40.76
13,12,2016-06-02-20,Normal,-89.29,41.85
12,74,2016-06-02-20,Normal,-90.07,35.68
15,32,2016-06-02-20,Normal,-90.37,35.21
29,16,2016-06-02-20,Normal,-93.36,35.4
19,100,2016-06-02-20,Normal,-93.61,35.51
12,74,2016-06-02-20,Normal,-90.24,35.35
14,18,2016-06-02-20,Normal,-94.38,38.67
10,39,2016-06-02-20,Normal,-92.74,37.6
23,66,2016-06-02-20,Normal,-90.7,41.62
20,79,2016-06-02-20,Normal,-93.58,41.62
29,16,2016-06-02-20,Normal,-93.12,35.31
32,71,2016-06-02-20,Normal,-91.14,34.96
28,58,2016-06-02-20,Normal,-92.94,39.77
26,17,2016-06-02-20,Normal,-93.14,37.26
15,32,2016-06-02-20,Normal,-90.94,35.03
17,92,2016-06-02-20,Normal,-93.01,38.97
13,12,2016-06-02-20,Normal,-93.36,41.69
21,105,2016-06-02-20,Normal,-94.3,37.66
22,24,2016-06-02-20,Normal,-91.14,34.96
29,16,2016-06-02-20,Normal,-92.53,35.15
27,81,2016-06-02-20,Normal,-93.01,38.97
28,58,2016-06-02-20,Normal,-93.33,39.77
12,74,2016-06-02-20,Normal,-90.07,35.1
28,58,2016-06-02-20,Normal,-93.13,39.78
22,24,2016-06-02-20,Normal,-91.38,34.83
12,74,2016-06-02-20,Normal,-90.24,35.35
28,58,2016-06-02-20,Normal,-94.57,39.15
10,39,2016-06-02-20,Normal,-95.35,36.47
15,32,2016-06-02-20,Normal,-91.14,34.96
23,66,2016-06-02-20,Normal,-90.29,40.96
20,79,2016-06-02-20,Normal,-89.88,41.77
14,18,2016-06-02-20,Normal,-91.47,41.74
13,12,2016-06-02-20,Normal,-89.6,41.76
22,24,2016-06-02-20,Normal,-90.94,35.03
25,21,2016-06-02-20,Normal,-90.35,38.43
23,66,2016-06-02-20,Normal,-89.91,40.86
20,79,2016-06-02-20,Normal,-89.6,41.76
26,17,2016-06-02-20,Normal,-95.76,36.18
32,71,2016-06-02-20,Normal,-90.68,35.12
32,71,2016-06-02-20,Normal,-90.37,35.21
13,12,2016-06-02-20,Normal,-88.96,42.25
23,66,2016-06-02-20,Normal,-89.52,40.7
14,18,2016-06-02-20,Normal,-91.78,42.23
16,46,2016-06-02-20,Normal,-90.29,40.96
20,79,2016-06-02-20,Normal,-88.96,42.25
12,74,2016-06-02-20,Normal,-90.15,38.62
28,58,2016-06-02-20,Normal,-94.36,39.37
24,68,2016-06-02-20,Normal,-87.66,41.89
31,48,2016-06-02-20,Normal,-91.78,42.23
32,71,2016-06-02-20,Normal,-90.04,35.19
23,66,2016-06-02-20,Normal,-90.37,35.21
14,18,2016-06-02-20,Normal,-90.7,41.62
27,81,2016-06-02-20,Normal,-90.41,38.75
12,74,2016-06-02-20,Normal,-89.8,35.94
21,105,2016-06-02-20,Normal,-90.2,38.65
16,46,2016-06-02-20,Normal,-89.56,37.2
31,48,2016-06-02-20,Normal,-90.44,41.54
26,17,2016-06-02-20,Normal,-94.83,36.84
10,39,2016-06-02-20,Normal,-95.01,36.73
19,100,2016-06-02-20,Normal,-96.21,36.19
30,95,2016-06-02-20,Normal,-87.66,41.89
23,66,2016-06-02-20,Normal,-91.93,34.81
28,58,2016-06-02-20,Normal,-92.94,39.77
21,105,2016-06-02-20,Normal,-89.74,39.1
32,71,2016-06-02-20,Normal,-91.47,41.74
24,68,2016-06-02-20,Normal,-89.88,41.77
14,18,2016-06-02-20,Normal,-89.91,40.86
24,68,2016-06-02-20,Normal,-89.6,41.76
22,24,2016-06-02-20,Normal,-94.38,38.99
17,92,2016-06-02-20,Normal,-90.93,38.82
19,100,2016-06-02-20,Normal,-96.68,36.2
11,27,2016-06-02-20,Normal,-91.32,41.71
18,49,2016-06-02-20,Normal,-92.57,39.77
30,95,2016-06-02-20,Normal,-88.41,42.11
24,68,2016-06-02-20,Normal,-90.2,41.59
28,58,2016-06-02-20,Normal,-92.57,39.77
25,21,2016-06-02-20,Normal,-90.07,35.68
11,27,2016-06-02-20,Normal,-91.47,41.74
21,105,2016-06-02-20,Normal,-87.67,41.87
32,71,2016-06-02-20,Normal,-90.7,41.62
17,92,2016-06-02-20,Normal,-91.74,38.94
26,17,2016-06-02-20,Normal,-92.74,37.6
31,48,2016-06-02-20,Normal,-91.05,41.72
10,39,2016-06-02-20,Normal,-92.99,37.34
27,81,2016-06-02-20,Normal,-92.03,38.97
18,49,2016-06-02-20,Normal,-91.2,39.75
20,79,2016-06-02-20,Normal,-90.82,41.66
11,27,2016-06-02-20,Normal,-91.05,41.72
14,18,2016-06-02-20,Normal,-91.32,41.71
22,24,2016-06-02-20,Normal,-94.46,37.16
32,71,2016-06-02-20,Normal,-90.44,41.54
13,12,2016-06-02-20,Normal,-91.59,41.7
17,92,2016-06-02-20,Normal,-92.38,38.98
18,49,2016-06-02-20,Normal,-90.97,39.72
21,105,2016-06-02-20,Normal,-88.42,41.11
16,46,2016-06-02-20,Normal,-89.65,36.37
20,79,2016-06-02-20,Normal,-91.59,41.7
11,27,2016-06-02-20,Normal,-90.44,41.54
27,81,2016-06-02-20,Normal,-92.38,38.98
24,68,2016-06-02-20,Normal,-92.74,41.75
19,100,2016-06-02-20,Normal,-97.32,37.48
29,16,2016-06-02-20,Normal,-95.42,35.87
11,27,2016-06-02-20,Normal,-91.05,41.72
15,32,2016-06-02-20,Normal,-90.07,35.1
20,79,2016-06-02-20,Normal,-90.2,41.59
13,12,2016-06-02-20,Normal,-89.88,41.77
32,71,2016-06-02-20,Normal,-90.29,40.96
21,105,2016-06-02-20,Normal,-89.74,39.1
28,58,2016-06-02-20,Normal,-90.79,39.69
20,79,2016-06-02-20,Normal,-89.88,41.77
12,74,2016-06-02-20,Normal,-90.2,38.65
21,105,2016-06-02-20,Normal,-90.2,38.65
23,66,2016-06-02-20,Normal,-90.37,35.21
24,68,2016-06-02-20,Normal,-88.64,42.21
11,27,2016-06-02-20,Normal,-90.44,41.54
12,74,2016-06-02-20,Normal,-89.74,39.1
15,32,2016-06-02-20,Normal,-90.24,35.35
25,21,2016-06-02-20,Normal,-88.02,42.04
11,27,2016-06-02-20,Normal,-90.29,40.96
26,17,2016-06-02-20,Normal,-91.44,38.09
25,21,2016-06-02-20,Normal,-88.41,42.11
31,48,2016-06-02-20,Normal,-91.78,42.23
15,32,2016-06-02-20,Normal,-90.07,35.68
24,68,2016-06-02-20,Normal,-88.41,42.11
27,81,2016-06-02-20,Normal,-92.85,38.93
13,12,2016-06-02-20,Normal,-89.03,41.92
10,39,2016-06-02-20,Normal,-91.18,38.22
14,18,2016-06-02-20,Normal,-91.78,42.23
15,32,2016-06-02-20,Normal,-89.65,36.37
31,48,2016-06-02-20,Normal,-91.63,41.72
27,81,2016-06-02-20,Normal,-92.63,38.95
13,12,2016-06-02-20,Normal,-88.96,42.25
20,79,2016-06-02-20,Normal,-88.96,42.25
32,71,2016-06-02-20,Normal,-90.29,40.96
25,21,2016-06-02-20,Normal,-88.02,42.04
22,24,2016-06-02-20,Normal,-94.37,38.0
23,66,2016-06-02-20,Normal,-90.68,35.12
21,105,2016-06-02-20,Normal,-88.77,40.76
25,21,2016-06-02-20,Normal,-88.41,42.11
20,79,2016-06-02-20,Normal,-88.41,42.11
21,105,2016-06-02-20,Normal,-89.17,40.38
24,68,2016-06-02-20,Normal,-87.66,41.89
18,49,2016-06-02-20,Normal,-92.27,39.76
31,48,2016-06-02-20,Normal,-91.05,41.72
15,32,2016-06-02-20,Normal,-89.71,37.47
28,58,2016-06-02-20,Normal,-92.07,39.71
19,100,2016-06-02-20,Normal,-93.61,35.51
22,24,2016-06-02-20,Normal,-94.38,38.99
26,17,2016-06-02-20,Normal,-92.08,37.81
32,71,2016-06-02-20,Normal,-90.7,41.62
18,49,2016-06-02-20,Normal,-92.57,39.77
18,49,2016-06-02-20,Normal,-93.6,39.77
22,24,2016-06-02-20,Normal,-94.35,38.33
20,79,2016-06-02-20,Normal,-88.64,42.21
32,71,2016-06-02-20,Normal,-91.78,42.23
28,58,2016-06-02-20,Normal,-93.33,39.77
12,74,2016-06-02-20,Normal,-89.63,39.84
21,105,2016-06-02-20,Normal,-89.17,40.38
12,74,2016-06-02-20,Normal,-89.17,40.38
23,66,2016-06-02-20,Normal,-92.31,34.78
19,100,2016-06-02-20,Normal,-92.25,34.92
20,79,2016-06-02-20,Normal,-88.96,42.25
17,92,2016-06-02-20,Normal,-90.93,38.82
23,66,2016-06-02-20,Normal,-91.93,34.81
31,48,2016-06-02-20,Normal,-89.91,40.86
18,49,2016-06-02-20,Normal,-94.15,39.77
27,81,2016-06-02-20,Normal,-90.93,38.82
24,68,2016-06-02-20,Normal,-90.64,41.56
13,12,2016-06-02-20,Normal,-89.29,41.85
32,71,2016-06-02-20,Normal,-91.32,41.71
31,48,2016-06-02-20,Normal,-90.44,41.54
30,95,2016-06-02-20,Normal,-88.64,42.21
28,58,2016-06-02-20,Normal,-94.15,39.77
20,79,2016-06-02-20,Normal,-89.29,41.85
16,46,2016-06-02-20,Normal,-89.71,37.47
11,27,2016-06-02-20,Normal,-91.63,41.72
27,81,2016-06-02-20,Normal,-90.67,38.82
15,32,2016-06-02-20,Normal,-89.56,37.2
17,92,2016-06-02-20,Normal,-90.55,38.81
25,21,2016-06-02-20,Normal,-91.59,41.7
19,100,2016-06-02-20,Normal,-93.12,35.31
30,95,2016-06-02-20,Normal,-89.29,41.85
24,68,2016-06-02-20,Normal,-91.24,41.67
20,79,2016-06-02-20,Normal,-89.88,41.77
29,16,2016-06-02-20,Normal,-93.36,35.4
24,68,2016-06-02-20,Normal,-91.59,41.7
20,79,2016-06-02-20,Normal,-90.2,41.59
26,17,2016-06-02-20,Normal,-94.23,37.09
30,95,2016-06-02-20,Normal,-89.6,41.76
12,74,2016-06-02-20,Normal,-89.63,39.84
26,17,2016-06-02-20,Normal,-94.54,37.02
20,79,2016-06-02-20,Normal,-90.64,41.56
14,18,2016-06-02-20,Normal,-91.32,41.71
32,71,2016-06-02-20,Normal,-90.44,41.54
23,66,2016-06-02-20,Normal,-90.37,35.21
28,58,2016-06-02-20,Normal,-94.36,39.37
31,48,2016-06-02-20,Normal,-91.32,41.71
29,16,2016-06-02-20,Normal,-93.92,35.53
32,71,2016-06-02-20,Normal,-90.29,40.96
19,100,2016-06-02-20,Normal,-93.92,35.53
12,74,2016-06-02-20,Normal,-88.77,40.76
11,27,2016-06-02-20,Normal,-90.44,41.54
14,18,2016-06-02-20,Normal,-91.63,41.72
32,71,2016-06-02-20,Normal,-90.44,41.54
15,32,2016-06-02-20,Normal,-90.07,35.68
19,100,2016-06-02-20,Normal,-95.42,35.87
13,12,2016-06-02-20,Normal,-92.74,41.75
27,81,2016-06-02-20,Normal,-90.93,38.82
17,92,2016-06-02-20,Normal,-91.19,38.83
18,49,2016-06-02-20,Normal,-94.25,39.73
24,68,2016-06-02-20,Normal,-93.58,41.62
30,95,2016-06-02-20,Normal,-92.4,41.78
29,16,2016-06-02-20,Normal,-95.56,35.97
32,71,2016-06-02-20,Normal,-91.05,41.72
24,68,2016-06-02-20,Normal,-93.36,41.69
12,74,2016-06-02-20,Normal,-88.77,40.76
11,27,2016-06-02-20,Normal,-90.44,41.54
25,21,2016-06-02-20,Normal,-92.74,41.75
20,79,2016-06-02-20,Normal,-93.36,41.69
23,66,2016-06-02-20,Normal,-91.74,34.89
13,12,2016-06-02-20,Normal,-93.36,41.69
11,27,2016-06-02-20,Normal,-90.7,41.62
10,39,2016-06-02-20,Normal,-95.76,36.18
24,68,2016-06-02-20,Normal,-92.74,41.75
17,92,2016-06-02-20,Normal,-91.56,38.93
13,12,2016-06-02-20,Normal,-93.58,41.62
32,71,2016-06-02-20,Normal,-91.47,41.74
11,27,2016-06-02-20,Normal,-91.05,41.72
20,79,2016-06-02-20,Normal,-93.58,41.62
23,66,2016-06-02-20,Normal,-92.09,34.8
13,12,2016-06-02-20,Normal,-93.58,41.62
17,92,2016-06-02-20,Normal,-91.74,38.94
20,79,2016-06-02-20,Normal,-93.58,41.62
26,17,2016-06-02-20,Normal,-95.5,36.37
10,39,2016-06-02-20,Normal,-95.99,36.17
14,18,2016-06-02-20,Normal,-90.29,40.96
20,79,2016-06-02-20,Normal,-93.36,41.69
17,92,2016-06-02-20,Normal,-92.03,38.97
29,16,2016-06-02-20,Normal,-96.68,36.2
14,18,2016-06-02-20,Normal,-89.91,40.86
23,66,2016-06-02-20,Normal,-92.31,34.78
28,58,2016-06-02-20,Normal,-93.33,39.77
10,39,2016-06-02-20,Normal,-95.76,36.18
16,46,2016-06-02-20,Normal,-90.24,38.0
15,32,2016-06-02-20,Normal,-90.0,37.72
13,12,2016-06-02-20,Normal,-92.74,41.75
18,49,2016-06-02-20,Normal,-92.74,39.76
22,24,2016-06-02-20,Normal,-94.31,37.31
25,21,2016-06-02-20,Normal,-91.24,41.67
19,100,2016-06-02-20,Normal,-96.97,36.24
30,95,2016-06-02-20,Normal,-93.36,41.69
11,27,2016-06-02-20,Normal,-91.05,41.72
29,16,2016-06-02-20,Normal,-97.32,37.15
23,66,2016-06-02-20,Normal,-90.68,35.12
18,49,2016-06-02-20,Normal,-91.59,39.68
32,71,2016-06-02-20,Normal,-90.44,41.54
28,58,2016-06-02-20,Normal,-92.07,39.71
29,16,2016-06-02-20,Normal,-97.32,37.27
18,49,2016-06-02-20,Normal,-91.2,39.75
16,46,2016-06-02-20,Normal,-90.0,37.72
11,27,2016-06-02-20,Normal,-90.44,41.54
15,32,2016-06-02-20,Normal,-89.56,37.2
12,74,2016-06-02-20,Normal,-87.67,41.87
32,71,2016-06-02-20,Normal,-90.29,40.96
16,46,2016-06-02-20,Normal,-89.71,37.47
25,21,2016-06-02-20,Normal,-89.03,41.92
23,66,2016-06-02-20,Normal,-90.04,35.19
27,81,2016-06-02-20,Normal,-93.65,39.0
16,46,2016-06-02-20,Normal,-89.56,37.2
29,16,2016-06-02-20,Normal,-97.36,37.69
15,32,2016-06-02-20,Normal,-89.54,36.84
21,105,2016-06-02-20,Normal,-92.09,34.8
23,66,2016-06-02-20,Normal,-90.04,35.19
32,71,2016-06-02-20,Normal,-89.52,40.7
30,95,2016-06-02-20,Normal,-90.82,41.66
14,18,2016-06-02-20,Normal,-91.78,42.23
19,100,2016-06-02-20,Normal,-97.36,37.69
27,81,2016-06-02-20,Normal,-94.0,39.03
10,39,2016-06-02-20,Normal,-93.34,37.21
26,17,2016-06-02-20,Normal,-92.89,37.51
18,49,2016-06-02-20,Normal,-90.63,39.7
20,79,2016-06-02-20,Normal,-89.6,41.76
18,49,2016-06-02-20,Normal,-90.52,39.71
31,48,2016-06-02-20,Normal,-91.47,41.74
28,58,2016-06-02-20,Normal,-91.2,39.75
21,105,2016-06-02-20,Normal,-92.31,34.78
32,71,2016-06-02-20,Normal,-90.29,40.96
17,92,2016-06-02-20,Normal,-94.31,39.04
29,16,2016-06-02-20,Normal,-97.32,37.27
30,95,2016-06-02-20,Normal,-89.88,41.77
28,58,2016-06-02-20,Normal,-90.79,39.69
21,105,2016-06-02-20,Normal,-91.93,34.81
16,46,2016-06-02-20,Normal,-90.24,35.35
18,49,2016-06-02-20,Normal,-90.37,39.71
29,16,2016-06-02-20,Normal,-97.37,36.91
31,48,2016-06-02-20,Normal,-91.32,41.71
32,71,2016-06-02-20,Normal,-90.7,41.62
20,79,2016-06-02-20,Normal,-89.03,41.92
11,27,2016-06-02-20,Normal,-89.74,39.1
15,32,2016-06-02-20,Normal,-90.07,35.1
12,74,2016-06-02-20,Normal,-89.74,39.1
13,12,2016-06-02-20,Normal,-88.64,42.21
25,21,2016-06-02-20,Normal,-89.03,41.92
32,71,2016-06-02-20,Normal,-91.78,42.23
17,92,2016-06-02-20,Normal,-93.45,38.99
10,39,2016-06-02-20,Normal,-91.99,37.94
29,16,2016-06-02-20,Normal,-96.68,36.2
23,66,2016-06-02-20,Normal,-92.31,34.78
20,79,2016-06-02-20,Normal,-88.02,42.04
17,92,2016-06-02-20,Normal,-93.2,38.98
13,12,2016-06-02-20,Normal,-88.41,42.11
10,39,2016-06-02-20,Normal,-91.69,37.99
12,74,2016-06-02-20,Normal,-88.42,41.11
18,49,2016-06-02-20,Normal,-89.78,39.77
25,21,2016-06-02-20,Normal,-89.6,41.76
19,100,2016-06-02-20,Normal,-96.68,36.2
18,49,2016-06-02-20,Normal,-89.96,39.74
23,66,2016-06-02-20,Normal,-91.93,34.81
32,71,2016-06-02-20,Normal,-91.47,41.74
27,81,2016-06-02-20,Normal,-93.01,38.97
29,16,2016-06-02-20,Normal,-96.21,36.19
17,92,2016-06-02-20,Normal,-92.85,38.93
22,24,2016-06-02-20,Normal,-89.91,40.86
29,16,2016-06-02-20,Normal,-95.99,36.17
16,46,2016-06-02-20,Normal,-89.71,37.47
10,39,2016-06-02-20,Normal,-91.44,38.09
30,95,2016-06-02-20,Normal,-88.02,42.04
26,17,2016-06-02-20,Normal,-90.86,38.46
32,71,2016-06-02-20,Normal,-91.05,41.72
18,49,2016-06-02-20,Normal,-90.24,39.72
25,21,2016-06-02-20,Normal,-90.64,41.56
17,92,2016-06-02-20,Normal,-92.53,38.98
28,58,2016-06-02-20,Normal,-89.96,39.74
24,68,2016-06-02-20,Normal,-90.64,41.56
14,18,2016-06-02-20,Normal,-90.44,41.54
17,92,2016-06-02-20,Normal,-92.38,38.98
24,68,2016-06-02-20,Normal,-90.82,41.66
22,24,2016-06-02-20,Normal,-90.44,41.54
30,95,2016-06-02-20,Normal,-88.64,42.21
15,32,2016-06-02-20,Normal,-90.15,38.62
32,71,2016-06-02-20,Normal,-90.44,41.54
13,12,2016-06-02-20,Normal,-89.88,41.77
25,21,2016-06-02-20,Normal,-91.24,41.67
19,100,2016-06-02-20,Normal,-95.56,35.97
21,105,2016-06-02-20,Normal,-91.38,34.83
32,71,2016-06-02-20,Normal,-90.29,40.96
28,58,2016-06-02-20,Normal,-90.24,39.72
25,21,2016-06-02-20,Normal,-91.59,41.7
17,92,2016-06-02-20,Normal,-92.03,38.97
20,79,2016-06-02-20,Normal,-89.88,41.77
28,58,2016-06-02-20,Normal,-90.24,39.72
13,12,2016-06-02-20,Normal,-92.19,41.74
16,46,2016-06-02-20,Normal,-89.56,37.2
21,105,2016-06-02-20,Normal,-91.93,34.81
28,58,2016-06-02-20,Normal,-91.2,39.75
29,16,2016-06-02-20,Normal,-93.61,35.51
23,66,2016-06-02-20,Normal,-89.71,37.47
13,12,2016-06-02-20,Normal,-92.4,41.78
25,21,2016-06-02-20,Normal,-93.58,41.62
24,68,2016-06-02-20,Normal,-93.58,41.62
17,92,2016-06-02-20,Normal,-90.67,38.82
25,21,2016-06-02-20,Normal,-93.58,41.62
12,74,2016-06-02-20,Normal,-94.31,37.31
21,105,2016-06-02-20,Normal,-91.38,34.83
15,32,2016-06-02-20,Normal,-90.07,35.68
25,21,2016-06-02-20,Normal,-93.36,41.69
14,18,2016-06-02-20,Normal,-91.32,41.71
30,95,2016-06-02-20,Normal,-91.59,41.7
26,17,2016-06-02-20,Normal,-91.44,38.09
11,27,2016-06-02-20,Normal,-87.67,41.87
18,49,2016-06-02-20,Normal,-92.57,39.77
29,16,2016-06-02-20,Normal,-93.12,35.31
17,92,2016-06-02-20,Normal,-90.55,38.81
13,12,2016-06-02-20,Normal,-93.04,41.71
27,81,2016-06-02-20,Normal,-90.67,38.82
31,48,2016-06-02-20,Normal,-88.64,42.21
19,100,2016-06-02-20,Normal,-92.87,35.25
31,48,2016-06-02-20,Normal,-88.02,42.04
15,32,2016-06-02-20,Normal,-89.8,35.94
12,74,2016-06-02-20,Normal,-94.38,38.99
27,81,2016-06-02-20,Normal,-90.55,38.81
20,79,2016-06-02-20,Normal,-90.29,40.96
18,49,2016-06-02-20,Normal,-93.6,39.77
19,100,2016-06-02-20,Normal,-92.53,35.15
22,24,2016-06-02-20,Normal,-89.91,40.86
13,12,2016-06-02-20,Normal,-88.77,40.76
17,92,2016-06-02-20,Normal,-90.93,38.82
10,39,2016-06-02-20,Normal,-92.31,37.81
23,66,2016-06-02-20,Normal,-90.07,35.68
16,46,2016-06-02-20,Normal,-89.8,35.94
18,49,2016-06-02-20,Normal,-94.15,39.77
13,12,2016-06-02-20,Normal,-88.07,41.48
12,74,2016-06-02-20,Normal,-94.37,38.0
25,21,2016-06-02-20,Normal,-90.82,41.66
21,105,2016-06-02-20,Normal,-91.38,34.83
20,79,2016-06-02-20,Normal,-90.7,41.62
29,16,2016-06-02-20,Normal,-93.12,35.31
17,92,2016-06-02-20,Normal,-91.1,38.83
32,71,2016-06-02-20,Normal,-89.8,35.94
24,68,2016-06-02-20,Normal,-90.64,41.56
19,100,2016-06-02-20,Normal,-93.36,35.4
31,48,2016-06-02-20,Normal,-91.94,41.71
23,66,2016-06-02-20,Normal,-90.35,38.43
26,17,2016-06-02-20,Normal,-95.14,36.66
11,27,2016-06-02-20,Normal,-88.42,41.11
21,105,2016-06-02-20,Normal,-91.14,34.96
31,48,2016-06-02-20,Normal,-92.19,41.74
27,81,2016-06-02-20,Normal,-92.63,38.95
30,95,2016-06-02-20,Normal,-89.63,39.84
25,21,2016-06-02-20,Normal,-87.66,41.89
14,18,2016-06-02-20,Normal,-91.05,41.72
19,100,2016-06-02-20,Normal,-95.76,36.08
17,92,2016-06-02-20,Normal,-93.2,38.98
25,21,2016-06-02-20,Normal,-88.02,42.04
13,12,2016-06-02-20,Normal,-89.63,39.84
15,32,2016-06-02-20,Normal,-91.74,34.89
32,71,2016-06-02-20,Normal,-90.0,37.72
17,92,2016-06-02-20,Normal,-93.45,38.99
27,81,2016-06-02-20,Normal,-93.01,38.97
11,27,2016-06-02-20,Normal,-89.63,39.84
26,17,2016-06-02-20,Normal,-95.69,36.25
23,66,2016-06-02-20,Normal,-89.71,37.47
29,16,2016-06-02-20,Normal,-96.44,36.23
17,92,2016-06-02-20,Normal,-93.65,39.0
12,74,2016-06-02-20,Normal,-94.59,39.1
18,49,2016-06-02-20,Normal,-93.93,39.76
28,58,2016-06-02-20,Normal,-94.24,39.63
19,100,2016-06-02-20,Normal,-96.44,36.23
23,66,2016-06-02-20,Normal,-89.56,37.2
18,49,2016-06-02-20,Normal,-93.6,39.77
31,48,2016-06-02-20,Normal,-93.36,41.69
26,17,2016-06-02-20,Normal,-95.99,36.17
15,32,2016-06-02-20,Normal,-92.31,34.78
25,21,2016-06-02-20,Normal,-88.96,42.25
10,39,2016-06-02-20,Normal,-95.5,36.37
18,49,2016-06-02-20,Normal,-93.33,39.77
24,68,2016-06-02-20,Normal,-89.03,41.92
13,12,2016-06-02-20,Normal,-88.07,41.48
19,100,2016-06-02-20,Normal,-96.97,36.24
11,27,2016-06-02-20,Normal,-89.74,39.1
26,17,2016-06-02-20,Normal,-95.99,36.17
10,39,2016-06-02-20,Normal,-95.69,36.25
18,49,2016-06-02-20,Normal,-93.13,39.78
20,79,2016-06-02-20,Normal,-90.29,40.96
31,48,2016-06-02-20,Normal,-93.36,41.69
29,16,2016-06-02-20,Normal,-97.35,36.4
15,32,2016-06-02-20,Normal,-92.09,34.8
13,12,2016-06-02-20,Normal,-87.67,41.87
16,46,2016-06-02-20,Normal,-94.38,38.99
21,105,2016-06-02-20,Normal,-90.94,35.03
29,16,2016-06-02-20,Normal,-97.34,36.63
30,95,2016-06-02-20,Normal,-88.07,41.48
16,46,2016-06-02-20,Normal,-94.31,37.31
32,71,2016-06-02-20,Normal,-90.07,35.68
14,18,2016-06-02-20,Normal,-91.32,41.71
13,12,2016-06-02-20,Normal,-89.74,39.1
26,17,2016-06-02-20,Normal,-94.83,36.84
15,32,2016-06-02-20,Normal,-90.37,35.21
22,24,2016-06-02-20,Normal,-91.63,41.72
31,48,2016-06-02-20,Normal,-91.59,41.7
22,24,2016-06-02-20,Normal,-91.47,41.74
26,17,2016-06-02-20,Normal,-94.54,37.02
25,21,2016-06-02-20,Normal,-91.94,41.71
28,58,2016-06-02-20,Normal,-92.27,39.76
16,46,2016-06-02-20,Normal,-94.58,37.03
19,100,2016-06-02-20,Normal,-97.36,37.69
32,71,2016-06-02-20,Normal,-89.65,36.37
22,24,2016-06-02-20,Normal,-91.78,42.23
21,105,2016-06-02-20,Normal,-92.09,34.8
13,12,2016-06-02-20,Normal,-90.2,38.65
29,16,2016-06-02-20,Normal,-97.32,37.48
19,100,2016-06-02-20,Normal,-97.36,37.69
11,27,2016-06-02-20,Normal,-88.77,40.76
22,24,2016-06-02-20,Normal,-91.78,42.23
18,49,2016-06-02-20,Normal,-91.2,39.75
20,79,2016-06-02-20,Normal,-91.47,41.74
11,27,2016-06-02-20,Normal,-89.17,40.38
29,16,2016-06-02-20,Normal,-97.32,37.27
12,74,2016-06-02-20,Normal,-94.37,38.0
18,49,2016-06-02-20,Normal,-90.97,39.72
25,21,2016-06-02-20,Normal,-92.74,41.75
26,17,2016-06-02-20,Normal,-93.34,37.21
19,100,2016-06-02-20,Normal,-97.32,37.27
16,46,2016-06-02-20,Normal,-94.3,37.66
32,71,2016-06-02-20,Normal,-90.0,37.72
25,21,2016-06-02-20,Normal,-93.36,41.69
12,74,2016-06-02-20,Normal,-94.35,38.33
11,27,2016-06-02-20,Normal,-89.63,39.84
28,58,2016-06-02-20,Normal,-91.2,39.75
15,32,2016-06-02-20,Normal,-91.14,34.96
22,24,2016-06-02-20,Normal,-91.47,41.74
28,58,2016-06-02-20,Normal,-90.97,39.72
12,74,2016-06-02-20,Normal,-94.38,38.67
21,105,2016-06-02-20,Normal,-90.94,35.03
18,49,2016-06-02-20,Normal,-90.63,39.7
23,66,2016-06-02-20,Normal,-90.0,37.72
16,46,2016-06-02-20,Normal,-94.37,38.0
26,17,2016-06-02-20,Normal,-92.99,37.34
27,81,2016-06-02-20,Normal,-92.85,38.93
22,24,2016-06-02-20,Normal,-91.05,41.72
15,32,2016-06-02-20,Normal,-91.38,34.83
26,42,2016-06-02-20,Normal,-91.3,38.14
21,21,2016-06-02-20,Normal,-94.38,38.99
25,53,2016-06-02-20,Normal,-89.65,36.37
12,55,2016-06-02-20,Normal,-89.8,35.94
28,34,2016-06-02-20,Normal,-90.63,39.7
25,53,2016-06-02-20,Normal,-89.54,36.84
20,47,2016-06-02-20,Normal,-91.24,41.67
27,59,2016-06-02-20,Normal,-91.33,38.87
18,16,2016-06-02-20,Normal,-90.79,39.69
15,48,2016-06-02-20,Normal,-92.31,34.78
24,102,2016-06-02-20,Normal,-88.42,41.11
30,41,2016-06-02-20,Normal,-90.64,41.56
12,55,2016-06-02-20,Normal,-89.65,36.37
16,69,2016-06-02-20,Normal,-91.47,41.74
11,19,2016-06-02-20,Normal,-87.67,41.87
23,93,2016-06-02-20,Normal,-91.63,41.72
31,82,2016-06-02-20,Normal,-94.59,39.1
19,109,2016-06-02-20,Normal,-97.14,36.41
32,84,2016-06-02-20,Normal,-92.31,34.78
21,21,2016-06-02-20,Normal,-94.59,39.1
20,47,2016-06-02-20,Normal,-90.82,41.66
26,42,2016-06-02-20,Normal,-91.69,37.99
16,69,2016-06-02-20,Normal,-91.78,42.23
10,23,2016-06-02-20,Normal,-91.69,37.99
17,86,2016-06-02-20,Normal,-92.03,38.97
22,24,2016-06-02-20,Normal,-92.09,34.8
18,16,2016-06-02-20,Normal,-91.2,39.75
31,82,2016-06-02-20,Normal,-94.38,38.67
20,47,2016-06-02-20,Normal,-90.2,41.59
29,108,2016-06-02-20,Normal,-96.21,36.19
19,109,2016-06-02-20,Normal,-96.44,36.23
27,59,2016-06-02-20,Normal,-92.03,38.97
21,21,2016-06-02-20,Normal,-94.35,38.33
13,10,2016-06-02-20,Normal,-89.88,41.77
19,109,2016-06-02-20,Normal,-96.21,36.19
27,59,2016-06-02-20,Normal,-92.22,38.96
11,19,2016-06-02-20,Normal,-89.17,40.38
15,48,2016-06-02-20,Normal,-91.74,34.89
14,15,2016-06-02-20,Normal,-94.37,38.0
30,41,2016-06-02-20,Normal,-89.6,41.76
12,55,2016-06-02-20,Normal,-90.07,35.68
17,86,2016-06-02-20,Normal,-92.53,38.98
19,109,2016-06-02-20,Normal,-95.99,36.17
20,47,2016-06-02-20,Normal,-89.29,41.85
18,16,2016-06-02-20,Normal,-91.8,39.67
23,93,2016-06-02-20,Normal,-91.05,41.72
19,109,2016-06-02-20,Normal,-95.76,36.08
21,21,2016-06-02-20,Normal,-94.3,37.66
18,16,2016-06-02-20,Normal,-92.07,39.71
23,93,2016-06-02-20,Normal,-90.7,41.62
14,15,2016-06-02-20,Normal,-94.31,37.31
32,84,2016-06-02-20,Normal,-91.14,34.96
18,16,2016-06-02-20,Normal,-92.27,39.76
28,34,2016-06-02-20,Normal,-92.27,39.76
23,93,2016-06-02-20,Normal,-90.44,41.54
25,53,2016-06-02-20,Normal,-89.65,36.37
28,34,2016-06-02-20,Normal,-92.42,39.76
16,69,2016-06-02-20,Normal,-90.29,40.96
27,59,2016-06-02-20,Normal,-92.63,38.95
31,82,2016-06-02-20,Normal,-94.46,37.16
32,84,2016-06-02-20,Normal,-90.68,35.12
22,24,2016-06-02-20,Normal,-90.68,35.12
24,102,2016-06-02-20,Normal,-89.63,39.84
18,16,2016-06-02-20,Normal,-92.42,39.76
23,93,2016-06-02-20,Normal,-89.91,40.86
17,86,2016-06-02-20,Normal,-93.45,38.99
30,41,2016-06-02-20,Normal,-88.02,42.04
14,15,2016-06-02-20,Normal,-94.58,37.03
28,34,2016-06-02-20,Normal,-92.57,39.77
25,53,2016-06-02-20,Normal,-89.71,37.47
25,53,2016-06-02-20,Normal,-89.56,37.2
32,84,2016-06-02-20,Normal,-90.37,35.21
20,47,2016-06-02-20,Normal,-88.41,42.11
29,108,2016-06-02-20,Normal,-94.88,35.47
10,23,2016-06-02-20,Normal,-93.14,37.26
12,55,2016-06-02-20,Normal,-90.0,37.72
22,24,2016-06-02-20,Normal,-90.04,35.19
28,34,2016-06-02-20,Normal,-92.94,39.77
31,82,2016-06-02-20,Normal,-94.31,37.31
20,47,2016-06-02-20,Normal,-87.66,41.89
26,42,2016-06-02-20,Normal,-93.69,37.16
10,23,2016-06-02-20,Normal,-93.34,37.21
30,41,2016-06-02-20,Normal,-87.66,41.89
31,82,2016-06-02-20,Normal,-94.3,37.66
21,21,2016-06-02-20,Normal,-94.3,37.66
25,53,2016-06-02-20,Normal,-90.24,38.0
10,23,2016-06-02-20,Normal,-93.69,37.16
12,55,2016-06-02-20,Normal,-90.35,38.43
25,53,2016-06-02-20,Normal,-90.35,38.43
26,42,2016-06-02-20,Normal,-93.96,37.08
21,21,2016-06-02-20,Normal,-94.37,38.0
31,82,2016-06-02-20,Normal,-94.37,38.0
11,19,2016-06-02-20,Normal,-88.07,41.48
22,24,2016-06-02-20,Normal,-90.94,35.03
32,84,2016-06-02-20,Normal,-90.94,35.03
21,21,2016-06-02-20,Normal,-94.35,38.33
30,41,2016-06-02-20,Normal,-88.41,42.11
15,48,2016-06-02-20,Normal,-90.94,35.03
31,82,2016-06-02-20,Normal,-94.35,38.33
20,47,2016-06-02-20,Normal,-88.41,42.11
27,59,2016-06-02-20,Normal,-94.16,39.04
16,69,2016-06-02-20,Normal,-90.7,41.62
31,82,2016-06-02-20,Normal,-94.38,38.67
12,55,2016-06-02-20,Normal,-90.35,38.43
11,19,2016-06-02-20,Normal,-87.67,41.87
31,82,2016-06-02-20,Normal,-94.38,38.99
12,55,2016-06-02-20,Normal,-90.24,38.0
19,109,2016-06-02-20,Normal,-93.36,35.4
14,15,2016-06-02-20,Normal,-94.38,38.99
30,41,2016-06-02-20,Normal,-89.03,41.92
10,23,2016-06-02-20,Normal,-94.83,36.84
28,34,2016-06-02-20,Normal,-94.25,39.73
26,42,2016-06-02-20,Normal,-95.01,36.73
15,48,2016-06-02-20,Normal,-91.74,34.89
14,15,2016-06-02-20,Normal,-94.59,39.1
32,84,2016-06-02-20,Normal,-91.74,34.89
11,19,2016-06-02-20,Normal,-88.42,41.11
29,108,2016-06-02-20,Normal,-92.53,35.15
17,86,2016-06-02-20,Normal,-94.16,39.04
16,69,2016-06-02-20,Normal,-91.47,41.74
12,55,2016-06-02-20,Normal,-89.71,37.47
32,84,2016-06-02-20,Normal,-91.93,34.81
25,53,2016-06-02-20,Normal,-89.71,37.47
29,108,2016-06-02-20,Normal,-92.25,34.92
12,55,2016-06-02-20,Normal,-89.56,37.2
22,24,2016-06-02-20,Normal,-92.31,34.78
28,34,2016-06-02-20,Normal,-94.36,39.37
31,82,2016-06-02-20,Normal,-94.38,38.99
27,59,2016-06-02-20,Normal,-94.16,39.04
16,69,2016-06-02-20,Normal,-91.78,42.23
31,82,2016-06-02-20,Normal,-94.35,38.33
17,86,2016-06-02-20,Normal,-93.65,39.0
13,10,2016-06-02-20,Normal,-89.6,41.76
11,19,2016-06-02-20,Normal,-89.74,39.1
12,55,2016-06-02-20,Normal,-89.54,36.84
25,53,2016-06-02-20,Normal,-89.56,37.2
24,102,2016-06-02-20,Normal,-90.2,38.65
18,16,2016-06-02-20,Normal,-94.42,39.27
16,69,2016-06-02-20,Normal,-91.63,41.72
19,109,2016-06-02-20,Normal,-92.25,34.75
23,93,2016-06-02-20,Normal,-91.47,41.74
32,84,2016-06-02-20,Normal,-92.31,34.78
10,23,2016-06-02-20,Normal,-95.69,36.25
26,42,2016-06-02-20,Normal,-95.99,36.17
28,34,2016-06-02-20,Normal,-94.57,39.15
15,48,2016-06-02-20,Normal,-92.09,34.8
20,47,2016-06-02-20,Normal,-90.82,41.66
19,109,2016-06-02-20,Normal,-92.25,34.92
29,108,2016-06-02-20,Normal,-92.53,35.15
11,19,2016-06-02-20,Normal,-90.2,38.65
24,102,2016-06-02-20,Normal,-89.74,39.1
27,59,2016-06-02-20,Normal,-93.45,38.99
30,41,2016-06-02-20,Normal,-91.24,41.67
15,48,2016-06-02-20,Normal,-91.74,34.89
24,102,2016-06-02-20,Normal,-89.63,39.84
14,15,2016-06-02-20,Normal,-94.31,37.31
32,84,2016-06-02-20,Normal,-91.74,34.89
28,34,2016-06-02-20,Normal,-94.36,39.37
32,84,2016-06-02-20,Normal,-91.38,34.83
21,21,2016-06-02-20,Normal,-94.46,37.16
25,53,2016-06-02-20,Normal,-90.24,35.35
16,69,2016-06-02-20,Normal,-91.05,41.72
31,82,2016-06-02-20,Normal,-94.58,37.03
11,19,2016-06-02-20,Normal,-89.63,39.84
25,53,2016-06-02-20,Normal,-90.07,35.1
29,108,2016-06-02-20,Normal,-93.36,35.4
13,10,2016-06-02-20,Normal,-91.94,41.71
20,47,2016-06-02-20,Normal,-91.94,41.71
14,15,2016-06-02-20,Normal,-94.58,37.03
27,59,2016-06-02-20,Normal,-92.85,38.93
29,108,2016-06-02-20,Normal,-93.61,35.51
24,102,2016-06-02-20,Normal,-88.42,41.11
21,21,2016-06-02-20,Normal,-94.58,37.03
22,24,2016-06-02-20,Normal,-90.68,35.12
29,108,2016-06-02-20,Normal,-93.92,35.53
27,59,2016-06-02-20,Normal,-92.63,38.95
22,24,2016-06-02-20,Normal,-92.31,34.78
12,55,2016-06-02-20,Normal,-90.0,37.72
28,34,2016-06-02-20,Normal,-91.59,39.68
14,15,2016-06-02-20,Normal,-94.31,37.31
32,84,2016-06-02-20,Normal,-92.09,34.8
31,82,2016-06-02-20,Normal,-94.31,37.31
19,109,2016-06-02-20,Normal,-96.97,36.24
30,41,2016-06-02-20,Normal,-90.82,41.66
18,16,2016-06-02-20,Normal,-91.2,39.75
25,53,2016-06-02-20,Normal,-90.0,37.72
32,84,2016-06-02-20,Normal,-91.93,34.81
19,109,2016-06-02-20,Normal,-97.14,36.41
26,42,2016-06-02-20,Normal,-92.08,37.81
30,41,2016-06-02-20,Normal,-90.64,41.56
25,53,2016-06-02-20,Normal,-89.71,37.47
24,102,2016-06-02-20,Normal,-88.42,41.11
16,69,2016-06-02-20,Normal,-91.47,41.74
30,41,2016-06-02-20,Normal,-90.2,41.59
14,15,2016-06-02-20,Normal,-94.58,37.03
12,55,2016-06-02-20,Normal,-89.54,36.84
16,69,2016-06-02-20,Normal,-91.32,41.71
10,23,2016-06-02-20,Normal,-92.08,37.81
18,16,2016-06-02-20,Normal,-90.79,39.69
32,84,2016-06-02-20,Normal,-91.38,34.83
20,47,2016-06-02-20,Normal,-87.66,41.89
25,53,2016-06-02-20,Normal,-90.07,35.68
18,16,2016-06-02-20,Normal,-89.66,39.78
21,21,2016-06-02-20,Normal,-94.59,39.1
11,19,2016-06-02-20,Normal,-90.2,38.65
32,84,2016-06-02-20,Normal,-91.14,34.96
30,41,2016-06-02-20,Normal,-88.02,42.04
24,102,2016-06-02-20,Normal,-90.2,38.65
15,48,2016-06-02-20,Normal,-90.94,35.03
13,10,2016-06-02-20,Normal,-87.66,41.89
22,24,2016-06-02-20,Normal,-91.38,34.83
20,47,2016-06-02-20,Normal,-88.41,42.11
25,53,2016-06-02-20,Normal,-89.65,36.37
32,84,2016-06-02-20,Normal,-91.38,34.83
26,42,2016-06-02-20,Normal,-90.18,38.64
25,53,2016-06-02-20,Normal,-89.54,36.84
21,21,2016-06-02-20,Normal,-94.38,38.67
15,48,2016-06-02-20,Normal,-91.38,34.83
20,47,2016-06-02-20,Normal,-88.64,42.21
14,15,2016-06-02-20,Normal,-94.35,38.33
17,86,2016-06-02-20,Normal,-92.63,38.95
28,34,2016-06-02-20,Normal,-89.96,39.74
13,10,2016-06-02-20,Normal,-88.41,42.11
11,19,2016-06-02-20,Normal,-89.63,39.84
20,47,2016-06-02-20,Normal,-88.96,42.25
18,16,2016-06-02-20,Normal,-90.14,39.76
31,82,2016-06-02-20,Normal,-94.37,38.0
27,59,2016-06-02-20,Normal,-94.16,39.04
19,109,2016-06-02-20,Normal,-95.56,35.97
11,19,2016-06-02-20,Normal,-89.17,40.38
15,48,2016-06-02-20,Normal,-90.94,35.03
25,53,2016-06-02-20,Normal,-89.71,37.47
12,55,2016-06-02-20,Normal,-89.54,36.84
24,102,2016-06-02-20,Normal,-89.63,39.84
21,21,2016-06-02-20,Normal,-94.35,38.33
10,23,2016-06-02-20,Normal,-91.99,37.94
12,55,2016-06-02-20,Normal,-89.65,36.37
25,53,2016-06-02-20,Normal,-89.56,37.2
30,41,2016-06-02-20,Normal,-92.19,41.74
18,16,2016-06-02-20,Normal,-91.8,39.67
15,48,2016-06-02-20,Normal,-90.37,35.21
11,19,2016-06-02-20,Normal,-89.74,39.1
30,41,2016-06-02-20,Normal,-92.4,41.78
17,86,2016-06-02-20,Normal,-94.16,39.04
31,82,2016-06-02-20,Normal,-94.59,39.1
12,55,2016-06-02-20,Normal,-90.07,35.68
18,16,2016-06-02-20,Normal,-92.07,39.71
21,21,2016-06-02-20,Normal,-94.38,38.99
28,34,2016-06-02-20,Normal,-91.8,39.67
13,10,2016-06-02-20,Normal,-92.4,41.78
14,15,2016-06-02-20,Normal,-94.58,37.03
26,42,2016-06-02-20,Normal,-94.54,37.02
28,34,2016-06-02-20,Normal,-93.93,39.76
16,69,2016-06-02-20,Normal,-91.78,42.23
15,48,2016-06-02-20,Normal,-92.31,34.78
13,10,2016-06-02-20,Normal,-92.19,41.74
14,15,2016-06-02-20,Normal,-94.58,37.03
12,55,2016-06-02-20,Normal,-89.71,37.47
25,53,2016-06-02-20,Normal,-89.56,37.2
17,86,2016-06-02-20,Normal,-92.22,38.96
32,84,2016-06-02-20,Normal,-92.09,34.8
31,82,2016-06-02-20,Normal,-89.74,39.1
15,48,2016-06-02-20,Normal,-92.09,34.8
26,42,2016-06-02-20,Normal,-95.01,36.73
17,86,2016-06-02-20,Normal,-92.03,38.97
16,69,2016-06-02-20,Normal,-91.47,41.74
30,41,2016-06-02-20,Normal,-91.24,41.67
27,59,2016-06-02-20,Normal,-92.22,38.96
28,34,2016-06-02-20,Normal,-94.24,39.63
15,48,2016-06-02-20,Normal,-91.93,34.81
24,102,2016-06-02-20,Normal,-91.93,34.81
22,24,2016-06-02-20,Normal,-91.74,34.89
16,69,2016-06-02-20,Normal,-91.32,41.71
13,10,2016-06-02-20,Normal,-91.24,41.67
30,41,2016-06-02-20,Normal,-90.82,41.66
11,19,2016-06-02-20,Normal,-89.6,41.76
25,53,2016-06-02-20,Normal,-90.24,38.0
29,108,2016-06-02-20,Normal,-93.12,35.31
19,109,2016-06-02-20,Normal,-92.87,35.25
26,42,2016-06-02-20,Normal,-95.5,36.37
30,41,2016-06-02-20,Normal,-90.64,41.56
31,82,2016-06-02-20,Normal,-88.77,40.76
24,102,2016-06-02-20,Normal,-91.38,34.83
20,47,2016-06-02-20,Normal,-90.2,41.59
32,84,2016-06-02-20,Normal,-91.14,34.96
19,109,2016-06-02-20,Normal,-93.12,35.31
26,42,2016-06-02-20,Normal,-95.69,36.25
10,23,2016-06-02-20,Normal,-95.5,36.37
25,53,2016-06-02-20,Normal,-90.15,38.62
27,59,2016-06-02-20,Normal,-91.33,38.87
21,21,2016-06-02-20,Normal,-88.42,41.11
25,53,2016-06-02-20,Normal,-90.15,38.62
19,109,2016-06-02-20,Normal,-93.36,35.4
20,47,2016-06-02-20,Normal,-89.6,41.76
17,86,2016-06-02-20,Normal,-91.1,38.83
13,10,2016-06-02-20,Normal,-89.88,41.77
16,69,2016-06-02-20,Normal,-90.29,40.96
17,86,2016-06-02-20,Normal,-90.93,38.82
12,55,2016-06-02-20,Normal,-90.24,38.0
26,42,2016-06-02-20,Normal,-95.99,36.17
31,82,2016-06-02-20,Normal,-89.63,39.84
21,21,2016-06-02-20,Normal,-89.17,40.38
13,10,2016-06-02-20,Normal,-88.41,42.11
27,59,2016-06-02-20,Normal,-90.21,38.65
32,84,2016-06-02-20,Normal,-90.7,41.62
18,16,2016-06-02-20,Normal,-93.6,39.77
28,34,2016-06-02-20,Normal,-93.93,39.76
11,19,2016-06-02-20,Normal,-88.64,42.21
17,86,2016-06-02-20,Normal,-90.41,38.75
24,102,2016-06-02-20,Normal,-91.14,34.96
15,48,2016-06-02-20,Normal,-91.05,41.72
31,82,2016-06-02-20,Normal,-89.74,39.1
16,69,2016-06-02-20,Normal,-90.7,41.62
13,10,2016-06-02-20,Normal,-87.66,41.89
31,82,2016-06-02-20,Normal,-90.2,38.65
21,21,2016-06-02-20,Normal,-90.2,38.65
25,53,2016-06-02-20,Normal,-90.07,35.68
16,69,2016-06-02-20,Normal,-91.05,41.72
31,82,2016-06-02-20,Normal,-90.2,38.65
28,34,2016-06-02-20,Normal,-93.33,39.77
16,69,2016-06-02-20,Normal,-91.32,41.71
32,84,2016-06-02-20,Normal,-91.47,41.74
19,109,2016-06-02-20,Normal,-95.99,36.17
22,24,2016-06-02-20,Normal,-91.93,34.81
11,19,2016-06-02-20,Normal,-89.29,41.85
13,10,2016-06-02-20,Normal,-89.03,41.92
28,34,2016-06-02-20,Normal,-92.27,39.76
10,23,2016-06-02-20,Normal,-93.34,37.21
12,55,2016-06-02-20,Normal,-89.54,36.84
15,48,2016-06-02-20,Normal,-91.47,41.74
22,24,2016-06-02-20,Normal,-91.74,34.89
28,34,2016-06-02-20,Normal,-92.07,39.71
15,48,2016-06-02-20,Normal,-91.32,41.71
23,93,2016-06-02-20,Normal,-90.07,35.68
13,10,2016-06-02-20,Normal,-89.6,41.76
25,53,2016-06-02-20,Normal,-89.56,37.2
26,42,2016-06-02-20,Normal,-92.99,37.34
24,102,2016-06-02-20,Normal,-91.38,34.83
28,34,2016-06-02-20,Normal,-91.59,39.68
32,84,2016-06-02-20,Normal,-90.44,41.54
12,55,2016-06-02-20,Normal,-89.56,37.2
29,108,2016-06-02-20,Normal,-97.37,36.79
26,42,2016-06-02-20,Normal,-92.89,37.51
12,55,2016-06-02-20,Normal,-89.71,37.47
32,84,2016-06-02-20,Normal,-90.7,41.62
14,15,2016-06-02-20,Normal,-91.05,41.72
12,55,2016-06-02-20,Normal,-90.0,37.72
29,108,2016-06-02-20,Normal,-97.32,37.15
23,93,2016-06-02-20,Normal,-89.65,36.37
19,109,2016-06-02-20,Normal,-97.37,36.91
18,11,2016-06-02-20,Normal,-90.52,39.71
12,22,2016-06-02-20,Normal,-93.04,41.71
16,71,2016-06-02-20,Normal,-91.32,41.71
15,92,2016-06-02-20,Normal,-94.31,37.31
24,89,2016-06-02-20,Normal,-89.91,40.86
19,65,2016-06-02-20,Normal,-96.97,36.24
22,29,2016-06-02-20,Normal,-91.63,41.72
22,29,2016-06-02-20,Normal,-91.78,42.23
28,90,2016-06-02-20,Normal,-90.63,39.7
28,90,2016-06-02-20,Normal,-90.52,39.71
25,106,2016-06-02-20,Normal,-92.74,41.75
20,47,2016-06-02-20,Normal,-93.58,41.62
26,42,2016-06-02-20,Normal,-90.18,38.64
24,102,2016-06-02-20,Normal,-90.2,38.65
18,16,2016-06-02-20,Normal,-89.66,39.78
25,53,2016-06-02-20,Normal,-90.15,38.62
32,84,2016-06-02-20,Normal,-90.04,35.19
20,47,2016-06-02-20,Normal,-93.36,41.69
27,59,2016-06-02-20,Normal,-90.41,38.75
22,24,2016-06-02-20,Normal,-90.68,35.12
24,102,2016-06-02-20,Normal,-89.74,39.1
31,82,2016-06-02-20,Normal,-94.46,37.16
30,41,2016-06-02-20,Normal,-93.36,41.69
28,34,2016-06-02-20,Normal,-89.96,39.74
16,69,2016-06-02-20,Normal,-90.29,40.96
21,21,2016-06-02-20,Normal,-94.31,37.31
14,15,2016-06-02-20,Normal,-94.31,37.31
12,55,2016-06-02-20,Normal,-90.0,37.72
27,59,2016-06-02-20,Normal,-90.55,38.81
17,86,2016-06-02-20,Normal,-90.67,38.82
23,93,2016-06-02-20,Normal,-90.44,41.54
10,23,2016-06-02-20,Normal,-90.69,38.5
18,16,2016-06-02-20,Normal,-90.14,39.76
25,53,2016-06-02-20,Normal,-90.0,37.72
19,109,2016-06-02-20,Normal,-97.32,37.15
21,21,2016-06-02-20,Normal,-94.37,38.0
26,42,2016-06-02-20,Normal,-90.86,38.46
13,10,2016-06-02-20,Normal,-92.4,41.78
10,23,2016-06-02-20,Normal,-90.86,38.46
14,15,2016-06-02-20,Normal,-94.35,38.33
25,53,2016-06-02-20,Normal,-89.71,37.47
13,10,2016-06-02-20,Normal,-92.19,41.74
17,86,2016-06-02-20,Normal,-90.93,38.82
31,82,2016-06-02-20,Normal,-94.35,38.33
23,93,2016-06-02-20,Normal,-91.05,41.72
26,42,2016-06-02-20,Normal,-91.18,38.22
19,109,2016-06-02-20,Normal,-97.37,36.79
23,93,2016-06-02-20,Normal,-91.32,41.71
14,15,2016-06-02-20,Normal,-94.38,38.67
30,41,2016-06-02-20,Normal,-91.94,41.71
30,41,2016-06-02-20,Normal,-92.4,41.78
11,19,2016-06-02-20,Normal,-88.77,40.76
32,84,2016-06-02-20,Normal,-90.68,35.12
20,47,2016-06-02-20,Normal,-92.4,41.78
14,15,2016-06-02-20,Normal,-94.31,37.31
32,84,2016-06-02-20,Normal,-90.37,35.21
31,82,2016-06-02-20,Normal,-94.3,37.66
31,82,2016-06-02-20,Normal,-94.31,37.31
11,19,2016-06-02-20,Normal,-88.07,41.48
28,34,2016-06-02-20,Normal,-93.93,39.76
10,23,2016-06-02-20,Normal,-95.01,36.73
24,102,2016-06-02-20,Normal,-88.07,41.48
13,10,2016-06-02-20,Normal,-93.04,41.71
22,24,2016-06-02-20,Normal,-90.04,35.19
16,69,2016-06-02-20,Normal,-89.52,40.7
19,109,2016-06-02-20,Normal,-94.22,35.5
13,10,2016-06-02-20,Normal,-92.74,41.75
12,55,2016-06-02-20,Normal,-89.56,37.2
23,93,2016-06-02-20,Normal,-89.52,40.7
22,24,2016-06-02-20,Normal,-90.04,35.19
21,21,2016-06-02-20,Normal,-94.37,38.0
10,23,2016-06-02-20,Normal,-94.83,36.84
13,10,2016-06-02-20,Normal,-93.36,41.69
32,84,2016-06-02-20,Normal,-90.37,35.21
22,24,2016-06-02-20,Normal,-90.37,35.21
20,47,2016-06-02-20,Normal,-93.58,41.62
23,93,2016-06-02-20,Normal,-90.29,40.96
31,82,2016-06-02-20,Normal,-94.38,38.67
13,10,2016-06-02-20,Normal,-93.58,41.62
19,109,2016-06-02-20,Normal,-95.15,35.51
21,21,2016-06-02-20,Normal,-94.38,38.67
16,69,2016-06-02-20,Normal,-90.29,40.96
10,23,2016-06-02-20,Normal,-94.23,37.09
30,41,2016-06-02-20,Normal,-93.36,41.69
20,47,2016-06-02-20,Normal,-93.36,41.69
12,55,2016-06-02-20,Normal,-90.0,37.72
24,102,2016-06-02-20,Normal,-89.17,40.38
11,19,2016-06-02-20,Normal,-88.42,41.11
11,19,2016-06-02-20,Normal,-88.77,40.76
26,42,2016-06-02-20,Normal,-93.69,37.16
26,42,2016-06-02-20,Normal,-93.34,37.21
13,10,2016-06-02-20,Normal,-93.04,41.71
30,41,2016-06-02-20,Normal,-93.04,41.71
22,24,2016-06-02-20,Normal,-91.14,34.96
29,108,2016-06-02-20,Normal,-95.76,36.08
21,21,2016-06-02-20,Normal,-94.59,39.1
12,55,2016-06-02-20,Normal,-90.35,38.43
19,109,2016-06-02-20,Normal,-95.56,35.97
23,93,2016-06-02-20,Normal,-91.32,41.71
20,47,2016-06-02-20,Normal,-92.74,41.75
14,15,2016-06-02-20,Normal,-94.38,38.99
18,16,2016-06-02-20,Normal,-92.42,39.76
21,21,2016-06-02-20,Normal,-94.38,38.99
26,42,2016-06-02-20,Normal,-92.99,37.34
24,102,2016-06-02-20,Normal,-90.2,38.65
15,48,2016-06-02-20,Normal,-91.74,34.89
13,10,2016-06-02-20,Normal,-92.4,41.78
14,15,2016-06-02-20,Normal,-94.38,38.67
19,109,2016-06-02-20,Normal,-95.99,36.17
25,53,2016-06-02-20,Normal,-90.15,38.62
29,108,2016-06-02-20,Normal,-96.44,36.23
18,16,2016-06-02-20,Normal,-92.07,39.71
11,19,2016-06-02-20,Normal,-90.2,38.65
16,69,2016-06-02-20,Normal,-91.63,41.72
26,42,2016-06-02-20,Normal,-92.74,37.6
19,109,2016-06-02-20,Normal,-96.21,36.19
17,86,2016-06-02-20,Normal,-90.55,38.81
30,41,2016-06-02-20,Normal,-91.59,41.7
25,53,2016-06-02-20,Normal,-90.35,38.43
29,108,2016-06-02-20,Normal,-96.97,36.24
10,23,2016-06-02-20,Normal,-92.89,37.51
21,21,2016-06-02-20,Normal,-94.37,38.0
23,93,2016-06-02-20,Normal,-91.78,42.23
30,41,2016-06-02-20,Normal,-89.88,41.77
17,86,2016-06-02-20,Normal,-90.67,38.82
19,109,2016-06-02-20,Normal,-97.37,36.79
14,15,2016-06-02-20,Normal,-94.46,37.16
31,82,2016-06-02-20,Normal,-94.46,37.16
15,48,2016-06-02-20,Normal,-91.38,34.83
17,86,2016-06-02-20,Normal,-90.79,38.83
25,53,2016-06-02-20,Normal,-89.65,36.37
15,48,2016-06-02-20,Normal,-91.14,34.96
12,55,2016-06-02-20,Normal,-90.07,35.68
16,69,2016-06-02-20,Normal,-90.44,41.54
32,84,2016-06-02-20,Normal,-90.94,35.03
25,53,2016-06-02-20,Normal,-89.8,35.94
19,109,2016-06-02-20,Normal,-97.32,37.15
13,10,2016-06-02-20,Normal,-89.6,41.76
14,15,2016-06-02-20,Normal,-94.3,37.66
26,42,2016-06-02-20,Normal,-91.3,38.14
20,47,2016-06-02-20,Normal,-89.03,41.92
17,86,2016-06-02-20,Normal,-91.1,38.83
14,15,2016-06-02-20,Normal,-94.37,38.0
19,109,2016-06-02-20,Normal,-97.32,37.27
15,48,2016-06-02-20,Normal,-90.68,35.12
18,16,2016-06-02-20,Normal,-90.24,39.72
30,41,2016-06-02-20,Normal,-88.96,42.25
21,21,2016-06-02-20,Normal,-94.37,38.0
22,24,2016-06-02-20,Normal,-90.04,35.19
23,93,2016-06-02-20,Normal,-89.52,40.7
14,15,2016-06-02-20,Normal,-94.35,38.33
26,42,2016-06-02-20,Normal,-91.07,38.31
29,108,2016-06-02-20,Normal,-97.36,37.69
14,15,2016-06-02-20,Normal,-94.38,38.67
18,16,2016-06-02-20,Normal,-90.14,39.76
16,69,2016-06-02-20,Normal,-89.52,40.7
31,82,2016-06-02-20,Normal,-94.38,38.67
15,48,2016-06-02-20,Normal,-90.04,35.19
29,108,2016-06-02-20,Normal,-97.36,37.69
18,16,2016-06-02-20,Normal,-89.96,39.74
22,24,2016-06-02-20,Normal,-90.37,35.21
20,47,2016-06-02-20,Normal,-88.02,42.04
29,108,2016-06-02-20,Normal,-97.32,37.48
13,10,2016-06-02-20,Normal,-88.41,42.11
31,82,2016-06-02-20,Normal,-94.38,38.99
15,48,2016-06-02-20,Normal,-90.37,35.21
20,47,2016-06-02-20,Normal,-87.66,41.89
14,15,2016-06-02-20,Normal,-94.59,39.1
27,59,2016-06-02-20,Normal,-91.56,38.93
32,84,2016-06-02-20,Normal,-90.68,35.12
31,82,2016-06-02-20,Normal,-94.59,39.1
24,102,2016-06-02-20,Normal,-90.2,38.65
30,41,2016-06-02-20,Normal,-88.96,42.25
29,108,2016-06-02-20,Normal,-97.14,36.41
26,42,2016-06-02-20,Normal,-90.69,38.5
19,109,2016-06-02-20,Normal,-97.35,36.4
22,24,2016-06-02-20,Normal,-92.09,34.8
23,93,2016-06-02-20,Normal,-91.63,41.72
28,34,2016-06-02-20,Normal,-90.24,39.72
31,82,2016-06-02-20,Normal,-94.31,37.31
18,16,2016-06-02-20,Normal,-90.24,39.72
17,86,2016-06-02-20,Normal,-93.01,38.97
19,109,2016-06-02-20,Normal,-97.14,36.41
25,53,2016-06-02-20,Normal,-90.24,38.0
26,42,2016-06-02-20,Normal,-91.07,38.31
25,53,2016-06-02-20,Normal,-90.0,37.72
21,21,2016-06-02-20,Normal,-94.46,37.16
32,84,2016-06-02-20,Normal,-92.31,34.78
27,59,2016-06-02-20,Normal,-92.85,38.93
13,10,2016-06-02-20,Normal,-89.6,41.76
27,59,2016-06-02-20,Normal,-93.2,38.98
14,15,2016-06-02-20,Normal,-94.46,37.16
18,16,2016-06-02-20,Normal,-90.37,39.71
30,41,2016-06-02-20,Normal,-89.6,41.76
28,34,2016-06-02-20,Normal,-90.37,39.71
26,42,2016-06-02-20,Normal,-91.18,38.22
17,86,2016-06-02-20,Normal,-93.65,39.0
31,82,2016-06-02-20,Normal,-94.58,37.03
21,21,2016-06-02-20,Normal,-94.58,37.03
25,53,2016-06-02-20,Normal,-90.15,38.62
18,16,2016-06-02-20,Normal,-90.63,39.7
26,42,2016-06-02-20,Normal,-91.3,38.14
14,15,2016-06-02-20,Normal,-94.46,37.16
16,69,2016-06-02-20,Normal,-91.32,41.71
23,93,2016-06-02-20,Normal,-91.32,41.71
13,10,2016-06-02-20,Normal,-90.2,41.59
28,34,2016-06-02-20,Normal,-90.63,39.7
18,16,2016-06-02-20,Normal,-90.79,39.69
17,86,2016-06-02-20,Normal,-94.0,39.03
16,69,2016-06-02-20,Normal,-91.05,41.72
12,55,2016-06-02-20,Normal,-90.0,37.72
25,53,2016-06-02-20,Normal,-90.35,38.43
28,34,2016-06-02-20,Normal,-90.79,39.69
10,23,2016-06-02-20,Normal,-91.44,38.09
21,21,2016-06-02-20,Normal,-94.31,37.31
20,47,2016-06-02-20,Normal,-91.24,41.67
15,48,2016-06-02-20,Normal,-91.38,34.83
18,16,2016-06-02-20,Normal,-91.2,39.75
25,53,2016-06-02-20,Normal,-90.24,38.0
11,19,2016-06-02-20,Normal,-88.77,40.76
29,108,2016-06-02-20,Normal,-95.42,35.87
11,19,2016-06-02-20,Normal,-90.2,38.65
21,21,2016-06-02-20,Normal,-94.59,39.1
24,102,2016-06-02-20,Normal,-90.2,38.65
32,84,2016-06-02-20,Normal,-90.37,35.21
18,16,2016-06-02-20,Normal,-92.42,39.76
20,47,2016-06-02-20,Normal,-93.04,41.71
30,41,2016-06-02-20,Normal,-93.04,41.71
24,102,2016-06-02-20,Normal,-90.37,35.21
22,24,2016-06-02-20,Normal,-90.68,35.12
15,48,2016-06-02-20,Normal,-90.37,35.21
16,69,2016-06-02-20,Normal,-90.29,40.96
12,55,2016-06-02-20,Normal,-90.07,35.1
10,23,2016-06-02-20,Normal,-92.74,37.6
19,109,2016-06-02-20,Normal,-94.22,35.5
26,42,2016-06-02-20,Normal,-92.89,37.51
18,16,2016-06-02-20,Normal,-92.74,39.76
21,21,2016-06-02-20,Normal,-94.38,38.67
28,34,2016-06-02-20,Normal,-92.57,39.77
30,41,2016-06-02-20,Normal,-93.58,41.62
10,23,2016-06-02-20,Normal,-92.99,37.34
16,69,2016-06-02-20,Normal,-90.44,41.54
14,15,2016-06-02-20,Normal,-94.38,38.67
17,86,2016-06-02-20,Normal,-93.45,38.99
14,15,2016-06-02-20,Normal,-94.35,38.33
26,42,2016-06-02-20,Normal,-93.14,37.26
24,102,2016-06-02-20,Normal,-91.14,34.96
28,34,2016-06-02-20,Normal,-92.74,39.76
30,41,2016-06-02-20,Normal,-93.36,41.69
27,59,2016-06-02-20,Normal,-93.45,38.99
31,82,2016-06-02-20,Normal,-94.37,38.0
20,47,2016-06-02-20,Normal,-93.04,41.71
16,69,2016-06-02-20,Normal,-91.32,41.71
13,10,2016-06-02-20,Normal,-93.58,41.62
19,109,2016-06-02-20,Normal,-93.12,35.31
29,108,2016-06-02-20,Normal,-92.53,35.15
22,24,2016-06-02-20,Normal,-91.74,34.89
30,41,2016-06-02-20,Normal,-93.04,41.71
19,109,2016-06-02-20,Normal,-92.87,35.25
21,21,2016-06-02-20,Normal,-94.3,37.66
24,102,2016-06-02-20,Normal,-91.93,34.81
15,48,2016-06-02-20,Normal,-91.93,34.81
18,16,2016-06-02-20,Normal,-93.93,39.76
15,48,2016-06-02-20,Normal,-91.74,34.89
10,23,2016-06-02-20,Normal,-93.96,37.08
18,16,2016-06-02-20,Normal,-93.6,39.77
12,55,2016-06-02-20,Normal,-89.65,36.37
16,69,2016-06-02-20,Normal,-91.63,41.72
19,109,2016-06-02-20,Normal,-92.53,35.15
15,48,2016-06-02-20,Normal,-92.09,34.8
32,84,2016-06-02-20,Normal,-90.37,35.21
24,102,2016-06-02-20,Normal,-90.68,35.12
22,24,2016-06-02-20,Normal,-90.37,35.21
19,109,2016-06-02-20,Normal,-93.92,35.53
25,53,2016-06-02-20,Normal,-90.24,38.0
11,19,2016-06-02-20,Normal,-88.41,42.11
27,59,2016-06-02-20,Normal,-90.93,38.82
10,23,2016-06-02-20,Normal,-95.99,36.17
22,24,2016-06-02-20,Normal,-90.04,35.19
26,42,2016-06-02-20,Normal,-95.69,36.25
13,10,2016-06-02-20,Normal,-89.29,41.85
12,55,2016-06-02-20,Normal,-89.54,36.84
25,53,2016-06-02-20,Normal,-90.0,37.72
14,15,2016-06-02-20,Normal,-91.78,42.23
31,82,2016-06-02-20,Normal,-88.77,40.76
17,86,2016-06-02-20,Normal,-90.55,38.81
10,23,2016-06-02-20,Normal,-95.69,36.25
18,16,2016-06-02-20,Normal,-94.25,39.73
29,108,2016-06-02-20,Normal,-95.3,35.64
21,21,2016-06-02-20,Normal,-88.77,40.76
24,102,2016-06-02-20,Normal,-90.37,35.21
22,24,2016-06-02-20,Normal,-90.68,35.12
15,48,2016-06-02-20,Normal,-90.29,40.96
27,59,2016-06-02-20,Normal,-90.41,38.75
29,108,2016-06-02-20,Normal,-95.42,35.87
24,102,2016-06-02-20,Normal,-90.68,35.12
14,15,2016-06-02-20,Normal,-91.32,41.71
17,86,2016-06-02-20,Normal,-90.79,38.83
21,21,2016-06-02-20,Normal,-89.74,39.1
19,109,2016-06-02-20,Normal,-96.21,36.19
14,15,2016-06-02-20,Normal,-89.91,40.86
10,23,2016-06-02-20,Normal,-94.54,37.02
20,47,2016-06-02-20,Normal,-88.64,42.21
22,24,2016-06-02-20,Normal,-92.31,34.78
12,55,2016-06-02-20,Normal,-90.07,35.68
15,48,2016-06-02-20,Normal,-91.63,41.72
14,15,2016-06-02-20,Normal,-89.52,40.7
29,108,2016-06-02-20,Normal,-96.97,36.24
14,15,2016-06-02-20,Normal,-89.52,40.7
10,23,2016-06-02-20,Normal,-93.96,37.08
22,24,2016-06-02-20,Normal,-92.09,34.8
23,93,2016-06-02-20,Normal,-90.07,35.68
16,69,2016-06-02-20,Normal,-91.78,42.23
13,10,2016-06-02-20,Normal,-88.96,42.25
20,47,2016-06-02-20,Normal,-89.29,41.85
19,109,2016-06-02-20,Normal,-96.68,36.2
27,59,2016-06-02-20,Normal,-91.1,38.83
19,109,2016-06-02-20,Normal,-96.97,36.24
28,34,2016-06-02-20,Normal,-92.42,39.76
12,55,2016-06-02-20,Normal,-89.65,36.37
26,42,2016-06-02-20,Normal,-93.14,37.26
16,69,2016-06-02-20,Normal,-91.63,41.72
25,53,2016-06-02-20,Normal,-90.0,37.72
15,48,2016-06-02-20,Normal,-90.44,41.54
29,108,2016-06-02-20,Normal,-97.32,37.27
27,59,2016-06-02-20,Normal,-92.22,38.96
19,109,2016-06-02-20,Normal,-97.32,37.15
29,108,2016-06-02-20,Normal,-97.32,37.48
20,47,2016-06-02-20,Normal,-91.24,41.67
26,42,2016-06-02-20,Normal,-92.31,37.81
31,82,2016-06-02-20,Normal,-88.77,40.76
32,84,2016-06-02-20,Normal,-89.91,40.86
19,109,2016-06-02-20,Normal,-97.32,37.27
21,21,2016-06-02-20,Normal,-88.77,40.76
31,82,2016-06-02-20,Normal,-89.17,40.38
15,48,2016-06-02-20,Normal,-89.91,40.86
21,21,2016-06-02-20,Normal,-89.17,40.38
30,41,2016-06-02-20,Normal,-91.94,41.71
13,10,2016-06-02-20,Normal,-91.24,41.67
19,109,2016-06-02-20,Normal,-97.32,37.48
16,69,2016-06-02-20,Normal,-89.91,40.86
31,82,2016-06-02-20,Normal,-89.63,39.84
19,109,2016-06-02-20,Normal,-97.36,37.69
15,48,2016-06-02-20,Normal,-89.52,40.7
25,53,2016-06-02-20,Normal,-90.15,38.62
12,55,2016-06-02-20,Normal,-90.37,35.21
27,59,2016-06-02-20,Normal,-94.0,39.03
18,49,2016-06-02-20,Normal,-89.66,39.78
16,69,2016-06-02-20,Normal,-91.32,41.71
17,92,2016-06-02-20,Normal,-90.21,38.65
25,21,2016-06-02-20,Normal,-90.15,38.62
16,46,2016-06-02-20,Normal,-89.91,40.86
12,74,2016-06-02-20,Normal,-90.15,38.62
32,71,2016-06-02-20,Normal,-90.04,35.19
29,16,2016-06-02-20,Normal,-97.36,37.69
28,58,2016-06-02-20,Normal,-89.66,39.78
30,95,2016-06-02-20,Normal,-93.36,41.69
31,48,2016-06-02-20,Normal,-94.46,37.16
25,21,2016-06-02-20,Normal,-90.35,38.43
10,39,2016-06-02-20,Normal,-90.53,38.51
26,17,2016-06-02-20,Normal,-90.34,38.58
16,46,2016-06-02-20,Normal,-90.29,40.96
12,74,2016-06-02-20,Normal,-90.24,38.0
26,17,2016-06-02-20,Normal,-90.53,38.51
21,105,2016-06-02-20,Normal,-94.31,37.31
27,81,2016-06-02-20,Normal,-90.55,38.81
16,46,2016-06-02-20,Normal,-90.44,41.54
26,17,2016-06-02-20,Normal,-90.69,38.5
31,48,2016-06-02-20,Normal,-94.3,37.66
25,21,2016-06-02-20,Normal,-90.0,37.72
17,92,2016-06-02-20,Normal,-90.67,38.82
28,58,2016-06-02-20,Normal,-90.14,39.76
10,39,2016-06-02-20,Normal,-90.86,38.46
30,95,2016-06-02-20,Normal,-92.4,41.78
12,74,2016-06-02-20,Normal,-89.71,37.47
19,100,2016-06-02-20,Normal,-97.37,36.79
18,49,2016-06-02-20,Normal,-90.24,39.72
26,17,2016-06-02-20,Normal,-91.07,38.31
28,58,2016-06-02-20,Normal,-90.24,39.72
24,68,2016-06-02-20,Normal,-88.77,40.76
31,48,2016-06-02-20,Normal,-94.37,38.0
18,49,2016-06-02-20,Normal,-90.37,39.71
31,48,2016-06-02-20,Normal,-94.38,38.67
25,21,2016-06-02-20,Normal,-89.56,37.2
27,81,2016-06-02-20,Normal,-90.93,38.82
21,105,2016-06-02-20,Normal,-94.35,38.33
13,12,2016-06-02-20,Normal,-91.59,41.7
29,16,2016-06-02-20,Normal,-97.34,36.63
20,79,2016-06-02-20,Normal,-91.59,41.7
24,68,2016-06-02-20,Normal,-87.67,41.87
28,58,2016-06-02-20,Normal,-90.52,39.71
11,27,2016-06-02-20,Normal,-88.07,41.48
14,18,2016-06-02-20,Normal,-94.38,38.99
25,21,2016-06-02-20,Normal,-89.65,36.37
26,17,2016-06-02-20,Normal,-91.3,38.14
19,100,2016-06-02-20,Normal,-97.14,36.41
22,24,2016-06-02-20,Normal,-91.93,34.81
27,81,2016-06-02-20,Normal,-92.22,38.96
32,71,2016-06-02-20,Normal,-91.74,34.89
11,27,2016-06-02-20,Normal,-89.63,39.84
30,95,2016-06-02-20,Normal,-89.6,41.76
28,58,2016-06-02-20,Normal,-91.59,39.68
19,100,2016-06-02-20,Normal,-95.99,36.17
29,16,2016-06-02-20,Normal,-95.99,36.17
30,95,2016-06-02-20,Normal,-89.29,41.85
22,24,2016-06-02-20,Normal,-91.38,34.83
19,100,2016-06-02-20,Normal,-95.76,36.08
10,39,2016-06-02-20,Normal,-92.48,37.8
32,71,2016-06-02-20,Normal,-91.38,34.83
28,58,2016-06-02-20,Normal,-91.8,39.67
11,27,2016-06-02-20,Normal,-90.2,38.65
14,18,2016-06-02-20,Normal,-94.31,37.31
13,12,2016-06-02-20,Normal,-88.96,42.25
25,21,2016-06-02-20,Normal,-89.65,36.37
20,79,2016-06-02-20,Normal,-89.03,41.92
22,24,2016-06-02-20,Normal,-91.14,34.96
21,105,2016-06-02-20,Normal,-94.46,37.16
31,48,2016-06-02-20,Normal,-94.46,37.16
26,17,2016-06-02-20,Normal,-92.74,37.6
28,58,2016-06-02-20,Normal,-92.27,39.76
17,92,2016-06-02-20,Normal,-92.85,38.93
13,12,2016-06-02-20,Normal,-88.64,42.21
25,21,2016-06-02-20,Normal,-89.54,36.84
16,46,2016-06-02-20,Normal,-90.29,40.96
26,17,2016-06-02-20,Normal,-92.89,37.51
17,92,2016-06-02-20,Normal,-93.01,38.97
21,105,2016-06-02-20,Normal,-94.58,37.03
20,79,2016-06-02-20,Normal,-88.41,42.11
18,49,2016-06-02-20,Normal,-92.57,39.77
24,68,2016-06-02-20,Normal,-89.63,39.84
16,46,2016-06-02-20,Normal,-89.91,40.86
17,92,2016-06-02-20,Normal,-93.2,38.98
19,100,2016-06-02-20,Normal,-94.88,35.47
31,48,2016-06-02-20,Normal,-94.46,37.16
16,46,2016-06-02-20,Normal,-89.52,40.7
23,66,2016-06-02-20,Normal,-89.52,40.7
10,39,2016-06-02-20,Normal,-93.14,37.26
12,74,2016-06-02-20,Normal,-89.71,37.47
22,24,2016-06-02-20,Normal,-90.04,35.19
30,95,2016-06-02-20,Normal,-87.66,41.89
32,71,2016-06-02-20,Normal,-90.04,35.19
20,79,2016-06-02-20,Normal,-87.66,41.89
25,21,2016-06-02-20,Normal,-90.24,38.0
16,46,2016-06-02-20,Normal,-89.52,40.7
15,32,2016-06-02-20,Normal,-90.04,35.19
11,27,2016-06-02-20,Normal,-88.42,41.11
13,12,2016-06-02-20,Normal,-89.03,41.92
17,92,2016-06-02-20,Normal,-94.44,39.1
20,79,2016-06-02-20,Normal,-89.03,41.92
22,24,2016-06-02-20,Normal,-91.74,34.89
31,48,2016-06-02-20,Normal,-94.59,39.1
20,79,2016-06-02-20,Normal,-89.29,41.85
25,21,2016-06-02-20,Normal,-90.24,38.0
10,39,2016-06-02-20,Normal,-95.14,36.66
23,66,2016-06-02-20,Normal,-91.32,41.71
28,58,2016-06-02-20,Normal,-94.25,39.73
26,17,2016-06-02-20,Normal,-95.14,36.66
15,32,2016-06-02-20,Normal,-91.93,34.81
17,92,2016-06-02-20,Normal,-94.31,39.04
29,16,2016-06-02-20,Normal,-92.25,34.92
26,17,2016-06-02-20,Normal,-95.35,36.47
11,27,2016-06-02-20,Normal,-89.17,40.38
14,18,2016-06-02-20,Normal,-94.38,38.99
28,58,2016-06-02-20,Normal,-94.28,39.53
10,39,2016-06-02-20,Normal,-95.35,36.47
27,81,2016-06-02-20,Normal,-94.16,39.04
22,24,2016-06-02-20,Normal,-92.31,34.78
15,32,2016-06-02-20,Normal,-92.31,34.78
23,66,2016-06-02-20,Normal,-91.78,42.23
30,95,2016-06-02-20,Normal,-89.88,41.77
18,49,2016-06-02-20,Normal,-94.42,39.27
27,81,2016-06-02-20,Normal,-94.0,39.03
25,21,2016-06-02-20,Normal,-89.54,36.84
23,66,2016-06-02-20,Normal,-91.78,42.23
13,12,2016-06-02-20,Normal,-90.64,41.56
19,100,2016-06-02-20,Normal,-92.25,34.92
10,39,2016-06-02-20,Normal,-95.69,36.25
32,71,2016-06-02-20,Normal,-92.09,34.8
26,17,2016-06-02-20,Normal,-95.76,36.18
20,79,2016-06-02-20,Normal,-90.64,41.56
12,74,2016-06-02-20,Normal,-89.65,36.37
13,12,2016-06-02-20,Normal,-90.82,41.66
21,105,2016-06-02-20,Normal,-94.3,37.66
29,16,2016-06-02-20,Normal,-92.53,35.15
14,18,2016-06-02-20,Normal,-94.3,37.66
17,92,2016-06-02-20,Normal,-93.45,38.99
31,48,2016-06-02-20,Normal,-94.31,37.31
12,74,2016-06-02-20,Normal,-89.8,35.94
24,68,2016-06-02-20,Normal,-89.74,39.1
31,48,2016-06-02-20,Normal,-94.46,37.16
12,74,2016-06-02-20,Normal,-90.07,35.68
20,79,2016-06-02-20,Normal,-91.59,41.7
25,21,2016-06-02-20,Normal,-90.07,35.68
26,17,2016-06-02-20,Normal,-95.99,36.17
10,39,2016-06-02-20,Normal,-95.99,36.17
13,12,2016-06-02-20,Normal,-91.59,41.7
28,58,2016-06-02-20,Normal,-94.36,39.37
17,92,2016-06-02-20,Normal,-92.38,38.98
21,105,2016-06-02-20,Normal,-94.3,37.66
32,71,2016-06-02-20,Normal,-90.04,35.19
10,39,2016-06-02-20,Normal,-95.14,36.66
19,100,2016-06-02-20,Normal,-94.88,35.47
16,46,2016-06-02-20,Normal,-89.52,40.7
20,79,2016-06-02-20,Normal,-93.36,41.69
24,68,2016-06-02-20,Normal,-87.67,41.87
22,24,2016-06-02-20,Normal,-90.04,35.19
29,16,2016-06-02-20,Normal,-95.15,35.51
16,46,2016-06-02-20,Normal,-89.52,40.7
23,66,2016-06-02-20,Normal,-89.91,40.86
30,95,2016-06-02-20,Normal,-93.36,41.69
21,105,2016-06-02-20,Normal,-94.35,38.33
16,46,2016-06-02-20,Normal,-89.91,40.86
28,58,2016-06-02-20,Normal,-93.33,39.77
19,100,2016-06-02-20,Normal,-95.3,35.64
21,105,2016-06-02-20,Normal,-94.38,38.67
24,68,2016-06-02-20,Normal,-88.42,41.11
18,49,2016-06-02-20,Normal,-93.13,39.78
32,71,2016-06-02-20,Normal,-90.94,35.03
19,100,2016-06-02-20,Normal,-95.42,35.87
11,27,2016-06-02-20,Normal,-88.42,41.11
15,32,2016-06-02-20,Normal,-90.68,35.12
26,17,2016-06-02-20,Normal,-93.96,37.08
11,27,2016-06-02-20,Normal,-88.77,40.76
29,16,2016-06-02-20,Normal,-95.56,35.97
17,92,2016-06-02-20,Normal,-91.33,38.87
13,12,2016-06-02-20,Normal,-93.04,41.71
28,58,2016-06-02-20,Normal,-92.74,39.76
31,48,2016-06-02-20,Normal,-94.59,39.1
14,18,2016-06-02-20,Normal,-94.59,39.1
25,21,2016-06-02-20,Normal,-90.0,37.72
12,74,2016-06-02-20,Normal,-90.0,37.72
26,17,2016-06-02-20,Normal,-93.14,37.26
14,18,2016-06-02-20,Normal,-94.59,39.1
19,100,2016-06-02-20,Normal,-95.99,36.17
13,12,2016-06-02-20,Normal,-92.4,41.78
26,17,2016-06-02-20,Normal,-93.34,37.21
25,21,2016-06-02-20,Normal,-90.24,38.0
14,18,2016-06-02-20,Normal,-94.38,38.67
21,105,2016-06-02-20,Normal,-94.59,39.1
15,32,2016-06-02-20,Normal,-91.38,34.83
16,46,2016-06-02-20,Normal,-91.32,41.71
29,16,2016-06-02-20,Normal,-96.44,36.23
29,16,2016-06-02-20,Normal,-96.21,36.19
28,58,2016-06-02-20,Normal,-92.42,39.76
22,24,2016-06-02-20,Normal,-91.74,34.89
12,74,2016-06-02-20,Normal,-90.35,38.43
10,39,2016-06-02-20,Normal,-93.14,37.26
31,48,2016-06-02-20,Normal,-94.35,38.33
23,66,2016-06-02-20,Normal,-91.63,41.72
15,32,2016-06-02-20,Normal,-91.93,34.81
29,16,2016-06-02-20,Normal,-96.68,36.2
17,92,2016-06-02-20,Normal,-90.67,38.82
21,105,2016-06-02-20,Normal,-94.35,38.33
26,17,2016-06-02-20,Normal,-92.74,37.6
12,74,2016-06-02-20,Normal,-90.15,38.62
19,100,2016-06-02-20,Normal,-96.68,36.2
23,66,2016-06-02-20,Normal,-91.78,42.23
15,32,2016-06-02-20,Normal,-92.31,34.78
26,17,2016-06-02-20,Normal,-92.61,37.7
28,58,2016-06-02-20,Normal,-91.8,39.67
22,24,2016-06-02-20,Normal,-92.31,34.78
20,79,2016-06-02-20,Normal,-91.24,41.67
17,92,2016-06-02-20,Normal,-90.41,38.75
13,12,2016-06-02-20,Normal,-91.24,41.67
31,48,2016-06-02-20,Normal,-94.31,37.31
26,17,2016-06-02-20,Normal,-92.48,37.8
17,92,2016-06-02-20,Normal,-90.21,38.65
21,105,2016-06-02-20,Normal,-94.31,37.31
12,74,2016-06-02-20,Normal,-90.24,38.0
31,48,2016-06-02-20,Normal,-94.46,37.16
22,24,2016-06-02-20,Normal,-92.09,34.8
16,46,2016-06-02-20,Normal,-91.63,41.72
23,66,2016-06-02-20,Normal,-91.47,41.74
24,68,2016-06-02-20,Normal,-88.42,41.11
25,21,2016-06-02-20,Normal,-89.56,37.2
21,105,2016-06-02-20,Normal,-94.58,37.03
12,74,2016-06-02-20,Normal,-90.0,37.72
11,27,2016-06-02-20,Normal,-88.77,40.76
15,32,2016-06-02-20,Normal,-91.74,34.89
25,21,2016-06-02-20,Normal,-89.54,36.84
27,81,2016-06-02-20,Normal,-90.21,38.65
29,16,2016-06-02-20,Normal,-97.37,36.79
23,66,2016-06-02-20,Normal,-91.05,41.72
27,81,2016-06-02-20,Normal,-90.41,38.75
11,27,2016-06-02-20,Normal,-88.07,41.48
29,16,2016-06-02-20,Normal,-97.37,36.91
30,95,2016-06-02-20,Normal,-90.2,41.59
27,81,2016-06-02-20,Normal,-90.55,38.81
10,39,2016-06-02-20,Normal,-92.08,37.81
32,71,2016-06-02-20,Normal,-91.14,34.96
13,12,2016-06-02-20,Normal,-89.6,41.76
23,66,2016-06-02-20,Normal,-90.44,41.54
25,21,2016-06-02-20,Normal,-89.8,35.94
11,27,2016-06-02-20,Normal,-87.67,41.87
22,24,2016-06-02-20,Normal,-91.14,34.96
29,16,2016-06-02-20,Normal,-97.32,37.27
22,24,2016-06-02-20,Normal,-92.31,34.78
17,92,2016-06-02-20,Normal,-93.2,38.98
18,49,2016-06-02-20,Normal,-90.24,39.72
10,39,2016-06-02-20,Normal,-90.53,38.51
20,79,2016-06-02-20,Normal,-89.6,41.76
13,12,2016-06-02-20,Normal,-89.6,41.76
15,32,2016-06-02-20,Normal,-92.31,34.78
29,16,2016-06-02-20,Normal,-96.21,36.19
12,74,2016-06-02-20,Normal,-90.24,38.0
16,46,2016-06-02-20,Normal,-91.78,42.23
30,95,2016-06-02-20,Normal,-89.6,41.76
27,81,2016-06-02-20,Normal,-93.45,38.99
24,68,2016-06-02-20,Normal,-87.67,41.87
25,21,2016-06-02-20,Normal,-90.15,38.62
26,17,2016-06-02-20,Normal,-91.18,38.22
13,12,2016-06-02-20,Normal,-90.2,41.59
24,68,2016-06-02-20,Normal,-88.07,41.48
19,100,2016-06-02-20,Normal,-96.21,36.19
30,95,2016-06-02-20,Normal,-89.88,41.77
17,92,2016-06-02-20,Normal,-93.85,39.01
32,71,2016-06-02-20,Normal,-91.74,34.89
13,12,2016-06-02-20,Normal,-90.64,41.56
28,58,2016-06-02-20,Normal,-90.79,39.69
30,95,2016-06-02-20,Normal,-90.2,41.59
31,48,2016-06-02-20,Normal,-94.31,37.31
29,16,2016-06-02-20,Normal,-95.56,35.97
14,18,2016-06-02-20,Normal,-94.31,37.31
19,100,2016-06-02-20,Normal,-95.76,36.08
22,24,2016-06-02-20,Normal,-91.38,34.83
17,92,2016-06-02-20,Normal,-94.16,39.04
24,68,2016-06-02-20,Normal,-88.77,40.76
23,66,2016-06-02-20,Normal,-90.7,41.62
15,32,2016-06-02-20,Normal,-91.38,34.83
21,105,2016-06-02-20,Normal,-94.3,37.66
17,92,2016-06-02-20,Normal,-94.31,39.04
18,49,2016-06-02-20,Normal,-91.2,39.75
16,46,2016-06-02-20,Normal,-90.7,41.62
13,12,2016-06-02-20,Normal,-91.59,41.7
15,32,2016-06-02-20,Normal,-91.14,34.96
25,21,2016-06-02-20,Normal,-89.56,37.2
20,79,2016-06-02-20,Normal,-91.59,41.7
30,95,2016-06-02-20,Normal,-91.24,41.67
16,46,2016-06-02-20,Normal,-90.44,41.54
23,66,2016-06-02-20,Normal,-89.91,40.86
21,105,2016-06-02-20,Normal,-94.38,38.67
17,92,2016-06-02-20,Normal,-94.44,39.1
14,18,2016-06-02-20,Normal,-94.35,38.33
11,27,2016-06-02-20,Normal,-89.17,40.38
27,81,2016-06-02-20,Normal,-94.44,39.1
10,39,2016-06-02-20,Normal,-91.69,37.99
16,46,2016-06-02-20,Normal,-90.29,40.96
12,74,2016-06-02-20,Normal,-89.56,37.2
17,92,2016-06-02-20,Normal,-94.31,39.04
22,24,2016-06-02-20,Normal,-90.37,35.21
15,32,2016-06-02-20,Normal,-90.68,35.12
11,27,2016-06-02-20,Normal,-89.74,39.1
13,12,2016-06-02-20,Normal,-92.74,41.75
25,21,2016-06-02-20,Normal,-89.8,35.94
32,71,2016-06-02-20,Normal,-90.04,35.19
29,16,2016-06-02-20,Normal,-94.57,35.37
10,39,2016-06-02-20,Normal,-92.08,37.81
17,92,2016-06-02-20,Normal,-94.0,39.03
16,46,2016-06-02-20,Normal,-89.52,40.7
29,16,2016-06-02-20,Normal,-93.92,35.53
18,49,2016-06-02-20,Normal,-92.27,39.76
10,39,2016-06-02-20,Normal,-92.31,37.81
19,100,2016-06-02-20,Normal,-94.22,35.5
12,74,2016-06-02-20,Normal,-89.8,35.94
31,48,2016-06-02-20,Normal,-94.59,39.1
19,100,2016-06-02-20,Normal,-93.92,35.53
29,16,2016-06-02-20,Normal,-93.61,35.51
17,92,2016-06-02-20,Normal,-93.85,39.01
28,58,2016-06-02-20,Normal,-92.42,39.76
30,95,2016-06-02-20,Normal,-93.04,41.71
20,79,2016-06-02-20,Normal,-93.04,41.71
16,46,2016-06-02-20,Normal,-91.32,41.71
31,48,2016-06-02-20,Normal,-94.31,37.31
11,27,2016-06-02-20,Normal,-91.05,41.72
28,58,2016-06-02-20,Normal,-93.6,39.77
10,39,2016-06-02-20,Normal,-93.34,37.21
21,105,2016-06-02-20,Normal,-94.46,37.16
26,17,2016-06-02-20,Normal,-93.96,37.08
24,68,2016-06-02-20,Normal,-90.82,41.66
16,46,2016-06-02-20,Normal,-91.63,41.72
16,46,2016-06-02-20,Normal,-91.47,41.74
15,32,2016-06-02-20,Normal,-91.93,34.81
13,12,2016-06-02-20,Normal,-92.19,41.74
19,100,2016-06-02-20,Normal,-92.25,34.75
14,18,2016-06-02-20,Normal,-94.58,37.03
15,32,2016-06-02-20,Normal,-92.09,34.8
28,58,2016-06-02-20,Normal,-94.15,39.77
22,24,2016-06-02-20,Normal,-92.31,34.78
29,16,2016-06-02-20,Normal,-92.25,34.92
18,49,2016-06-02-20,Normal,-94.25,39.73
25,21,2016-06-02-20,Normal,-89.71,37.47
15,32,2016-06-02-20,Normal,-92.31,34.78
19,100,2016-06-02-20,Normal,-92.25,34.75
12,74,2016-06-02-20,Normal,-89.54,36.84
16,46,2016-06-02-20,Normal,-91.78,42.23
14,18,2016-06-02-20,Normal,-89.91,40.86
18,49,2016-06-02-20,Normal,-94.24,39.63
22,24,2016-06-02-20,Normal,-92.09,34.8
10,39,2016-06-02-20,Normal,-94.54,37.02
30,95,2016-06-02-20,Normal,-91.59,41.7
20,79,2016-06-02-20,Normal,-91.59,41.7
16,46,2016-06-02-20,Normal,-91.47,41.74
15,32,2016-06-02-20,Normal,-92.09,34.8
20,79,2016-06-02-20,Normal,-91.24,41.67
12,74,2016-06-02-20,Normal,-89.71,37.47
13,12,2016-06-02-20,Normal,-90.64,41.56
12,74,2016-06-02-20,Normal,-90.0,37.72
10,39,2016-06-02-20,Normal,-94.83,36.84
20,79,2016-06-02-20,Normal,-90.82,41.66
15,32,2016-06-02-20,Normal,-91.93,34.81
17,92,2016-06-02-20,Normal,-91.33,38.87
28,58,2016-06-02-20,Normal,-94.42,39.27
14,18,2016-06-02-20,Normal,-91.05,41.72
26,17,2016-06-02-20,Normal,-95.5,36.37
32,71,2016-06-02-20,Normal,-91.74,34.89
22,24,2016-06-02-20,Normal,-91.74,34.89
27,81,2016-06-02-20,Normal,-91.56,38.93
22,24,2016-06-02-20,Normal,-91.38,34.83
25,21,2016-06-02-20,Normal,-90.15,38.62
30,95,2016-06-02-20,Normal,-90.64,41.56
21,105,2016-06-02-20,Normal,-88.42,41.11
17,92,2016-06-02-20,Normal,-90.55,38.81
30,95,2016-06-02-20,Normal,-88.96,42.25
26,17,2016-06-02-20,Normal,-95.69,36.25
21,105,2016-06-02-20,Normal,-88.77,40.76
25,21,2016-06-02-20,Normal,-89.54,36.84
11,27,2016-06-02-20,Normal,-89.52,40.7
26,17,2016-06-02-20,Normal,-95.5,36.37
23,66,2016-06-02-20,Normal,-90.94,35.03
31,48,2016-06-02-20,Normal,-91.47,41.74
14,18,2016-06-02-20,Normal,-91.32,41.71
29,16,2016-06-02-20,Normal,-95.56,35.97
21,105,2016-06-02-20,Normal,-89.63,39.84
32,71,2016-06-02-20,Normal,-90.29,40.96
22,24,2016-06-02-20,Normal,-94.31,37.31
26,17,2016-06-02-20,Normal,-95.35,36.47
13,12,2016-06-02-20,Normal,-87.66,41.89
13,12,2016-06-02-20,Normal,-87.66,41.89
20,79,2016-06-02-20,Normal,-88.02,42.04
12,74,2016-06-02-20,Normal,-89.65,36.37
23,66,2016-06-02-20,Normal,-91.38,34.83
11,27,2016-06-02-20,Normal,-90.29,40.96
31,48,2016-06-02-20,Normal,-90.7,41.62
24,68,2016-06-02-20,Normal,-88.96,42.25
18,49,2016-06-02-20,Normal,-93.33,39.77
16,46,2016-06-02-20,Normal,-89.71,37.47
21,105,2016-06-02-20,Normal,-89.17,40.38
10,39,2016-06-02-20,Normal,-94.23,37.09
19,100,2016-06-02-20,Normal,-96.97,36.24
18,49,2016-06-02-20,Normal,-92.27,39.76
20,79,2016-06-02-20,Normal,-89.03,41.92
23,66,2016-06-02-20,Normal,-92.09,34.8
27,81,2016-06-02-20,Normal,-91.1,38.83
17,92,2016-06-02-20,Normal,-91.19,38.83
22,24,2016-06-02-20,Normal,-94.38,38.99
19,100,2016-06-02-20,Normal,-97.14,36.41
27,81,2016-06-02-20,Normal,-91.19,38.83
32,71,2016-06-02-20,Normal,-91.47,41.74
17,92,2016-06-02-20,Normal,-91.33,38.87
23,66,2016-06-02-20,Normal,-91.74,34.89
21,105,2016-06-02-20,Normal,-88.42,41.11
16,46,2016-06-02-20,Normal,-90.07,35.1
12,74,2016-06-02-20,Normal,-89.65,36.37
21,105,2016-06-02-20,Normal,-87.67,41.87
13,12,2016-06-02-20,Normal,-89.88,41.77
15,32,2016-06-02-20,Normal,-90.07,35.1
14,18,2016-06-02-20,Normal,-90.29,40.96
13,12,2016-06-02-20,Normal,-90.2,41.59
15,32,2016-06-02-20,Normal,-90.07,35.1
14,18,2016-06-02-20,Normal,-90.44,41.54
29,16,2016-06-02-20,Normal,-97.36,37.69
12,74,2016-06-02-20,Normal,-90.24,38.0
27,81,2016-06-02-20,Normal,-92.53,38.98
10,39,2016-06-02-20,Normal,-92.48,37.8
23,66,2016-06-02-20,Normal,-90.04,35.19
25,21,2016-06-02-20,Normal,-90.15,38.62
17,92,2016-06-02-20,Normal,-92.63,38.95
24,68,2016-06-02-20,Normal,-93.36,41.69
28,58,2016-06-02-20,Normal,-90.52,39.71
12,74,2016-06-02-20,Normal,-90.15,38.62
32,71,2016-06-02-20,Normal,-89.91,40.86
28,58,2016-06-02-20,Normal,-90.37,39.71
12,74,2016-06-02-20,Normal,-90.35,38.43
19,100,2016-06-02-20,Normal,-97.32,37.27
27,81,2016-06-02-20,Normal,-93.01,38.97
13,12,2016-06-02-20,Normal,-93.04,41.71
31,48,2016-06-02-20,Normal,-91.78,42.23
32,71,2016-06-02-20,Normal,-89.52,40.7
24,68,2016-06-02-20,Normal,-93.58,41.62
30,95,2016-06-02-20,Normal,-91.94,41.71
23,66,2016-06-02-20,Normal,-90.37,35.21
25,21,2016-06-02-20,Normal,-93.04,41.71
21,105,2016-06-02-20,Normal,-90.2,38.65
17,92,2016-06-02-20,Normal,-93.2,38.98
24,68,2016-06-02-20,Normal,-93.36,41.69
31,48,2016-06-02-20,Normal,-91.32,41.71
32,71,2016-06-02-20,Normal,-90.44,41.54
15,32,2016-06-02-20,Normal,-90.35,38.43
29,16,2016-06-02-20,Normal,-97.37,36.91
18,49,2016-06-02-20,Normal,-90.14,39.76
17,92,2016-06-02-20,Normal,-93.45,38.99
21,105,2016-06-02-20,Normal,-89.74,39.1
28,58,2016-06-02-20,Normal,-90.14,39.76
11,27,2016-06-02-20,Normal,-90.44,41.54
19,100,2016-06-02-20,Normal,-97.37,36.79
27,81,2016-06-02-20,Normal,-93.45,38.99
32,71,2016-06-02-20,Normal,-90.7,41.62
12,74,2016-06-02-20,Normal,-89.17,40.38
29,16,2016-06-02-20,Normal,-97.37,36.79
12,74,2016-06-02-20,Normal,-88.77,40.76
23,66,2016-06-02-20,Normal,-91.74,34.89
30,95,2016-06-02-20,Normal,-93.04,41.71
10,39,2016-06-02-20,Normal,-91.3,38.14
26,17,2016-06-02-20,Normal,-91.18,38.22
26,17,2016-06-02-20,Normal,-91.07,38.31
11,27,2016-06-02-20,Normal,-90.7,41.62
13,12,2016-06-02-20,Normal,-93.36,41.69
14,18,2016-06-02-20,Normal,-90.44,41.54
11,27,2016-06-02-20,Normal,-91.05,41.72
32,71,2016-06-02-20,Normal,-91.47,41.74
30,95,2016-06-02-20,Normal,-93.58,41.62
13,12,2016-06-02-20,Normal,-93.04,41.71
16,46,2016-06-02-20,Normal,-90.0,37.72
12,74,2016-06-02-20,Normal,-88.07,41.48
32,71,2016-06-02-20,Normal,-91.63,41.72
30,95,2016-06-02-20,Normal,-93.58,41.62
25,21,2016-06-02-20,Normal,-91.24,41.67
10,39,2016-06-02-20,Normal,-91.07,38.31
14,18,2016-06-02-20,Normal,-89.91,40.86
23,66,2016-06-02-20,Normal,-92.31,34.78
31,48,2016-06-02-20,Normal,-89.52,40.7
13,12,2016-06-02-20,Normal,-92.4,41.78
25,21,2016-06-02-20,Normal,-90.82,41.66
12,74,2016-06-02-20,Normal,-87.67,41.87
20,79,2016-06-02-20,Normal,-92.4,41.78
15,32,2016-06-02-20,Normal,-89.56,37.2
28,58,2016-06-02-20,Normal,-89.78,39.77
14,18,2016-06-02-20,Normal,-89.52,40.7
29,16,2016-06-02-20,Normal,-96.68,36.2
30,95,2016-06-02-20,Normal,-93.04,41.71
20,79,2016-06-02-20,Normal,-92.19,41.74
29,16,2016-06-02-20,Normal,-96.44,36.23
30,95,2016-06-02-20,Normal,-92.74,41.75
13,12,2016-06-02-20,Normal,-91.94,41.71
10,39,2016-06-02-20,Normal,-90.53,38.51
19,100,2016-06-02-20,Normal,-96.44,36.23
31,48,2016-06-02-20,Normal,-90.29,40.96
30,95,2016-06-02-20,Normal,-92.4,41.78
22,24,2016-06-02-20,Normal,-94.37,38.0
17,92,2016-06-02-20,Normal,-94.16,39.04
29,16,2016-06-02-20,Normal,-96.21,36.19
24,68,2016-06-02-20,Normal,-90.2,41.59
16,46,2016-06-02-20,Normal,-89.8,35.94
13,12,2016-06-02-20,Normal,-91.24,41.67
22,24,2016-06-02-20,Normal,-94.3,37.66
29,16,2016-06-02-20,Normal,-95.99,36.17
19,100,2016-06-02-20,Normal,-95.99,36.17
27,81,2016-06-02-20,Normal,-94.0,39.03
14,18,2016-06-02-20,Normal,-90.44,41.54
18,49,2016-06-02-20,Normal,-90.52,39.71
32,71,2016-06-02-20,Normal,-91.05,41.72
19,100,2016-06-02-20,Normal,-95.76,36.08
12,74,2016-06-02-20,Normal,-89.63,39.84
22,24,2016-06-02-20,Normal,-94.46,37.16
16,46,2016-06-02-20,Normal,-90.24,35.35
25,21,2016-06-02-20,Normal,-89.03,41.92
14,18,2016-06-02-20,Normal,-91.05,41.72
21,105,2016-06-02-20,Normal,-89.63,39.84
18,49,2016-06-02-20,Normal,-90.63,39.7
32,71,2016-06-02-20,Normal,-90.7,41.62
23,66,2016-06-02-20,Normal,-90.94,35.03
18,49,2016-06-02-20,Normal,-90.79,39.69
25,21,2016-06-02-20,Normal,-88.96,42.25
11,27,2016-06-02-20,Normal,-90.44,41.54
15,32,2016-06-02-20,Normal,-90.0,37.72
22,24,2016-06-02-20,Normal,-94.59,39.1
32,71,2016-06-02-20,Normal,-91.32,41.71
27,81,2016-06-02-20,Normal,-91.74,38.94
21,105,2016-06-02-20,Normal,-87.67,41.87
14,18,2016-06-02-20,Normal,-90.44,41.54
11,27,2016-06-02-20,Normal,-90.7,41.62
32,71,2016-06-02-20,Normal,-91.47,41.74
19,100,2016-06-02-20,Normal,-92.87,35.25
31,48,2016-06-02-20,Normal,-90.29,40.96
13,12,2016-06-02-20,Normal,-88.02,42.04
18,49,2016-06-02-20,Normal,-93.13,39.78
24,68,2016-06-02-20,Normal,-89.03,41.92
14,18,2016-06-02-20,Normal,-90.29,40.96
25,21,2016-06-02-20,Normal,-89.6,41.76
10,39,2016-06-02-20,Normal,-92.48,37.8
13,12,2016-06-02-20,Normal,-88.41,42.11
21,105,2016-06-02-20,Normal,-88.07,41.48
26,17,2016-06-02-20,Normal,-92.74,37.6
19,100,2016-06-02-20,Normal,-92.25,34.92
16,46,2016-06-02-20,Normal,-90.15,38.62
11,27,2016-06-02-20,Normal,-91.47,41.74
15,32,2016-06-02-20,Normal,-90.07,35.68
24,68,2016-06-02-20,Normal,-92.4,41.78
20,79,2016-06-02-20,Normal,-91.24,41.67
18,49,2016-06-02-20,Normal,-94.57,39.15
10,39,2016-06-02-20,Normal,-94.54,37.02
17,92,2016-06-02-20,Normal,-90.55,38.81
21,105,2016-06-02-20,Normal,-88.77,40.76
25,21,2016-06-02-20,Normal,-93.04,41.71
26,17,2016-06-02-20,Normal,-95.14,36.66
12,74,2016-06-02-20,Normal,-88.07,41.48
25,21,2016-06-02-20,Normal,-93.36,41.69
10,39,2016-06-02-20,Normal,-94.83,36.84
23,66,2016-06-02-20,Normal,-90.37,35.21
20,79,2016-06-02-20,Normal,-91.94,41.71
24,68,2016-06-02-20,Normal,-93.04,41.71
31,48,2016-06-02-20,Normal,-91.63,41.72
12,74,2016-06-02-20,Normal,-87.67,41.87
19,100,2016-06-02-20,Normal,-95.15,35.51
16,46,2016-06-02-20,Normal,-90.07,35.1
27,81,2016-06-02-20,Normal,-90.79,38.83
29,16,2016-06-02-20,Normal,-95.3,35.64
18,49,2016-06-02-20,Normal,-94.28,39.53
13,12,2016-06-02-20,Normal,-92.19,41.74
15,32,2016-06-02-20,Normal,-90.24,35.35
24,68,2016-06-02-20,Normal,-91.24,41.67
21,105,2016-06-02-20,Normal,-90.2,38.65
25,21,2016-06-02-20,Normal,-90.82,41.66
28,58,2016-06-02-20,Normal,-92.94,39.77
32,71,2016-06-02-20,Normal,-91.47,41.74
24,68,2016-06-02-20,Normal,-90.82,41.66
20,79,2016-06-02-20,Normal,-92.19,41.74
31,48,2016-06-02-20,Normal,-90.44,41.54
31,48,2016-06-02-20,Normal,-90.29,40.96
21,105,2016-06-02-20,Normal,-90.68,35.12
30,95,2016-06-02-20,Normal,-93.04,41.71
13,12,2016-06-02-20,Normal,-91.94,41.71
19,100,2016-06-02-20,Normal,-97.34,36.63
28,58,2016-06-02-20,Normal,-92.74,39.76
12,74,2016-06-02-20,Normal,-89.17,40.38
16,46,2016-06-02-20,Normal,-90.35,38.43
28,58,2016-06-02-20,Normal,-92.42,39.76
11,27,2016-06-02-20,Normal,-91.32,41.71
30,95,2016-06-02-20,Normal,-92.74,41.75
31,48,2016-06-02-20,Normal,-90.7,41.62
29,16,2016-06-02-20,Normal,-97.37,36.79
14,18,2016-06-02-20,Normal,-90.44,41.54
17,92,2016-06-02-20,Normal,-93.01,38.97
22,24,2016-06-02-20,Normal,-94.46,37.16
23,66,2016-06-02-20,Normal,-90.94,35.03
18,49,2016-06-02-20,Normal,-90.24,39.72
30,95,2016-06-02-20,Normal,-89.29,41.85
10,39,2016-06-02-20,Normal,-92.74,37.6
25,21,2016-06-02-20,Normal,-88.02,42.04
13,12,2016-06-02-20,Normal,-88.41,42.11
10,39,2016-06-02-20,Normal,-92.61,37.7
28,58,2016-06-02-20,Normal,-90.52,39.71
26,17,2016-06-02-20,Normal,-92.08,37.81
32,71,2016-06-02-20,Normal,-91.32,41.71
28,58,2016-06-02-20,Normal,-90.37,39.71
27,81,2016-06-02-20,Normal,-94.16,39.04
22,24,2016-06-02-20,Normal,-94.37,38.0
29,16,2016-06-02-20,Normal,-97.35,36.4
14,18,2016-06-02-20,Normal,-90.7,41.62
19,100,2016-06-02-20,Normal,-97.37,36.79
28,58,2016-06-02-20,Normal,-90.24,39.72
16,46,2016-06-02-20,Normal,-90.24,35.35
25,21,2016-06-02-20,Normal,-88.96,42.25
14,18,2016-06-02-20,Normal,-90.29,40.96
25,21,2016-06-02-20,Normal,-88.64,42.21
27,81,2016-06-02-20,Normal,-94.0,39.03
26,17,2016-06-02-20,Normal,-91.55,38.04
31,48,2016-06-02-20,Normal,-89.91,40.86
20,79,2016-06-02-20,Normal,-87.66,41.89
27,81,2016-06-02-20,Normal,-93.85,39.01
31,48,2016-06-02-20,Normal,-91.24,41.67
15,32,2016-06-02-20,Normal,-90.35,38.43
22,24,2016-06-02-20,Normal,-91.32,41.71
17,92,2016-06-02-20,Normal,-91.74,38.94
29,16,2016-06-02-20,Normal,-95.15,35.51
27,81,2016-06-02-20,Normal,-92.03,38.97
13,12,2016-06-02-20,Normal,-90.82,41.66
30,95,2016-06-02-20,Normal,-89.6,41.76
10,39,2016-06-02-20,Normal,-90.53,38.51
31,48,2016-06-02-20,Normal,-90.64,41.56
24,68,2016-06-02-20,Normal,-92.19,41.74
18,49,2016-06-02-20,Normal,-91.2,39.75
13,12,2016-06-02-20,Normal,-91.24,41.67
20,79,2016-06-02-20,Normal,-90.82,41.66
26,17,2016-06-02-20,Normal,-90.53,38.51
21,105,2016-06-02-20,Normal,-92.31,34.78
15,32,2016-06-02-20,Normal,-89.71,37.47
10,39,2016-06-02-20,Normal,-90.18,38.64
16,46,2016-06-02-20,Normal,-89.71,37.47
18,49,2016-06-02-20,Normal,-91.59,39.68
28,58,2016-06-02-20,Normal,-90.79,39.69
32,71,2016-06-02-20,Normal,-90.0,37.72
23,66,2016-06-02-20,Normal,-90.24,38.0
17,92,2016-06-02-20,Normal,-91.1,38.83
19,100,2016-06-02-20,Normal,-94.22,35.5
31,48,2016-06-02-20,Normal,-89.6,41.76
29,16,2016-06-02-20,Normal,-92.53,35.15
20,79,2016-06-02-20,Normal,-93.04,41.71
32,71,2016-06-02-20,Normal,-89.8,35.94
18,49,2016-06-02-20,Normal,-92.74,39.76
22,24,2016-06-02-20,Normal,-90.44,41.54
20,79,2016-06-02-20,Normal,-93.36,41.69
32,71,2016-06-02-20,Normal,-90.07,35.68
10,39,2016-06-02-20,Normal,-91.3,38.14
30,95,2016-06-02-20,Normal,-92.74,41.75
26,17,2016-06-02-20,Normal,-91.99,37.94
25,21,2016-06-02-20,Normal,-92.19,41.74
14,18,2016-06-02-20,Normal,-90.29,40.96
29,16,2016-06-02-20,Normal,-92.25,34.75
11,27,2016-06-02-20,Normal,-89.17,40.38
28,58,2016-06-02-20,Normal,-92.27,39.76
19,100,2016-06-02-20,Normal,-92.25,34.92
15,32,2016-06-02-20,Normal,-90.07,35.68
20,79,2016-06-02-20,Normal,-93.58,41.62
17,92,2016-06-02-20,Normal,-90.41,38.75
30,95,2016-06-02-20,Normal,-93.36,41.69
18,49,2016-06-02-20,Normal,-93.33,39.77
10,39,2016-06-02-20,Normal,-91.55,38.04
17,92,2016-06-02-20,Normal,-90.55,38.81
21,105,2016-06-02-20,Normal,-90.04,35.19
13,12,2016-06-02-20,Normal,-89.63,39.84
14,18,2016-06-02-20,Normal,-90.7,41.62
22,24,2016-06-02-20,Normal,-90.7,41.62
10,39,2016-06-02-20,Normal,-92.61,37.7
18,49,2016-06-02-20,Normal,-94.24,39.63
25,21,2016-06-02-20,Normal,-89.88,41.77
20,79,2016-06-02-20,Normal,-91.47,41.74
13,12,2016-06-02-20,Normal,-87.67,41.87
26,17,2016-06-02-20,Normal,-93.14,37.26
30,95,2016-06-02-20,Normal,-88.42,41.11
21,105,2016-06-02-20,Normal,-91.93,34.81
19,100,2016-06-02-20,Normal,-93.92,35.53
23,66,2016-06-02-20,Normal,-89.56,37.2
13,12,2016-06-02-20,Normal,-88.07,41.48
26,17,2016-06-02-20,Normal,-93.34,37.21
31,48,2016-06-02-20,Normal,-89.88,41.77
20,79,2016-06-02-20,Normal,-91.78,42.23
18,49,2016-06-02-20,Normal,-94.42,39.27
10,39,2016-06-02-20,Normal,-92.89,37.51
11,27,2016-06-02-20,Normal,-88.77,40.76
24,68,2016-06-02-20,Normal,-89.03,41.92
29,16,2016-06-02-20,Normal,-94.57,35.37
26,17,2016-06-02-20,Normal,-93.69,37.16
23,66,2016-06-02-20,Normal,-90.0,37.72
22,24,2016-06-02-20,Normal,-91.63,41.72
29,16,2016-06-02-20,Normal,-94.88,35.47
12,74,2016-06-02-20,Normal,-94.58,37.03
31,48,2016-06-02-20,Normal,-90.64,41.56
22,24,2016-06-02-20,Normal,-91.78,42.23
18,49,2016-06-02-20,Normal,-94.57,39.15
31,48,2016-06-02-20,Normal,-90.82,41.66
13,12,2016-06-02-20,Normal,-89.17,40.38
26,17,2016-06-02-20,Normal,-94.23,37.09
17,92,2016-06-02-20,Normal,-92.38,38.98
22,24,2016-06-02-20,Normal,-91.78,42.23
14,18,2016-06-02-20,Normal,-91.78,42.23
10,39,2016-06-02-20,Normal,-93.69,37.16
17,92,2016-06-02-20,Normal,-92.53,38.98
29,16,2016-06-02-20,Normal,-95.3,35.64
14,18,2016-06-02-20,Normal,-91.63,41.72
31,48,2016-06-02-20,Normal,-91.24,41.67
19,100,2016-06-02-20,Normal,-95.3,35.64
31,48,2016-06-02-20,Normal,-91.59,41.7
25,21,2016-06-02-20,Normal,-88.02,42.04
16,46,2016-06-02-20,Normal,-94.31,37.31
24,68,2016-06-02-20,Normal,-88.41,42.11
10,39,2016-06-02-20,Normal,-93.96,37.08
15,32,2016-06-02-20,Normal,-90.94,35.03
23,66,2016-06-02-20,Normal,-90.15,38.62
27,81,2016-06-02-20,Normal,-92.53,38.98
13,12,2016-06-02-20,Normal,-88.07,41.48
17,92,2016-06-02-20,Normal,-92.85,38.93
30,95,2016-06-02-20,Normal,-88.42,41.11
27,81,2016-06-02-20,Normal,-94.16,39.04
20,79,2016-06-02-20,Normal,-90.7,41.62
31,48,2016-06-02-20,Normal,-92.74,41.75
18,49,2016-06-02-20,Normal,-92.57,39.77
26,17,2016-06-02-20,Normal,-95.35,36.47
13,12,2016-06-02-20,Normal,-88.77,40.76
17,92,2016-06-02-20,Normal,-94.44,39.1
19,100,2016-06-02-20,Normal,-97.34,36.63
22,24,2016-06-02-20,Normal,-90.7,41.62
21,105,2016-06-02-20,Normal,-91.74,34.89
10,39,2016-06-02-20,Normal,-95.69,36.25
29,16,2016-06-02-20,Normal,-97.37,36.91
24,68,2016-06-02-20,Normal,-90.2,41.59
29,16,2016-06-02-20,Normal,-97.32,37.27
17,92,2016-06-02-20,Normal,-94.0,39.03
31,48,2016-06-02-20,Normal,-92.4,41.78
29,16,2016-06-02-20,Normal,-97.32,37.15
14,18,2016-06-02-20,Normal,-90.7,41.62
28,58,2016-06-02-20,Normal,-92.74,39.76
22,24,2016-06-02-20,Normal,-91.05,41.72
28,58,2016-06-02-20,Normal,-92.57,39.77
19,100,2016-06-02-20,Normal,-97.32,37.15
13,10,2016-06-02-20,Normal,-91.94,41.71
11,19,2016-06-02-20,Normal,-93.58,41.62
23,93,2016-06-02-20,Normal,-90.24,38.0
15,48,2016-06-02-20,Normal,-89.91,40.86
17,86,2016-06-02-20,Normal,-93.2,38.98
32,84,2016-06-02-20,Normal,-89.91,40.86
13,10,2016-06-02-20,Normal,-92.4,41.78
10,23,2016-06-02-20,Normal,-91.99,37.94
15,48,2016-06-02-20,Normal,-90.29,40.96
31,82,2016-06-02-20,Normal,-90.2,38.65
22,24,2016-06-02-20,Normal,-90.68,35.12
17,86,2016-06-02-20,Normal,-93.45,38.99
18,16,2016-06-02-20,Normal,-90.14,39.76
31,82,2016-06-02-20,Normal,-90.2,38.65
26,42,2016-06-02-20,Normal,-91.44,38.09
27,59,2016-06-02-20,Normal,-93.45,38.99
11,19,2016-06-02-20,Normal,-93.36,41.69
19,109,2016-06-02-20,Normal,-97.32,37.15
14,15,2016-06-02-20,Normal,-91.05,41.72
16,69,2016-06-02-20,Normal,-90.29,40.96
30,41,2016-06-02-20,Normal,-93.36,41.69
24,102,2016-06-02-20,Normal,-90.94,35.03
20,47,2016-06-02-20,Normal,-93.36,41.69
18,16,2016-06-02-20,Normal,-89.96,39.74
25,53,2016-06-02-20,Normal,-92.4,41.78
20,47,2016-06-02-20,Normal,-93.58,41.62
23,93,2016-06-02-20,Normal,-90.35,38.43
12,55,2016-06-02-20,Normal,-91.74,34.89
32,84,2016-06-02-20,Normal,-91.32,41.71
13,10,2016-06-02-20,Normal,-93.36,41.69
28,34,2016-06-02-20,Normal,-90.14,39.76
22,24,2016-06-02-20,Normal,-91.74,34.89
11,19,2016-06-02-20,Normal,-92.4,41.78
14,15,2016-06-02-20,Normal,-90.44,41.54
13,10,2016-06-02-20,Normal,-93.58,41.62
19,109,2016-06-02-20,Normal,-97.34,36.63
17,86,2016-06-02-20,Normal,-94.16,39.04
26,42,2016-06-02-20,Normal,-90.86,38.46
28,34,2016-06-02-20,Normal,-89.78,39.77
26,42,2016-06-02-20,Normal,-90.69,38.5
18,16,2016-06-02-20,Normal,-89.78,39.77
11,19,2016-06-02-20,Normal,-92.19,41.74
27,59,2016-06-02-20,Normal,-94.16,39.04
29,108,2016-06-02-20,Normal,-97.14,36.41
28,34,2016-06-02-20,Normal,-89.66,39.78
30,41,2016-06-02-20,Normal,-93.04,41.71
27,59,2016-06-02-20,Normal,-94.31,39.04
25,53,2016-06-02-20,Normal,-91.24,41.67
30,41,2016-06-02-20,Normal,-92.74,41.75
20,47,2016-06-02-20,Normal,-92.74,41.75
21,21,2016-06-02-20,Normal,-88.07,41.48
27,59,2016-06-02-20,Normal,-94.44,39.1
31,82,2016-06-02-20,Normal,-87.67,41.87
25,53,2016-06-02-20,Normal,-90.82,41.66
28,34,2016-06-02-20,Normal,-89.78,39.77
25,53,2016-06-02-20,Normal,-90.64,41.56
22,24,2016-06-02-20,Normal,-92.31,34.78
22,24,2016-06-02-20,Normal,-92.09,34.8
32,84,2016-06-02-20,Normal,-91.47,41.74
17,86,2016-06-02-20,Normal,-94.44,39.1
22,24,2016-06-02-20,Normal,-91.93,34.81
30,41,2016-06-02-20,Normal,-91.94,41.71
23,93,2016-06-02-20,Normal,-89.8,35.94
31,82,2016-06-02-20,Normal,-88.42,41.11
14,15,2016-06-02-20,Normal,-89.52,40.7
30,41,2016-06-02-20,Normal,-92.19,41.74
21,21,2016-06-02-20,Normal,-87.67,41.87
19,109,2016-06-02-20,Normal,-96.44,36.23
17,86,2016-06-02-20,Normal,-94.0,39.03
26,42,2016-06-02-20,Normal,-90.18,38.64
12,55,2016-06-02-20,Normal,-91.74,34.89
20,47,2016-06-02-20,Normal,-91.59,41.7
12,55,2016-06-02-20,Normal,-91.38,34.83
25,53,2016-06-02-20,Normal,-89.6,41.76
22,24,2016-06-02-20,Normal,-91.38,34.83
20,79,2016-06-02-20,Normal,-91.24,41.67
28,58,2016-06-02-20,Normal,-90.63,39.7
14,18,2016-06-02-20,Normal,-94.59,39.1
21,105,2016-06-02-20,Normal,-94.59,39.1
18,49,2016-06-02-20,Normal,-90.63,39.7
27,81,2016-06-02-20,Normal,-91.33,38.87
27,81,2016-06-02-20,Normal,-91.56,38.93
21,105,2016-06-02-20,Normal,-94.38,38.99
23,66,2016-06-02-20,Normal,-91.78,42.23
12,74,2016-06-02-20,Normal,-90.07,35.68
28,58,2016-06-02-20,Normal,-90.79,39.69
29,16,2016-06-02-20,Normal,-96.68,36.2
13,12,2016-06-02-20,Normal,-90.64,41.56
31,48,2016-06-02-20,Normal,-94.38,38.99
23,66,2016-06-02-20,Normal,-91.63,41.72
25,21,2016-06-02-20,Normal,-90.24,35.35
28,58,2016-06-02-20,Normal,-90.97,39.72
31,48,2016-06-02-20,Normal,-94.38,38.67
18,49,2016-06-02-20,Normal,-91.36,39.76
21,105,2016-06-02-20,Normal,-94.38,38.67
25,21,2016-06-02-20,Normal,-90.07,35.1
10,39,2016-06-02-20,Normal,-91.99,37.94
28,58,2016-06-02-20,Normal,-91.2,39.75
30,95,2016-06-02-20,Normal,-89.88,41.77
23,66,2016-06-02-20,Normal,-91.47,41.74
31,48,2016-06-02-20,Normal,-94.35,38.33
28,58,2016-06-02-20,Normal,-93.13,39.78
32,71,2016-06-02-20,Normal,-90.37,35.21
19,100,2016-06-02-20,Normal,-93.92,35.53
25,21,2016-06-02-20,Normal,-90.35,38.43
22,24,2016-06-02-20,Normal,-90.68,35.12
16,46,2016-06-02-20,Normal,-90.29,40.96
17,92,2016-06-02-20,Normal,-94.0,39.03
30,95,2016-06-02-20,Normal,-88.02,42.04
31,48,2016-06-02-20,Normal,-94.35,38.33
21,105,2016-06-02-20,Normal,-94.35,38.33
16,46,2016-06-02-20,Normal,-90.44,41.54
22,24,2016-06-02-20,Normal,-90.94,35.03
14,18,2016-06-02-20,Normal,-94.35,38.33
20,79,2016-06-02-20,Normal,-88.64,42.21
28,58,2016-06-02-20,Normal,-93.93,39.76
30,95,2016-06-02-20,Normal,-88.64,42.21
19,100,2016-06-02-20,Normal,-93.36,35.4
27,81,2016-06-02-20,Normal,-94.16,39.04
25,21,2016-06-02-20,Normal,-90.35,38.43
10,39,2016-06-02-20,Normal,-94.54,37.02
12,74,2016-06-02-20,Normal,-90.15,38.62
21,105,2016-06-02-20,Normal,-94.38,38.99
16,46,2016-06-02-20,Normal,-91.05,41.72
10,39,2016-06-02-20,Normal,-94.83,36.84
30,95,2016-06-02-20,Normal,-88.96,42.25
30,95,2016-06-02-20,Normal,-91.59,41.7
13,12,2016-06-02-20,Normal,-91.94,41.71
10,39,2016-06-02-20,Normal,-95.76,36.18
19,100,2016-06-02-20,Normal,-93.36,35.4
20,79,2016-06-02-20,Normal,-91.94,41.71
17,92,2016-06-02-20,Normal,-92.85,38.93
10,39,2016-06-02-20,Normal,-95.69,36.25
18,49,2016-06-02-20,Normal,-94.24,39.63
16,46,2016-06-02-20,Normal,-90.7,41.62
30,95,2016-06-02-20,Normal,-91.94,41.71
23,66,2016-06-02-20,Normal,-90.44,41.54
31,48,2016-06-02-20,Normal,-94.46,37.16
15,32,2016-06-02-20,Normal,-90.94,35.03
26,17,2016-06-02-20,Normal,-95.35,36.47
28,58,2016-06-02-20,Normal,-94.25,39.73
18,49,2016-06-02-20,Normal,-94.25,39.73
15,32,2016-06-02-20,Normal,-90.68,35.12
32,71,2016-06-02-20,Normal,-90.37,35.21
19,100,2016-06-02-20,Normal,-94.22,35.5
13,12,2016-06-02-20,Normal,-92.74,41.75
28,58,2016-06-02-20,Normal,-94.15,39.77
11,27,2016-06-02-20,Normal,-88.07,41.48
23,66,2016-06-02-20,Normal,-89.91,40.86
27,81,2016-06-02-20,Normal,-92.38,38.98
12,74,2016-06-02-20,Normal,-89.65,36.37
28,58,2016-06-02-20,Normal,-90.52,39.71
24,68,2016-06-02-20,Normal,-88.07,41.48
22,24,2016-06-02-20,Normal,-90.94,35.03
23,66,2016-06-02-20,Normal,-90.29,40.96
29,16,2016-06-02-20,Normal,-97.32,37.48
11,27,2016-06-02-20,Normal,-88.07,41.48
26,17,2016-06-02-20,Normal,-91.3,38.14
14,18,2016-06-02-20,Normal,-94.3,37.66
14,18,2016-06-02-20,Normal,-94.37,38.0
25,21,2016-06-02-20,Normal,-90.07,35.1
27,81,2016-06-02-20,Normal,-91.1,38.83
19,100,2016-06-02-20,Normal,-97.36,37.69
30,95,2016-06-02-20,Normal,-89.29,41.85
27,81,2016-06-02-20,Normal,-90.93,38.82
17,92,2016-06-02-20,Normal,-91.33,38.87
15,32,2016-06-02-20,Normal,-90.04,35.19
13,12,2016-06-02-20,Normal,-88.41,42.11
28,58,2016-06-02-20,Normal,-90.24,39.72
16,46,2016-06-02-20,Normal,-89.91,40.86
17,92,2016-06-02-20,Normal,-91.19,38.83
12,74,2016-06-02-20,Normal,-90.24,35.35
23,66,2016-06-02-20,Normal,-89.52,40.7
19,100,2016-06-02-20,Normal,-97.36,37.69
11,27,2016-06-02-20,Normal,-89.17,40.38
25,21,2016-06-02-20,Normal,-90.24,35.35
23,66,2016-06-02-20,Normal,-89.91,40.86
18,49,2016-06-02-20,Normal,-89.96,39.74
26,17,2016-06-02-20,Normal,-90.86,38.46
23,66,2016-06-02-20,Normal,-90.29,40.96
13,12,2016-06-02-20,Normal,-88.02,42.04
29,16,2016-06-02-20,Normal,-97.32,37.15
17,92,2016-06-02-20,Normal,-91.74,38.94
22,24,2016-06-02-20,Normal,-90.37,35.21
15,32,2016-06-02-20,Normal,-90.37,35.21
32,71,2016-06-02-20,Normal,-90.94,35.03
11,27,2016-06-02-20,Normal,-89.74,39.1
15,32,2016-06-02-20,Normal,-90.68,35.12
20,79,2016-06-02-20,Normal,-87.66,41.89
30,95,2016-06-02-20,Normal,-87.66,41.89
17,92,2016-06-02-20,Normal,-92.22,38.96
26,17,2016-06-02-20,Normal,-90.34,38.58
25,21,2016-06-02-20,Normal,-89.8,35.94
26,17,2016-06-02-20,Normal,-90.53,38.51
22,24,2016-06-02-20,Normal,-91.14,34.96
12,74,2016-06-02-20,Normal,-90.07,35.68
29,16,2016-06-02-20,Normal,-97.37,36.79
18,49,2016-06-02-20,Normal,-89.66,39.78
23,66,2016-06-02-20,Normal,-91.05,41.72
27,81,2016-06-02-20,Normal,-92.22,38.96
15,32,2016-06-02-20,Normal,-91.14,34.96
16,46,2016-06-02-20,Normal,-90.7,41.62
26,17,2016-06-02-20,Normal,-90.18,38.64
32,71,2016-06-02-20,Normal,-91.74,34.89
23,66,2016-06-02-20,Normal,-91.32,41.71
11,27,2016-06-02-20,Normal,-89.74,39.1
25,21,2016-06-02-20,Normal,-89.56,37.2
18,49,2016-06-02-20,Normal,-89.96,39.74
22,24,2016-06-02-20,Normal,-91.74,34.89
10,39,2016-06-02-20,Normal,-90.18,38.64
14,18,2016-06-02-20,Normal,-94.35,38.33
18,49,2016-06-02-20,Normal,-90.14,39.76
23,66,2016-06-02-20,Normal,-91.63,41.72
29,16,2016-06-02-20,Normal,-97.14,36.41
11,27,2016-06-02-20,Normal,-89.63,39.84
28,58,2016-06-02-20,Normal,-90.14,39.76
29,16,2016-06-02-20,Normal,-96.97,36.24
22,24,2016-06-02-20,Normal,-91.93,34.81
19,100,2016-06-02-20,Normal,-97.14,36.41
14,18,2016-06-02-20,Normal,-94.3,37.66
23,66,2016-06-02-20,Normal,-91.78,42.23
10,39,2016-06-02-20,Normal,-90.34,38.58
28,58,2016-06-02-20,Normal,-90.24,39.72
29,16,2016-06-02-20,Normal,-96.68,36.2
20,79,2016-06-02-20,Normal,-89.29,41.85
14,18,2016-06-02-20,Normal,-94.31,37.31
23,66,2016-06-02-20,Normal,-90.44,41.54
20,79,2016-06-02-20,Normal,-93.36,41.69
28,58,2016-06-02-20,Normal,-92.57,39.77
30,95,2016-06-02-20,Normal,-93.36,41.69
13,12,2016-06-02-20,Normal,-93.58,41.62
11,27,2016-06-02-20,Normal,-89.91,40.86
28,58,2016-06-02-20,Normal,-92.74,39.76
25,21,2016-06-02-20,Normal,-90.07,35.1
26,17,2016-06-02-20,Normal,-92.99,37.34
30,95,2016-06-02-20,Normal,-93.58,41.62
23,66,2016-06-02-20,Normal,-91.05,41.72
19,100,2016-06-02-20,Normal,-93.12,35.31
32,71,2016-06-02-20,Normal,-91.38,34.83
11,27,2016-06-02-20,Normal,-90.29,40.96
13,12,2016-06-02-20,Normal,-93.04,41.71
20,79,2016-06-02-20,Normal,-93.58,41.62
16,46,2016-06-02-20,Normal,-90.7,41.62
31,48,2016-06-02-20,Normal,-94.3,37.66
15,32,2016-06-02-20,Normal,-91.38,34.83
11,27,2016-06-02-20,Normal,-90.44,41.54
27,81,2016-06-02-20,Normal,-93.2,38.98
16,46,2016-06-02-20,Normal,-91.05,41.72
17,92,2016-06-02-20,Normal,-92.85,38.93
23,66,2016-06-02-20,Normal,-91.47,41.74
31,48,2016-06-02-20,Normal,-91.32,41.71
19,100,2016-06-02-20,Normal,-93.61,35.51
21,105,2016-06-02-20,Normal,-88.07,41.48
31,48,2016-06-02-20,Normal,-91.47,41.74
23,66,2016-06-02-20,Normal,-90.44,41.54
24,68,2016-06-02-20,Normal,-88.41,42.11
25,21,2016-06-02-20,Normal,-90.15,38.62
26,17,2016-06-02-20,Normal,-95.69,36.25
17,92,2016-06-02-20,Normal,-90.93,38.82
27,81,2016-06-02-20,Normal,-91.19,38.83
12,74,2016-06-02-20,Normal,-90.15,38.62
31,48,2016-06-02-20,Normal,-91.63,41.72
22,24,2016-06-02-20,Normal,-90.68,35.12
25,21,2016-06-02-20,Normal,-90.0,37.72
10,39,2016-06-02-20,Normal,-95.76,36.18
12,74,2016-06-02-20,Normal,-90.24,38.0
18,49,2016-06-02-20,Normal,-94.24,39.63
27,81,2016-06-02-20,Normal,-90.67,38.82
27,81,2016-06-02-20,Normal,-91.1,38.83
11,27,2016-06-02-20,Normal,-90.44,41.54
16,46,2016-06-02-20,Normal,-89.91,40.86
27,81,2016-06-02-20,Normal,-90.93,38.82
17,92,2016-06-02-20,Normal,-90.67,38.82
13,12,2016-06-02-20,Normal,-88.64,42.21
28,58,2016-06-02-20,Normal,-94.24,39.63
19,100,2016-06-02-20,Normal,-95.76,36.08
30,95,2016-06-02-20,Normal,-87.66,41.89
23,66,2016-06-02-20,Normal,-91.74,34.89
25,21,2016-06-02-20,Normal,-90.24,35.35
17,92,2016-06-02-20,Normal,-90.55,38.81
32,71,2016-06-02-20,Normal,-91.32,41.71
27,81,2016-06-02-20,Normal,-90.55,38.81
21,105,2016-06-02-20,Normal,-90.2,38.65
29,16,2016-06-02-20,Normal,-96.21,36.19
13,12,2016-06-02-20,Normal,-88.64,42.21
22,24,2016-06-02-20,Normal,-94.38,38.67
30,95,2016-06-02-20,Normal,-88.02,42.04
25,21,2016-06-02-20,Normal,-90.07,35.1
15,32,2016-06-02-20,Normal,-89.54,36.84
20,79,2016-06-02-20,Normal,-88.64,42.21
27,81,2016-06-02-20,Normal,-90.79,38.83
27,81,2016-06-02-20,Normal,-90.67,38.82
18,49,2016-06-02-20,Normal,-92.74,39.76
16,46,2016-06-02-20,Normal,-89.8,35.94
15,32,2016-06-02-20,Normal,-89.8,35.94
14,18,2016-06-02-20,Normal,-89.52,40.7
13,12,2016-06-02-20,Normal,-88.96,42.25
26,17,2016-06-02-20,Normal,-94.23,37.09
21,105,2016-06-02-20,Normal,-89.63,39.84
31,48,2016-06-02-20,Normal,-89.52,40.7
29,16,2016-06-02-20,Normal,-96.97,36.24
12,74,2016-06-02-20,Normal,-89.54,36.84
20,79,2016-06-02-20,Normal,-90.64,41.56
16,46,2016-06-02-20,Normal,-90.07,35.68
29,16,2016-06-02-20,Normal,-97.37,36.91
29,16,2016-06-02-20,Normal,-97.32,37.15
27,81,2016-06-02-20,Normal,-91.74,38.94
24,68,2016-06-02-20,Normal,-92.19,41.74
13,12,2016-06-02-20,Normal,-90.82,41.66
17,92,2016-06-02-20,Normal,-92.03,38.97
22,24,2016-06-02-20,Normal,-94.31,37.31
10,39,2016-06-02-20,Normal,-92.89,37.51
15,32,2016-06-02-20,Normal,-89.8,35.94
27,81,2016-06-02-20,Normal,-92.22,38.96
19,100,2016-06-02-20,Normal,-97.32,37.15
10,39,2016-06-02-20,Normal,-92.74,37.6
28,58,2016-06-02-20,Normal,-91.2,39.75
29,16,2016-06-02-20,Normal,-97.32,37.48
20,79,2016-06-02-20,Normal,-91.24,41.67
30,95,2016-06-02-20,Normal,-90.64,41.56
18,49,2016-06-02-20,Normal,-90.79,39.69
10,39,2016-06-02-20,Normal,-92.61,37.7
13,12,2016-06-02-20,Normal,-91.94,41.71
23,66,2016-06-02-20,Normal,-90.37,35.21
30,95,2016-06-02-20,Normal,-90.82,41.66
13,12,2016-06-02-20,Normal,-90.2,41.59
28,58,2016-06-02-20,Normal,-90.63,39.7
19,100,2016-06-02-20,Normal,-95.42,35.87
17,92,2016-06-02-20,Normal,-93.45,38.99
18,49,2016-06-02-20,Normal,-90.97,39.72
23,66,2016-06-02-20,Normal,-90.68,35.12
15,32,2016-06-02-20,Normal,-90.07,35.1
29,16,2016-06-02-20,Normal,-95.3,35.64
24,68,2016-06-02-20,Normal,-88.96,42.25
19,100,2016-06-02-20,Normal,-95.3,35.64
27,81,2016-06-02-20,Normal,-93.2,38.98
28,58,2016-06-02-20,Normal,-90.97,39.72
13,12,2016-06-02-20,Normal,-89.6,41.76
22,24,2016-06-02-20,Normal,-94.46,37.16
23,66,2016-06-02-20,Normal,-90.04,35.19
32,71,2016-06-02-20,Normal,-89.52,40.7
28,58,2016-06-02-20,Normal,-91.2,39.75
23,66,2016-06-02-20,Normal,-90.04,35.19
31,48,2016-06-02-20,Normal,-91.78,42.23
18,49,2016-06-02-20,Normal,-91.36,39.76
21,105,2016-06-02-20,Normal,-90.2,38.65
29,16,2016-06-02-20,Normal,-94.88,35.47
14,18,2016-06-02-20,Normal,-91.78,42.23
21,105,2016-06-02-20,Normal,-89.74,39.1
30,95,2016-06-02-20,Normal,-89.88,41.77
15,32,2016-06-02-20,Normal,-89.8,35.94
19,100,2016-06-02-20,Normal,-94.57,35.37
16,46,2016-06-02-20,Normal,-89.65,36.37
26,17,2016-06-02-20,Normal,-91.55,38.04
32,71,2016-06-02-20,Normal,-89.91,40.86
29,16,2016-06-02-20,Normal,-94.22,35.5
28,58,2016-06-02-20,Normal,-91.59,39.68
31,48,2016-06-02-20,Normal,-91.47,41.74
15,32,2016-06-02-20,Normal,-89.54,36.84
18,49,2016-06-02-20,Normal,-92.07,39.71
19,100,2016-06-02-20,Normal,-93.92,35.53
31,48,2016-06-02-20,Normal,-91.32,41.71
15,32,2016-06-02-20,Normal,-89.56,37.2
18,49,2016-06-02-20,Normal,-92.42,39.76
27,81,2016-06-02-20,Normal,-92.53,38.98
11,27,2016-06-02-20,Normal,-89.52,40.7
17,92,2016-06-02-20,Normal,-92.22,38.96
17,92,2016-06-02-20,Normal,-92.38,38.98
30,95,2016-06-02-20,Normal,-88.96,42.25
29,16,2016-06-02-20,Normal,-93.61,35.51
24,68,2016-06-02-20,Normal,-88.02,42.04
20,79,2016-06-02-20,Normal,-88.02,42.04
16,46,2016-06-02-20,Normal,-89.71,37.47
11,27,2016-06-02-20,Normal,-90.29,40.96
19,100,2016-06-02-20,Normal,-93.36,35.4
26,17,2016-06-02-20,Normal,-92.89,37.51
19,100,2016-06-02-20,Normal,-92.25,34.75
17,92,2016-06-02-20,Normal,-91.1,38.83
29,16,2016-06-02-20,Normal,-92.25,34.75
18,49,2016-06-02-20,Normal,-93.93,39.76
23,66,2016-06-02-20,Normal,-92.09,34.8
32,71,2016-06-02-20,Normal,-91.63,41.72
13,12,2016-06-02-20,Normal,-89.03,41.92
14,18,2016-06-02-20,Normal,-89.52,40.7
31,48,2016-06-02-20,Normal,-89.52,40.7
13,12,2016-06-02-20,Normal,-88.96,42.25
10,39,2016-06-02-20,Normal,-92.74,37.6
16,46,2016-06-02-20,Normal,-90.24,38.0
17,92,2016-06-02-20,Normal,-90.79,38.83
11,27,2016-06-02-20,Normal,-91.78,42.23
28,58,2016-06-02-20,Normal,-93.6,39.77
26,17,2016-06-02-20,Normal,-93.34,37.21
22,24,2016-06-02-20,Normal,-94.31,37.31
22,24,2016-06-02-20,Normal,-94.3,37.66
24,68,2016-06-02-20,Normal,-90.82,41.66
29,16,2016-06-02-20,Normal,-92.53,35.15
19,100,2016-06-02-20,Normal,-92.53,35.15
10,39,2016-06-02-20,Normal,-92.99,37.34
18,49,2016-06-02-20,Normal,-94.24,39.63
32,71,2016-06-02-20,Normal,-91.05,41.72
23,66,2016-06-02-20,Normal,-91.38,34.83
10,39,2016-06-02-20,Normal,-93.14,37.26
12,74,2016-06-02-20,Normal,-90.2,38.65
11,27,2016-06-02-20,Normal,-91.47,41.74
27,81,2016-06-02-20,Normal,-90.55,38.81
17,92,2016-06-02-20,Normal,-90.41,38.75
21,105,2016-06-02-20,Normal,-90.2,38.65
21,105,2016-06-02-20,Normal,-90.2,38.65
16,46,2016-06-02-20,Normal,-89.54,36.84
10,39,2016-06-02-20,Normal,-93.34,37.21
18,49,2016-06-02-20,Normal,-94.36,39.37
23,66,2016-06-02-20,Normal,-90.94,35.03
29,16,2016-06-02-20,Normal,-93.61,35.51
13,12,2016-06-02-20,Normal,-90.64,41.56
16,46,2016-06-02-20,Normal,-89.8,35.94
12,74,2016-06-02-20,Normal,-89.17,40.38
27,81,2016-06-02-20,Normal,-90.41,38.75
26,17,2016-06-02-20,Normal,-94.83,36.84
14,18,2016-06-02-20,Normal,-91.05,41.72
21,105,2016-06-02-20,Normal,-89.74,39.1
22,24,2016-06-02-20,Normal,-94.31,37.31
28,58,2016-06-02-20,Normal,-94.28,39.53
30,95,2016-06-02-20,Normal,-89.88,41.77
20,79,2016-06-02-20,Normal,-90.82,41.66
13,12,2016-06-02-20,Normal,-90.82,41.66
12,74,2016-06-02-20,Normal,-88.07,41.48
30,95,2016-06-02-20,Normal,-91.94,41.71
22,24,2016-06-02-20,Normal,-94.38,38.99
25,21,2016-06-02-20,Normal,-93.36,41.69
20,79,2016-06-02-20,Normal,-92.74,41.75
13,12,2016-06-02-20,Normal,-92.4,41.78
32,71,2016-06-02-20,Normal,-90.7,41.62
10,39,2016-06-02-20,Normal,-95.5,36.37
21,105,2016-06-02-20,Normal,-87.67,41.87
30,95,2016-06-02-20,Normal,-92.19,41.74
13,12,2016-06-02-20,Normal,-93.04,41.71
22,24,2016-06-02-20,Normal,-94.59,39.1
28,58,2016-06-02-20,Normal,-94.28,39.53
21,105,2016-06-02-20,Normal,-88.07,41.48
31,48,2016-06-02-20,Normal,-90.7,41.62
16,46,2016-06-02-20,Normal,-89.65,36.37
27,81,2016-06-02-20,Normal,-91.19,38.83
26,17,2016-06-02-20,Normal,-95.99,36.17
31,48,2016-06-02-20,Normal,-90.44,41.54
28,58,2016-06-02-20,Normal,-94.25,39.73
29,16,2016-06-02-20,Normal,-95.99,36.17
32,71,2016-06-02-20,Normal,-91.32,41.71
26,17,2016-06-02-20,Normal,-95.76,36.18
18,49,2016-06-02-20,Normal,-93.6,39.77
30,95,2016-06-02-20,Normal,-93.04,41.71
31,48,2016-06-02-20,Normal,-90.29,40.96
10,39,2016-06-02-20,Normal,-95.99,36.17
21,105,2016-06-02-20,Normal,-89.17,40.38
25,21,2016-06-02-20,Normal,-92.19,41.74
14,18,2016-06-02-20,Normal,-90.44,41.54
11,27,2016-06-02-20,Normal,-91.32,41.71
29,16,2016-06-02-20,Normal,-96.44,36.23
18,49,2016-06-02-20,Normal,-93.13,39.78
12,74,2016-06-02-20,Normal,-89.74,39.1
24,68,2016-06-02-20,Normal,-92.19,41.74
22,24,2016-06-02-20,Normal,-94.37,38.0
32,71,2016-06-02-20,Normal,-91.78,42.23
16,46,2016-06-02-20,Normal,-90.0,37.72
11,27,2016-06-02-20,Normal,-91.47,41.74
22,24,2016-06-02-20,Normal,-94.3,37.66
26,17,2016-06-02-20,Normal,-95.35,36.47
29,16,2016-06-02-20,Normal,-96.97,36.24
17,92,2016-06-02-20,Normal,-92.22,38.96
24,68,2016-06-02-20,Normal,-91.59,41.7
29,16,2016-06-02-20,Normal,-97.14,36.41
30,95,2016-06-02-20,Normal,-93.58,41.62
18,49,2016-06-02-20,Normal,-92.57,39.77
15,32,2016-06-02-20,Normal,-90.24,38.0
31,48,2016-06-02-20,Normal,-89.91,40.86
11,27,2016-06-02-20,Normal,-91.78,42.23
13,12,2016-06-02-20,Normal,-91.24,41.67
15,32,2016-06-02-20,Normal,-90.0,37.72
21,105,2016-06-02-20,Normal,-91.38,34.83
28,58,2016-06-02-20,Normal,-92.27,39.76
22,24,2016-06-02-20,Normal,-94.31,37.31
11,27,2016-06-02-20,Normal,-90.7,41.62
27,81,2016-06-02-20,Normal,-93.45,38.99
24,68,2016-06-02-20,Normal,-89.6,41.76
30,95,2016-06-02-20,Normal,-91.59,41.7
13,12,2016-06-02-20,Normal,-90.64,41.56
18,49,2016-06-02-20,Normal,-91.36,39.76
24,68,2016-06-02-20,Normal,-89.03,41.92
22,24,2016-06-02-20,Normal,-94.3,37.66
21,105,2016-06-02-20,Normal,-91.93,34.81
23,66,2016-06-02-20,Normal,-90.37,35.21
31,48,2016-06-02-20,Normal,-91.63,41.72
26,17,2016-06-02-20,Normal,-93.14,37.26
10,39,2016-06-02-20,Normal,-93.96,37.08
11,27,2016-06-02-20,Normal,-90.29,40.96
22,24,2016-06-02-20,Normal,-94.35,38.33
26,17,2016-06-02-20,Normal,-92.99,37.34
24,68,2016-06-02-20,Normal,-88.96,42.25
13,12,2016-06-02-20,Normal,-89.88,41.77
22,24,2016-06-02-20,Normal,-94.38,38.67
10,39,2016-06-02-20,Normal,-93.69,37.16
12,74,2016-06-02-20,Normal,-88.42,41.11
30,95,2016-06-02-20,Normal,-90.64,41.56
21,105,2016-06-02-20,Normal,-92.31,34.78
31,48,2016-06-02-20,Normal,-91.63,41.72
25,21,2016-06-02-20,Normal,-88.41,42.11
29,16,2016-06-02-20,Normal,-97.32,37.48
16,46,2016-06-02-20,Normal,-89.8,35.94
12,74,2016-06-02-20,Normal,-89.17,40.38
28,58,2016-06-02-20,Normal,-90.97,39.72
19,100,2016-06-02-20,Normal,-97.36,37.69
11,27,2016-06-02-20,Normal,-89.52,40.7
22,24,2016-06-02-20,Normal,-94.59,39.1
20,79,2016-06-02-20,Normal,-89.29,41.85
27,81,2016-06-02-20,Normal,-94.31,39.04
15,32,2016-06-02-20,Normal,-90.24,35.35
24,68,2016-06-02-20,Normal,-87.66,41.89
27,81,2016-06-02-20,Normal,-94.44,39.1
17,92,2016-06-02-20,Normal,-94.44,39.1
25,21,2016-06-02-20,Normal,-87.66,41.89
23,66,2016-06-02-20,Normal,-90.94,35.03
14,18,2016-06-02-20,Normal,-91.47,41.74
14,18,2016-06-02-20,Normal,-91.32,41.71
18,49,2016-06-02-20,Normal,-90.24,39.72
10,39,2016-06-02-20,Normal,-92.89,37.51
17,92,2016-06-02-20,Normal,-94.31,39.04
11,27,2016-06-02-20,Normal,-88.07,41.48
14,18,2016-06-02-20,Normal,-89.91,40.86
15,32,2016-06-02-20,Normal,-89.65,36.37
27,81,2016-06-02-20,Normal,-93.65,39.0
26,17,2016-06-02-20,Normal,-91.44,38.09
16,46,2016-06-02-20,Normal,-89.65,36.37
12,74,2016-06-02-20,Normal,-88.77,40.76
15,32,2016-06-02-20,Normal,-89.54,36.84
21,105,2016-06-02-20,Normal,-90.04,35.19
19,100,2016-06-02-20,Normal,-96.97,36.24
22,24,2016-06-02-20,Normal,-94.58,37.03
29,16,2016-06-02-20,Normal,-96.44,36.23
14,18,2016-06-02-20,Normal,-89.52,40.7
31,48,2016-06-02-20,Normal,-93.36,41.69
24,68,2016-06-02-20,Normal,-89.6,41.76
28,58,2016-06-02-20,Normal,-89.66,39.78
15,32,2016-06-02-20,Normal,-89.71,37.47
12,74,2016-06-02-20,Normal,-88.07,41.48
31,48,2016-06-02-20,Normal,-93.04,41.71
30,95,2016-06-02-20,Normal,-87.66,41.89
14,18,2016-06-02-20,Normal,-89.91,40.86
21,105,2016-06-02-20,Normal,-90.37,35.21
25,21,2016-06-02-20,Normal,-90.2,41.59
15,32,2016-06-02-20,Normal,-90.0,37.72
24,68,2016-06-02-20,Normal,-90.2,41.59
13,12,2016-06-02-20,Normal,-89.03,41.92
19,100,2016-06-02-20,Normal,-96.21,36.19
11,27,2016-06-02-20,Normal,-88.77,40.76
23,66,2016-06-02-20,Normal,-91.38,34.83
10,39,2016-06-02-20,Normal,-91.3,38.14
19,100,2016-06-02-20,Normal,-95.99,36.17
16,46,2016-06-02-20,Normal,-90.24,38.0
29,16,2016-06-02-20,Normal,-95.76,36.08
18,49,2016-06-02-20,Normal,-90.24,39.72
10,39,2016-06-02-20,Normal,-91.18,38.22
11,27,2016-06-02-20,Normal,-89.17,40.38
19,100,2016-06-02-20,Normal,-95.76,36.08
21,105,2016-06-02-20,Normal,-91.14,34.96
13,12,2016-06-02-20,Normal,-89.6,41.76
16,46,2016-06-02-20,Normal,-90.35,38.43
17,92,2016-06-02-20,Normal,-92.22,38.96
12,74,2016-06-02-20,Normal,-88.42,41.11
24,68,2016-06-02-20,Normal,-91.24,41.67
26,17,2016-06-02-20,Normal,-90.34,38.58
16,46,2016-06-02-20,Normal,-90.15,38.62
14,18,2016-06-02-20,Normal,-91.05,41.72
13,12,2016-06-02-20,Normal,-90.2,41.59
30,95,2016-06-02-20,Normal,-89.03,41.92
22,24,2016-06-02-20,Normal,-91.05,41.72
26,17,2016-06-02-20,Normal,-90.18,38.64
25,21,2016-06-02-20,Normal,-93.36,41.69
19,100,2016-06-02-20,Normal,-93.92,35.53
18,49,2016-06-02-20,Normal,-91.8,39.67
12,74,2016-06-02-20,Normal,-94.46,37.16
31,48,2016-06-02-20,Normal,-89.29,41.85
10,39,2016-06-02-20,Normal,-90.53,38.51
15,32,2016-06-02-20,Normal,-89.65,36.37
27,81,2016-06-02-20,Normal,-90.93,38.82
26,17,2016-06-02-20,Normal,-91.18,38.22
15,32,2016-06-02-20,Normal,-89.8,35.94
20,79,2016-06-02-20,Normal,-92.19,41.74
27,81,2016-06-02-20,Normal,-90.79,38.83
14,18,2016-06-02-20,Normal,-91.05,41.72
29,16,2016-06-02-20,Normal,-93.36,35.4
23,66,2016-06-02-20,Normal,-89.56,37.2
13,12,2016-06-02-20,Normal,-92.74,41.75
18,49,2016-06-02-20,Normal,-92.42,39.76
20,79,2016-06-02-20,Normal,-92.74,41.75
15,32,2016-06-02-20,Normal,-90.24,35.35
20,79,2016-06-02-20,Normal,-92.4,41.78
11,27,2016-06-02-20,Normal,-87.67,41.87
24,68,2016-06-02-20,Normal,-93.36,41.69
16,46,2016-06-02-20,Normal,-89.8,35.94
23,66,2016-06-02-20,Normal,-89.65,36.37
13,12,2016-06-02-20,Normal,-93.36,41.69
28,58,2016-06-02-20,Normal,-92.74,39.76
21,105,2016-06-02-20,Normal,-90.37,35.21
23,66,2016-06-02-20,Normal,-90.07,35.1
32,71,2016-06-02-20,Normal,-90.07,35.1
13,12,2016-06-02-20,Normal,-89.17,40.38
31,48,2016-06-02-20,Normal,-88.41,42.11
15,32,2016-06-02-20,Normal,-89.65,36.37
14,18,2016-06-02-20,Normal,-89.91,40.86
30,95,2016-06-02-20,Normal,-93.58,41.62
29,16,2016-06-02-20,Normal,-92.87,35.25
20,79,2016-06-02-20,Normal,-90.44,41.54
11,27,2016-06-02-20,Normal,-90.2,38.65
32,71,2016-06-02-20,Normal,-90.07,35.68
16,46,2016-06-02-20,Normal,-89.65,36.37
15,32,2016-06-02-20,Normal,-89.56,37.2
14,18,2016-06-02-20,Normal,-90.44,41.54
28,58,2016-06-02-20,Normal,-93.13,39.78
29,16,2016-06-02-20,Normal,-93.36,35.4
20,79,2016-06-02-20,Normal,-91.32,41.71
21,105,2016-06-02-20,Normal,-90.94,35.03
26,17,2016-06-02-20,Normal,-92.74,37.6
25,21,2016-06-02-20,Normal,-90.64,41.56
30,95,2016-06-02-20,Normal,-89.63,39.84
18,49,2016-06-02-20,Normal,-94.25,39.73
17,92,2016-06-02-20,Normal,-91.19,38.83
15,32,2016-06-02-20,Normal,-91.14,34.96
24,68,2016-06-02-20,Normal,-87.66,41.89
22,24,2016-06-02-20,Normal,-91.32,41.71
20,79,2016-06-02-20,Normal,-90.7,41.62
19,100,2016-06-02-20,Normal,-95.56,35.97
18,49,2016-06-02-20,Normal,-94.24,39.63
12,74,2016-06-02-20,Normal,-94.35,38.33
32,71,2016-06-02-20,Normal,-90.24,38.0
24,68,2016-06-02-20,Normal,-87.66,41.89
20,79,2016-06-02-20,Normal,-90.44,41.54
27,81,2016-06-02-20,Normal,-92.85,38.93
31,48,2016-06-02-20,Normal,-92.4,41.78
12,74,2016-06-02-20,Normal,-94.38,38.67
11,27,2016-06-02-20,Normal,-89.17,40.38
28,58,2016-06-02-20,Normal,-94.36,39.37
14,18,2016-06-02-20,Normal,-90.7,41.62
31,48,2016-06-02-20,Normal,-92.74,41.75
12,74,2016-06-02-20,Normal,-94.38,38.99
22,24,2016-06-02-20,Normal,-90.44,41.54
28,58,2016-06-02-20,Normal,-94.28,39.53
21,105,2016-06-02-20,Normal,-90.37,35.21
31,48,2016-06-02-20,Normal,-93.04,41.71
19,100,2016-06-02-20,Normal,-96.21,36.19
16,46,2016-06-02-20,Normal,-94.38,38.67
30,95,2016-06-02-20,Normal,-90.2,38.65
25,21,2016-06-02-20,Normal,-88.64,42.21
24,68,2016-06-02-20,Normal,-88.64,42.21
15,32,2016-06-02-20,Normal,-92.09,34.8
16,46,2016-06-02-20,Normal,-94.38,38.99
10,39,2016-06-02-20,Normal,-95.35,36.47
20,79,2016-06-02-20,Normal,-89.52,40.7
17,92,2016-06-02-20,Normal,-94.0,39.03
14,18,2016-06-02-20,Normal,-89.91,40.86
29,16,2016-06-02-20,Normal,-96.97,36.24
27,81,2016-06-02-20,Normal,-93.65,39.0
32,71,2016-06-02-20,Normal,-89.65,36.37
17,92,2016-06-02-20,Normal,-94.16,39.04
16,46,2016-06-02-20,Normal,-94.59,39.1
21,105,2016-06-02-20,Normal,-90.37,35.21
28,58,2016-06-02-20,Normal,-93.93,39.76
13,12,2016-06-02-20,Normal,-87.67,41.87
27,81,2016-06-02-20,Normal,-93.85,39.01
24,68,2016-06-02-20,Normal,-89.29,41.85
17,92,2016-06-02-20,Normal,-94.31,39.04
30,95,2016-06-02-20,Normal,-89.17,40.38
23,66,2016-06-02-20,Normal,-89.8,35.94
22,24,2016-06-02-20,Normal,-89.91,40.86
20,79,2016-06-02-20,Normal,-90.44,41.54
30,95,2016-06-02-20,Normal,-88.77,40.76
32,71,2016-06-02-20,Normal,-90.07,35.68
22,24,2016-06-02-20,Normal,-91.32,41.71
21,105,2016-06-02-20,Normal,-92.09,34.8
17,92,2016-06-02-20,Normal,-93.85,39.01
19,100,2016-06-02-20,Normal,-97.32,37.27
28,58,2016-06-02-20,Normal,-92.42,39.76
30,95,2016-06-02-20,Normal,-88.42,41.11
10,39,2016-06-02-20,Normal,-95.14,36.66
23,66,2016-06-02-20,Normal,-90.07,35.68
16,46,2016-06-02-20,Normal,-94.46,37.16
21,105,2016-06-02-20,Normal,-92.31,34.78
14,18,2016-06-02-20,Normal,-91.47,41.74
27,81,2016-06-02-20,Normal,-94.0,39.03
20,79,2016-06-02-20,Normal,-91.78,42.23
26,17,2016-06-02-20,Normal,-94.23,37.09
11,27,2016-06-02-20,Normal,-88.42,41.11
12,74,2016-06-02-20,Normal,-94.31,37.31
14,18,2016-06-02-20,Normal,-91.63,41.72
10,39,2016-06-02-20,Normal,-94.83,36.84
28,58,2016-06-02-20,Normal,-92.07,39.71
23,66,2016-06-02-20,Normal,-89.65,36.37
26,17,2016-06-02-20,Normal,-93.96,37.08
14,18,2016-06-02-20,Normal,-91.78,42.23
21,105,2016-06-02-20,Normal,-91.93,34.81
31,48,2016-06-02-20,Normal,-90.64,41.56
27,81,2016-06-02-20,Normal,-93.65,39.0
26,17,2016-06-02-20,Normal,-93.69,37.16
15,32,2016-06-02-20,Normal,-90.37,35.21
24,68,2016-06-02-20,Normal,-92.4,41.78
22,24,2016-06-02-20,Normal,-91.63,41.72
27,81,2016-06-02-20,Normal,-93.45,38.99
14,18,2016-06-02-20,Normal,-91.63,41.72
20,79,2016-06-02-20,Normal,-91.05,41.72
17,92,2016-06-02-20,Normal,-92.63,38.95
21,105,2016-06-02-20,Normal,-91.74,34.89
14,18,2016-06-02-20,Normal,-91.47,41.74
23,66,2016-06-02-20,Normal,-89.56,37.2
12,74,2016-06-02-20,Normal,-94.38,38.99
27,81,2016-06-02-20,Normal,-93.01,38.97
13,12,2016-06-02-20,Normal,-89.17,40.38
24,68,2016-06-02-20,Normal,-93.36,41.69
21,105,2016-06-02-20,Normal,-91.38,34.83
11,27,2016-06-02-20,Normal,-89.74,39.1
30,95,2016-06-02-20,Normal,-89.74,39.1
31,48,2016-06-02-20,Normal,-89.6,41.76
22,24,2016-06-02-20,Normal,-91.32,41.71
11,27,2016-06-02-20,Normal,-90.2,38.65
16,46,2016-06-02-20,Normal,-94.35,38.33
18,49,2016-06-02-20,Normal,-90.52,39.71
10,39,2016-06-02-20,Normal,-93.34,37.21
19,100,2016-06-02-20,Normal,-97.37,36.79
